date,generation_mwh,capacity_mw,capacity_factor,fc_temp_c,fc_humidity_pct,fc_wind_ms,fc_cloud_pct,fc_radiation_mj_m2,generation_missing,used_as_sample,split
2019-01-01,168.21,176.769,0.03965,1.3,80,5.75,78,5.22,0,0,train
2019-01-02,208.31,176.769,0.0491,1.0,75,5.08,55,8.7,0,0,train
2019-01-03,735.16,176.769,0.17329,0.7,80,2.6,22,12.12,0,0,train
2019-01-04,145.74,176.769,0.03435,1.7,82,1.8,48,6.25,0,0,train
2019-01-05,456.84,176.769,0.10768,3.3,81,3.24,40,8.09,0,0,train
2019-01-06,719.03,176.769,0.16948,1.8,78,3.81,37,11.84,0,0,train
2019-01-07,668.74,176.769,0.15763,0.9,87,2.16,27,11.25,0,0,train
2019-01-08,421.02,176.769,0.09924,2.9,81,4.67,58,7.39,0,0,train
2019-01-09,428.45,176.769,0.10099,1.1,64,3.72,64,8.31,0,0,train
2019-01-10,387.54,176.769,0.09135,2.9,77,3.53,43,8.28,0,0,train
2019-01-11,164.36,176.769,0.03874,3.8,79,1.9,54,8.25,0,0,train
2019-01-12,523.04,176.769,0.12329,5.4,88,3.4,62,8.4,0,0,train
2019-01-13,516.24,176.769,0.12168,3.4,86,3.35,40,7.37,0,0,train
2019-01-14,667.81,176.769,0.15741,1.0,82,2.04,49,12.38,0,0,train
2019-01-15,552.76,176.769,0.13029,3.1,75,5.17,48,11.76,0,1,train
2019-01-16,347.81,176.769,0.08198,-0.6,77,5.76,70,9.31,0,1,train
2019-01-17,289.15,176.769,0.06816,1.3,71,5.05,41,10.12,0,1,train
2019-01-18,804.2,176.769,0.18956,1.5,79,2.21,21,12.63,0,1,train
2019-01-19,88.88,176.769,0.02095,5.5,73,3.01,22,10.62,0,1,train
2019-01-20,521.38,176.769,0.1229,3.9,79,6.93,53,9.53,0,1,train
2019-01-21,710.55,176.769,0.16749,1.9,74,5.37,50,13.01,0,1,train
2019-01-22,634.01,176.769,0.14944,3.2,74,3.81,26,12.86,0,1,train
2019-01-23,780.84,176.769,0.18405,4.1,73,4.49,0,14.04,0,1,train
2019-01-24,882.62,176.769,0.20804,1.6,77,2.76,0,14.25,0,1,train
2019-01-25,534.77,176.769,0.12605,0.4,81,4.41,49,9.91,0,1,train
2019-01-26,682.22,176.769,0.16081,-0.2,71,6.98,51,9.72,0,1,train
2019-01-27,891.09,176.769,0.21004,0.5,79,2.74,9,14.52,0,1,train
2019-01-28,372.59,176.769,0.08782,3.6,74,5.46,41,10.32,0,1,train
2019-01-29,711.73,176.769,0.16776,1.5,76,2.23,11,14.71,0,1,train
2019-01-30,198.8,176.769,0.04686,4.2,77,1.95,48,10.89,0,1,train
2019-01-31,74.25,176.769,0.0175,1.6,82,5.25,63,3.27,0,1,train
2019-02-01,526.53,182.222,0.1204,0.6,70,6.14,32,14.03,0,1,train
2019-02-02,560.55,182.222,0.12817,4.6,70,2.61,10,15.28,0,1,train
2019-02-03,158.1,182.222,0.03615,11.5,86,7.77,53,8.99,0,1,train
2019-02-04,954.13,182.222,0.21817,3.1,67,4.38,21,15.77,0,1,train
2019-02-05,832.8,182.222,0.19043,5.0,58,2.83,41,15.4,0,1,train
2019-02-06,521.89,182.222,0.11933,8.7,74,2.58,37,13.69,0,1,train
2019-02-07,132.89,182.222,0.03039,3.5,84,4.38,65,3.4,0,1,train
2019-02-08,718.54,182.222,0.1643,-0.7,66,3.63,67,13.59,0,1,train
2019-02-09,334.76,182.222,0.07655,-0.6,74,5.68,80,10.11,0,1,train
2019-02-10,313.16,182.222,0.07161,-0.6,70,3.29,45,11.31,0,1,train
2019-02-11,316.69,182.222,0.07241,-0.2,73,5.48,59,13.49,0,1,train
2019-02-12,885.01,182.222,0.20237,0.1,69,2.22,31,16.46,0,1,train
2019-02-13,957.99,182.222,0.21905,1.7,66,3.21,34,16.96,0,1,train
2019-02-14,446.29,182.222,0.10205,1.6,63,2.06,45,13.1,0,1,train
2019-02-15,115.61,182.222,0.02644,2.5,79,3.25,59,6.53,0,1,train
2019-02-16,377.36,182.222,0.08629,1.0,77,6.32,77,11.15,0,1,train
2019-02-17,767.9,182.222,0.17559,0.7,74,4.44,56,16.34,0,1,train
2019-02-18,193.17,182.222,0.04417,3.4,74,1.76,81,6.14,0,1,train
2019-02-19,329.53,182.222,0.07535,8.0,94,4.39,87,4.72,0,1,train
2019-02-20,608.53,182.222,0.13915,3.6,82,3.64,43,12.82,0,1,train
2019-02-21,792.67,182.222,0.18125,3.5,70,2.61,63,16.68,0,1,train
2019-02-22,212.51,182.222,0.04859,4.8,85,2.51,77,3.94,0,1,train
2019-02-23,824.35,182.222,0.18849,5.7,73,2.93,55,17.08,0,1,train
2019-02-24,967.29,182.222,0.22118,6.8,66,2.81,28,18.45,0,1,train
2019-02-25,972.57,182.222,0.22239,4.7,76,3.1,47,18.11,0,1,train
2019-02-26,1024.03,182.222,0.23415,4.5,65,2.34,33,18.74,0,1,train
2019-02-27,93.06,182.222,0.02128,7.5,81,2.53,77,8.04,0,1,train
2019-02-28,570.6,182.222,0.13047,6.6,72,2.81,30,17.54,0,1,train
2019-03-01,907.08,195.303,0.19352,4.5,76,3.01,58,18.09,0,1,train
2019-03-02,164.51,195.303,0.0351,7.4,72,3.09,75,8.58,0,1,train
2019-03-03,168.28,195.303,0.0359,8.5,85,2.96,78,5.27,0,1,train
2019-03-04,705.67,195.303,0.15055,6.5,84,3.64,45,12.9,0,1,train
2019-03-05,504.71,195.303,0.10768,6.3,61,1.81,66,12.76,0,1,train
2019-03-06,493.04,195.303,0.10519,7.1,78,3.17,55,10.81,0,1,train
2019-03-07,1022.85,195.303,0.21822,5.0,83,5.34,44,17.97,0,1,train
2019-03-08,1114.46,195.303,0.23776,3.9,69,2.01,19,20.64,0,1,train
2019-03-09,382.02,195.303,0.0815,8.1,74,4.06,83,8.96,0,1,train
2019-03-10,127.77,195.303,0.02726,8.9,95,5.97,80,2.85,0,1,train
2019-03-11,779.32,195.303,0.16626,6.6,76,4.65,44,17.76,0,1,train
2019-03-12,1005.28,195.303,0.21447,7.6,65,6.26,30,20.97,0,1,train
2019-03-13,1190.47,195.303,0.25398,4.0,54,6.32,7,21.45,0,1,train
2019-03-14,654.61,195.303,0.13966,5.6,56,2.62,49,17.69,0,1,train
2019-03-15,878.86,195.303,0.1875,7.0,55,5.75,9,20.75,0,1,train
2019-03-16,1084.48,195.303,0.23137,6.7,54,5.07,10,21.54,0,1,train
2019-03-17,1168.5,195.303,0.24929,7.8,59,3.77,22,22.11,0,1,train
2019-03-18,346.72,195.303,0.07397,7.4,61,1.83,79,12.24,0,1,train
2019-03-19,1101.84,195.303,0.23507,8.8,58,2.57,14,22.08,0,1,train
2019-03-20,290.53,195.303,0.06198,13.4,61,7.97,66,13.67,0,1,train
2019-03-21,551.94,195.303,0.11775,9.5,87,6.75,69,15.56,0,1,train
2019-03-22,1153.95,195.303,0.24619,3.6,70,5.46,44,20.08,0,1,train
2019-03-23,1013.19,195.303,0.21616,4.3,62,6.02,36,21.92,0,1,train
2019-03-24,1224.51,195.303,0.26124,3.4,59,3.35,24,23.17,0,1,train
2019-03-25,347.36,195.303,0.07411,5.8,48,1.99,65,11.46,0,1,train
2019-03-26,1089.55,195.303,0.23245,11.2,49,4.57,8,23.17,0,1,train
2019-03-27,1133.63,195.303,0.24185,15.1,35,7.24,32,23.3,0,1,train
2019-03-28,818.33,195.303,0.17459,13.0,63,2.26,69,19.43,0,1,train
2019-03-29,988.13,195.303,0.21081,11.0,64,2.06,43,22.84,0,1,train
2019-03-30,907.92,195.303,0.1937,8.7,61,5.23,40,21.21,0,1,train
2019-03-31,1121.41,195.303,0.23925,4.1,53,7.72,37,23.09,0,1,train
2019-04-01,1214.27,201.483,0.25111,5.3,57,5.2,5,24.23,0,1,train
2019-04-02,1160.18,201.483,0.23993,6.3,66,3.33,41,23.94,0,1,train
2019-04-03,1287.14,201.483,0.26618,5.2,61,3.14,28,24.99,0,1,train
2019-04-04,1115.15,201.483,0.23061,6.8,58,2.12,51,23.03,0,1,train
2019-04-05,1110.03,201.483,0.22955,11.5,58,4.12,30,23.74,0,1,train
2019-04-06,1092.75,201.483,0.22598,12.7,58,2.2,16,24.68,0,1,train
2019-04-07,863.76,201.483,0.17863,15.8,66,3.85,28,19.81,0,1,train
2019-04-08,1139.55,201.483,0.23566,11.7,62,1.59,29,23.17,0,1,train
2019-04-09,458.34,201.483,0.09478,12.7,79,7.52,76,8.73,0,1,train
2019-04-10,257.02,201.483,0.05315,9.1,95,5.0,84,9.93,0,1,train
2019-04-11,400.08,201.483,0.08274,7.8,89,2.31,82,8.28,0,1,train
2019-04-12,1286.73,201.483,0.2661,8.7,68,2.66,27,25.82,0,1,train
2019-04-13,988.94,201.483,0.20451,9.5,58,1.97,40,17.47,0,1,train
2019-04-14,519.43,201.483,0.10742,10.0,82,3.19,69,10.71,0,1,train
2019-04-15,1318.5,201.483,0.27267,9.0,57,2.41,27,26.46,0,1,train
2019-04-16,912.25,201.483,0.18865,12.9,52,3.13,81,18.97,0,1,train
2019-04-17,654.38,201.483,0.13533,12.8,80,2.21,42,16.47,0,1,train
2019-04-18,1239.84,201.483,0.2564,13.9,60,1.6,27,25.91,0,1,train
2019-04-19,975.18,201.483,0.20167,14.5,71,2.35,25,22.74,0,1,train
2019-04-20,1187.05,201.483,0.24548,15.6,77,2.47,16,22.53,0,1,train
2019-04-21,1037.9,201.483,0.21464,15.7,69,1.86,58,18.93,0,1,train
2019-04-22,1055.83,201.483,0.21835,17.3,68,2.94,58,19.69,0,1,train
2019-04-23,312.51,201.483,0.06463,17.0,84,7.27,73,7.38,0,1,train
2019-04-24,517.47,201.483,0.10701,18.4,85,3.73,56,17.44,0,1,train
2019-04-25,550.91,201.483,0.11393,14.1,94,2.26,75,14.15,0,1,train
2019-04-26,572.26,201.483,0.11834,9.7,87,6.06,69,17.71,0,1,train
2019-04-27,871.61,201.483,0.18025,10.4,76,3.96,65,24.61,0,1,train
2019-04-28,405.0,201.483,0.08375,11.6,73,3.42,75,11.24,0,1,train
2019-04-29,250.93,201.483,0.05189,14.4,95,2.89,87,4.99,0,1,train
2019-04-30,388.79,201.483,0.0804,13.2,94,1.9,86,11.55,0,1,train
2019-05-01,860.71,205.629,0.17441,12.4,84,3.4,69,20.88,0,1,train
2019-05-02,1341.6,205.629,0.27185,13.1,53,4.07,5,28.03,0,1,train
2019-05-03,1313.11,205.629,0.26608,16.5,40,2.84,0,27.94,0,1,train
2019-05-04,1054.11,205.629,0.21359,16.2,41,1.75,63,22.51,0,1,train
2019-05-05,1223.59,205.629,0.24794,18.0,39,2.47,56,25.93,0,1,train
2019-05-06,1318.37,205.629,0.26714,11.5,62,3.9,56,27.21,0,1,train
2019-05-07,1343.79,205.629,0.27229,10.6,68,2.55,36,25.96,0,1,train
2019-05-08,997.88,205.629,0.2022,12.1,55,1.93,72,21.0,0,1,train
2019-05-09,1268.87,205.629,0.25711,13.2,52,1.84,52,25.26,0,1,train
2019-05-10,1235.41,205.629,0.25033,14.3,55,1.66,42,26.46,0,1,train
2019-05-11,1258.46,205.629,0.255,14.9,52,1.68,38,27.17,0,1,train
2019-05-12,1173.53,205.629,0.23779,17.4,52,1.96,52,26.5,0,1,train
2019-05-13,486.89,205.629,0.09866,18.6,67,1.68,73,18.68,0,1,train
2019-05-14,955.84,205.629,0.19368,18.8,81,2.36,67,18.52,0,1,train
2019-05-15,1191.93,205.629,0.24152,19.0,64,2.46,72,24.41,0,1,train
2019-05-16,1052.35,205.629,0.21324,19.2,70,4.48,64,21.83,0,1,train
2019-05-17,527.69,205.629,0.10693,17.9,83,7.53,81,9.02,0,1,train
2019-05-18,385.36,205.629,0.07809,20.0,90,10.22,50,17.46,0,1,train
2019-05-19,411.98,205.629,0.08348,20.2,88,7.56,65,18.57,0,1,train
2019-05-20,704.19,205.629,0.14269,15.0,82,4.7,58,20.45,0,1,train
2019-05-21,1382.18,205.629,0.28007,15.2,55,4.4,30,29.12,0,1,train
2019-05-22,1252.47,205.629,0.25379,19.3,37,4.89,16,28.65,0,1,train
2019-05-23,1255.93,205.629,0.25449,22.0,40,5.73,1,28.68,0,1,train
2019-05-24,1217.13,205.629,0.24663,24.2,30,6.0,18,28.41,0,1,train
2019-05-25,1152.33,205.629,0.2335,23.3,33,2.48,84,23.8,0,1,train
2019-05-26,445.6,205.629,0.09029,19.7,57,4.55,93,14.75,0,1,train
2019-05-27,131.0,205.629,0.02654,19.7,87,7.9,79,12.98,0,1,train
2019-05-28,1363.35,205.629,0.27626,14.6,74,4.05,74,21.28,0,1,train
2019-05-29,1295.43,205.629,0.26249,19.7,36,3.49,31,28.88,0,1,train
2019-05-30,947.04,205.629,0.1919,20.2,40,2.0,67,19.19,0,1,train
2019-05-31,408.94,205.629,0.08286,15.9,71,2.45,64,15.05,0,1,train
2019-06-01,1117.5,209.912,0.22182,16.9,68,1.89,80,20.76,0,1,train
2019-06-02,919.28,209.912,0.18247,17.6,61,1.39,71,19.39,0,1,train
2019-06-03,1242.33,209.912,0.2466,18.7,54,1.52,59,27.31,0,1,train
2019-06-04,665.63,209.912,0.13212,19.7,84,1.68,33,19.54,0,1,train
2019-06-05,1259.15,209.912,0.24994,20.3,76,1.36,26,27.76,0,1,train
2019-06-06,645.24,209.912,0.12808,21.3,78,3.86,73,20.16,0,1,train
2019-06-07,513.68,209.912,0.10196,18.5,93,7.52,89,9.52,0,1,train
2019-06-08,335.77,209.912,0.06665,18.2,90,3.24,78,11.59,0,1,train
2019-06-09,998.16,209.912,0.19813,18.6,75,2.51,45,24.63,0,1,train
2019-06-10,846.87,209.912,0.1681,17.7,80,2.63,41,19.49,0,1,train
2019-06-11,848.05,209.912,0.16833,17.1,84,2.35,39,18.21,0,1,train
2019-06-12,1055.41,209.912,0.20949,16.9,83,1.89,56,25.72,0,1,train
2019-06-13,958.32,209.912,0.19022,17.8,77,2.74,56,26.51,0,1,train
2019-06-14,254.42,209.912,0.0505,17.6,94,3.95,81,7.66,0,1,train
2019-06-15,1165.35,209.912,0.23132,17.4,90,4.43,58,21.99,0,1,train
2019-06-16,1078.0,209.912,0.21398,17.4,84,3.93,56,24.88,0,1,train
2019-06-17,1102.69,209.912,0.21888,19.1,73,1.71,59,22.43,0,1,train
2019-06-18,423.75,209.912,0.08411,19.1,84,1.31,82,7.78,0,1,train
2019-06-19,898.73,209.912,0.17839,19.9,80,2.24,48,21.84,0,1,train
2019-06-20,978.23,209.912,0.19417,20.0,79,1.28,69,20.66,0,1,train
2019-06-21,1067.17,209.912,0.21183,20.1,80,1.5,38,23.55,0,1,train
2019-06-22,708.28,209.912,0.14059,19.8,84,1.48,66,15.12,0,1,train
2019-06-23,783.1,209.912,0.15544,19.1,83,2.46,31,19.06,0,1,train
2019-06-24,1195.4,209.912,0.23728,19.4,80,2.0,28,26.14,0,1,train
2019-06-25,1170.48,209.912,0.23234,20.5,70,4.54,69,23.12,0,1,train
2019-06-26,189.9,209.912,0.03769,21.6,91,3.91,93,4.67,0,1,train
2019-06-27,693.78,209.912,0.13771,22.5,89,2.3,63,18.4,0,1,train
2019-06-28,948.8,209.912,0.18833,21.6,83,1.08,49,20.28,0,1,train
2019-06-29,127.8,209.912,0.02537,23.6,88,5.15,74,5.65,0,1,train
2019-06-30,509.38,209.912,0.10111,21.8,87,2.22,63,13.18,0,1,train
2019-07-01,461.14,219.952,0.08736,21.3,82,1.41,67,14.08,0,1,train
2019-07-02,478.39,219.952,0.09062,20.8,86,1.51,80,13.05,0,1,train
2019-07-03,563.18,219.952,0.10669,19.9,80,2.03,90,10.24,0,1,train
2019-07-04,1220.9,219.952,0.23128,21.2,80,1.63,70,26.18,0,1,train
2019-07-05,867.12,219.952,0.16426,22.0,63,1.94,63,20.23,0,1,train
2019-07-06,870.89,219.952,0.16498,21.4,77,3.83,17,27.41,0,1,train
2019-07-07,522.0,219.952,0.09889,21.1,85,5.72,50,23.13,0,1,train
2019-07-08,369.28,219.952,0.06995,19.2,94,4.71,66,8.26,0,1,train
2019-07-09,292.5,219.952,0.05541,19.5,95,3.89,80,5.91,0,1,train
2019-07-10,142.85,219.952,0.02706,20.7,97,5.38,85,3.59,0,1,train
2019-07-11,1001.18,219.952,0.18966,21.2,90,5.01,58,18.58,0,1,train
2019-07-12,834.77,219.952,0.15813,21.4,83,2.39,73,21.27,0,1,train
2019-07-13,282.31,219.952,0.05348,19.1,94,2.32,85,4.48,0,1,train
2019-07-14,1112.71,219.952,0.21079,20.9,90,2.01,70,13.59,0,1,train
2019-07-15,943.7,219.952,0.17877,21.7,78,1.43,42,20.15,0,1,train
2019-07-16,1051.06,219.952,0.19911,23.0,73,2.58,34,25.28,0,1,train
2019-07-17,451.76,219.952,0.08558,23.0,84,3.55,84,11.91,0,1,train
2019-07-18,218.11,219.952,0.04132,24.2,92,4.77,97,4.64,0,1,train
2019-07-19,141.99,219.952,0.0269,25.0,92,7.44,90,3.15,0,1,train
2019-07-20,135.39,219.952,0.02565,24.9,88,9.86,76,9.02,0,1,train
2019-07-21,1046.74,219.952,0.19829,25.5,79,4.24,64,16.77,0,1,train
2019-07-22,749.22,219.952,0.14193,26.0,84,2.14,67,10.64,0,1,train
2019-07-23,947.15,219.952,0.17942,25.9,79,2.78,73,18.53,0,1,train
2019-07-24,492.35,219.952,0.09327,26.5,76,4.26,72,15.36,0,1,train
2019-07-25,580.26,219.952,0.10992,27.1,81,1.87,48,15.5,0,1,train
2019-07-26,682.73,219.952,0.12933,27.4,78,3.0,63,16.63,0,1,train
2019-07-27,342.15,219.952,0.06482,25.9,88,1.71,75,5.03,0,1,train
2019-07-28,979.13,219.952,0.18548,26.4,77,3.92,65,13.55,0,1,train
2019-07-29,1055.33,219.952,0.19992,26.6,76,1.79,69,23.11,0,1,train
2019-07-30,848.99,219.952,0.16083,26.9,81,3.39,58,20.58,0,1,train
2019-07-31,1177.6,219.952,0.22308,27.0,78,1.55,28,21.83,0,1,train
2019-08-01,1179.08,226.694,0.21672,25.8,83,1.21,29,19.51,0,1,train
2019-08-02,1211.57,226.694,0.22269,26.2,77,1.73,29,22.91,0,1,train
2019-08-03,693.92,226.694,0.12754,25.7,76,2.64,73,11.99,0,1,train
2019-08-04,1034.25,226.694,0.1901,26.5,71,3.37,25,26.28,0,1,train
2019-08-05,1083.85,226.694,0.19921,25.6,78,2.38,45,21.79,0,1,train
2019-08-06,1160.97,226.694,0.21339,25.9,82,2.39,36,21.2,0,1,train
2019-08-07,1176.6,226.694,0.21626,26.9,74,2.21,20,21.18,0,1,train
2019-08-08,1093.19,226.694,0.20093,27.3,80,4.43,26,22.56,0,1,train
2019-08-09,844.85,226.694,0.15528,26.4,84,5.6,81,18.22,0,1,train
2019-08-10,626.51,226.694,0.11515,26.1,85,8.12,89,12.69,0,1,train
2019-08-11,147.72,226.694,0.02715,26.4,90,9.55,88,5.12,0,1,train
2019-08-12,461.63,226.694,0.08485,27.9,83,5.91,45,17.41,0,1,train
2019-08-13,1070.89,226.694,0.19683,26.9,79,2.41,25,18.12,0,1,train
2019-08-14,1129.77,226.694,0.20765,25.4,94,2.5,70,9.78,0,1,train
2019-08-15,744.58,226.694,0.13685,25.0,95,5.13,74,10.44,0,1,train
2019-08-16,1063.1,226.694,0.1954,24.5,83,4.96,35,17.66,0,1,train
2019-08-17,1202.34,226.694,0.22099,25.4,62,2.31,1,26.55,0,1,train
2019-08-18,712.86,226.694,0.13102,23.7,80,1.76,41,15.43,0,1,train
2019-08-19,945.4,226.694,0.17377,23.1,80,1.53,77,18.86,0,1,train
2019-08-20,705.88,226.694,0.12974,24.0,92,2.98,69,12.54,0,1,train
2019-08-21,623.68,226.694,0.11463,26.2,85,2.54,51,12.54,0,1,train
2019-08-22,821.11,226.694,0.15092,26.1,81,4.14,49,12.67,0,1,train
2019-08-23,865.92,226.694,0.15916,23.6,79,2.39,52,10.67,0,1,train
2019-08-24,695.41,226.694,0.12782,22.8,73,1.6,61,8.88,0,1,train
2019-08-25,473.54,226.694,0.08704,21.6,75,1.38,74,6.29,0,1,train
2019-08-26,290.51,226.694,0.0534,23.6,87,3.62,68,7.82,0,1,train
2019-08-27,125.63,226.694,0.02309,26.3,87,4.8,68,5.84,0,1,train
2019-08-28,215.76,226.694,0.03966,23.0,94,2.8,73,4.47,0,1,train
2019-08-29,181.88,226.694,0.03343,21.0,84,1.82,76,6.3,0,1,train
2019-08-30,1256.48,226.694,0.23094,22.1,77,3.17,24,23.8,0,1,train
2019-08-31,1189.54,226.694,0.21864,20.7,72,1.59,50,18.75,0,1,train
2019-09-01,257.72,233.03,0.04608,20.4,84,2.32,78,5.02,0,1,train
2019-09-02,445.34,233.03,0.07963,23.2,90,2.59,78,5.89,0,1,train
2019-09-03,335.75,233.03,0.06003,24.1,87,2.42,85,6.29,0,1,train
2019-09-04,171.61,233.03,0.03068,24.5,88,3.59,77,5.82,0,1,train
2019-09-05,573.33,233.03,0.10251,24.8,85,3.47,71,10.74,0,1,train
2019-09-06,217.1,233.03,0.03882,24.6,92,7.45,90,5.31,0,1,train
2019-09-07,569.72,233.03,0.10187,25.7,84,9.01,46,19.12,0,1,train
2019-09-08,287.08,233.03,0.05133,22.6,89,2.27,74,5.85,0,1,train
2019-09-09,376.95,233.03,0.0674,24.5,92,4.91,79,6.23,0,1,train
2019-09-10,934.67,233.03,0.16712,24.4,76,2.18,55,12.04,0,1,train
2019-09-11,775.16,233.03,0.1386,23.5,90,1.39,43,12.31,0,1,train
2019-09-12,486.98,233.03,0.08707,22.3,93,4.39,63,8.64,0,1,train
2019-09-13,859.56,233.03,0.15369,21.6,84,3.95,27,19.7,0,1,train
2019-09-14,1300.12,233.03,0.23247,21.2,81,2.33,17,21.0,0,1,train
2019-09-15,1039.52,233.03,0.18587,21.2,92,1.6,43,11.84,0,1,train
2019-09-16,1088.13,233.03,0.19456,21.3,93,2.25,57,13.82,0,1,train
2019-09-17,1061.78,233.03,0.18985,20.2,84,3.28,24,18.6,0,1,train
2019-09-18,1255.44,233.03,0.22448,18.8,83,2.43,22,19.14,0,1,train
2019-09-19,1236.33,233.03,0.22106,18.4,77,3.56,25,20.38,0,1,train
2019-09-20,932.36,233.03,0.16671,19.1,77,4.84,53,16.02,0,1,train
2019-09-21,71.16,233.03,0.01272,18.7,96,6.42,93,1.93,0,1,train
2019-09-22,124.19,233.03,0.02221,19.9,97,8.85,90,1.62,0,1,train
2019-09-23,827.44,233.03,0.14795,17.6,82,3.66,44,15.02,0,1,train
2019-09-24,1234.13,233.03,0.22067,16.2,75,2.65,19,21.1,0,1,train
2019-09-25,1041.17,233.03,0.18617,17.4,80,2.55,61,17.74,0,1,train
2019-09-26,807.66,233.03,0.14441,20.2,88,3.62,56,12.54,0,1,train
2019-09-27,336.79,233.03,0.06022,22.9,89,2.3,46,11.33,0,1,train
2019-09-28,620.3,233.03,0.11091,23.2,88,1.93,70,7.01,0,1,train
2019-09-29,620.74,233.03,0.11099,21.4,94,1.56,51,8.73,0,1,train
2019-09-30,579.05,233.03,0.10354,21.4,90,0.77,61,10.23,0,1,train
2019-10-01,134.61,242.817,0.0231,21.7,93,4.44,90,4.35,0,1,train
2019-10-02,187.42,242.817,0.03216,23.3,91,9.75,85,5.14,0,1,train
2019-10-03,709.68,242.817,0.12178,20.7,95,6.5,61,8.44,0,1,train
2019-10-04,913.23,242.817,0.15671,19.9,83,2.45,24,15.86,0,1,train
2019-10-05,646.18,242.817,0.11088,17.4,89,3.38,55,6.78,0,1,train
2019-10-06,646.31,242.817,0.1109,16.6,91,3.53,46,7.68,0,1,train
2019-10-07,252.69,242.817,0.04336,18.8,86,4.9,60,6.96,0,1,train
2019-10-08,896.75,242.817,0.15388,16.4,79,4.02,42,13.2,0,1,train
2019-10-09,1370.21,242.817,0.23512,13.4,63,2.37,9,20.38,0,1,train
2019-10-10,1268.87,242.817,0.21773,15.2,59,1.98,14,18.01,0,1,train
2019-10-11,1259.33,242.817,0.2161,16.9,77,1.69,21,14.72,0,1,train
2019-10-12,1218.11,242.817,0.20902,17.1,84,3.06,25,15.95,0,1,train
2019-10-13,1015.54,242.817,0.17426,16.1,78,4.03,12,17.57,0,1,train
2019-10-14,1039.83,242.817,0.17843,15.2,81,3.23,28,16.6,0,1,train
2019-10-15,782.43,242.817,0.13426,13.7,81,3.06,44,9.81,0,1,train
2019-10-16,1231.41,242.817,0.21131,14.2,72,2.94,34,17.76,0,1,train
2019-10-17,854.87,242.817,0.14669,14.4,84,2.74,59,9.49,0,1,train
2019-10-18,202.16,242.817,0.03469,16.4,97,3.37,85,2.18,0,1,train
2019-10-19,1153.79,242.817,0.19799,15.7,91,2.83,60,8.88,0,1,train
2019-10-20,850.03,242.817,0.14586,14.7,86,2.24,25,14.05,0,1,train
2019-10-21,1110.21,242.817,0.19051,15.2,82,3.05,31,16.95,0,1,train
2019-10-22,848.04,242.817,0.14552,15.4,88,2.49,57,9.95,0,1,train
2019-10-23,434.18,242.817,0.0745,16.9,87,3.9,82,8.62,0,1,train
2019-10-24,591.23,242.817,0.10145,16.4,91,3.18,62,8.7,0,1,train
2019-10-25,1058.05,242.817,0.18156,16.0,86,2.75,47,14.25,0,1,train
2019-10-26,924.13,242.817,0.15858,13.0,79,5.01,56,15.23,0,1,train
2019-10-27,1105.49,242.817,0.1897,11.4,74,3.38,40,16.28,0,1,train
2019-10-28,920.13,242.817,0.15789,11.3,74,1.92,50,15.0,0,1,train
2019-10-29,966.63,242.817,0.16587,13.7,74,3.99,21,12.74,0,1,train
2019-10-30,1212.23,242.817,0.20802,11.7,77,2.82,18,16.16,0,1,train
2019-10-31,1254.13,242.817,0.2152,11.7,75,2.61,3,16.46,0,1,train
2019-11-01,1142.13,249.778,0.19052,13.6,85,2.45,21,16.19,0,1,train
2019-11-02,804.66,249.778,0.13423,15.2,75,2.24,55,11.74,0,1,train
2019-11-03,370.62,249.778,0.06182,14.3,87,1.83,54,8.21,0,1,train
2019-11-04,642.72,249.778,0.10722,13.0,83,2.36,23,10.46,0,1,train
2019-11-05,909.6,249.778,0.15173,13.1,82,2.46,29,10.98,0,1,train
2019-11-06,1167.87,249.778,0.19482,10.9,78,1.94,23,15.49,0,1,train
2019-11-07,758.72,249.778,0.12657,12.0,77,3.72,67,9.44,0,1,train
2019-11-08,1161.13,249.778,0.19369,9.4,73,3.91,11,15.27,0,1,train
2019-11-09,1225.23,249.778,0.20439,8.5,72,2.9,10,15.25,0,1,train
2019-11-10,583.4,249.778,0.09732,12.1,67,4.13,45,9.85,0,1,train
2019-11-11,738.67,249.778,0.12322,13.4,70,5.97,32,11.04,0,1,train
2019-11-12,938.08,249.778,0.15649,10.4,75,2.07,42,11.28,0,1,train
2019-11-13,229.92,249.778,0.03835,12.0,71,3.33,44,6.94,0,1,train
2019-11-14,1043.04,249.778,0.17399,7.4,66,5.96,25,13.31,0,1,train
2019-11-15,1154.01,249.778,0.19251,8.7,43,2.53,0,14.57,0,1,train
2019-11-16,935.56,249.778,0.15607,13.7,62,2.58,8,13.87,0,1,train
2019-11-17,523.97,249.778,0.08741,18.0,74,6.1,73,10.18,0,1,train
2019-11-18,197.14,249.778,0.03289,11.5,80,6.94,77,3.83,0,1,train
2019-11-19,468.49,249.778,0.07815,6.5,69,6.67,49,9.19,0,1,train
2019-11-20,1187.56,249.778,0.1981,5.7,72,3.6,23,13.18,0,1,train
2019-11-21,905.35,249.778,0.15103,8.5,76,4.01,15,12.19,0,1,train
2019-11-22,606.19,249.778,0.10112,14.1,80,4.4,22,9.57,0,1,train
2019-11-23,776.06,249.778,0.12946,15.1,82,4.21,18,13.05,0,1,train
2019-11-24,352.92,249.778,0.05887,16.3,94,3.15,72,5.27,0,1,train
2019-11-25,312.75,249.778,0.05217,6.4,75,5.41,72,5.17,0,1,train
2019-11-26,172.47,249.778,0.02877,9.7,92,2.91,74,4.81,0,1,train
2019-11-27,77.67,249.778,0.01296,8.0,87,3.76,86,1.75,0,1,train
2019-11-28,931.53,249.778,0.15539,6.4,72,2.98,52,10.93,0,1,train
2019-11-29,1141.64,249.778,0.19044,5.4,78,2.75,19,12.99,0,1,train
2019-11-30,938.22,249.778,0.15651,8.2,65,2.18,30,12.0,0,1,train
2019-12-01,54.67,261.3,0.00872,10.9,90,2.98,80,2.41,0,1,train
2019-12-02,497.67,261.3,0.07936,6.4,76,6.91,72,7.47,0,1,train
2019-12-03,269.27,261.3,0.04294,5.0,70,4.66,45,8.79,0,1,train
2019-12-04,615.81,261.3,0.0982,6.0,70,3.34,32,8.07,0,1,train
2019-12-05,459.65,261.3,0.0733,4.2,75,4.53,46,7.51,0,1,train
2019-12-06,387.01,261.3,0.06171,0.1,71,4.92,59,8.62,0,1,train
2019-12-07,779.16,261.3,0.12424,2.4,78,3.84,38,9.92,0,1,train
2019-12-08,799.97,261.3,0.12756,4.3,82,2.75,35,9.85,0,1,train
2019-12-09,808.51,261.3,0.12892,5.6,68,2.62,1,12.1,0,1,train
2019-12-10,771.52,261.3,0.12303,10.5,66,3.43,33,11.35,0,1,train
2019-12-11,795.12,261.3,0.12679,10.0,73,5.02,41,10.97,0,1,train
2019-12-12,946.68,261.3,0.15096,4.3,71,4.52,26,11.44,0,1,train
2019-12-13,718.2,261.3,0.11452,5.1,74,1.97,47,10.92,0,1,train
2019-12-14,742.81,261.3,0.11845,6.2,81,3.46,61,7.72,0,1,train
2019-12-15,431.43,261.3,0.0688,9.1,76,3.47,31,10.1,0,1,train
2019-12-16,701.22,261.3,0.11182,11.9,75,4.46,32,10.07,0,1,train
2019-12-17,180.72,261.3,0.02882,13.4,89,5.71,66,4.69,0,1,train
2019-12-18,792.5,261.3,0.12637,5.7,81,5.29,43,9.53,0,1,train
2019-12-19,539.76,261.3,0.08607,4.4,78,4.81,65,7.17,0,1,train
2019-12-20,456.64,261.3,0.07282,3.9,76,3.33,56,8.22,0,1,train
2019-12-21,190.31,261.3,0.03035,3.4,78,2.37,82,6.19,0,1,train
2019-12-22,174.94,261.3,0.0279,6.6,87,2.96,70,3.48,0,1,train
2019-12-23,574.02,261.3,0.09153,5.7,82,3.37,40,6.86,0,1,train
2019-12-24,683.47,261.3,0.10899,5.1,76,1.91,47,9.19,0,1,train
2019-12-25,232.4,261.3,0.03706,10.0,79,3.35,43,6.41,0,1,train
2019-12-26,100.71,261.3,0.01606,7.8,91,4.69,85,2.29,0,1,train
2019-12-27,293.37,261.3,0.04678,2.5,71,6.22,58,8.09,0,1,train
2019-12-28,696.46,261.3,0.11106,2.1,77,2.05,20,11.08,0,1,train
2019-12-29,65.08,261.3,0.01038,10.0,85,5.1,67,3.01,0,1,train
2019-12-30,395.89,261.3,0.06313,9.3,86,5.05,76,9.01,0,1,train
2019-12-31,529.45,261.3,0.08443,-0.8,79,7.12,70,6.97,0,1,train
2020-01-01,759.62,263.225,0.12024,0.6,84,2.99,29,11.73,0,1,train
2020-01-02,290.47,263.225,0.04598,2.9,87,2.56,23,9.58,0,1,train
2020-01-03,524.75,263.225,0.08306,3.9,87,3.07,39,8.52,0,1,train
2020-01-04,1032.99,263.225,0.16352,2.7,85,2.75,19,12.1,0,1,train
2020-01-05,847.19,263.225,0.1341,3.8,70,2.16,31,10.85,0,1,train
2020-01-06,107.79,263.225,0.01706,12.0,76,5.4,66,3.42,0,1,train
2020-01-07,174.89,263.225,0.02768,16.6,81,10.19,43,10.16,0,1,train
2020-01-08,363.49,263.225,0.05754,5.3,84,8.9,70,7.59,0,1,train
2020-01-09,236.29,263.225,0.0374,3.8,81,3.96,69,7.3,0,1,train
2020-01-10,1038.33,263.225,0.16436,3.3,76,1.74,47,10.08,0,1,train
2020-01-11,314.24,263.225,0.04974,3.9,78,2.5,67,7.33,0,1,train
2020-01-12,421.34,263.225,0.0667,3.6,75,5.98,61,7.77,0,1,train
2020-01-13,667.75,263.225,0.1057,2.9,73,4.23,60,9.68,0,1,train
2020-01-14,252.27,263.225,0.03993,1.4,86,2.58,75,3.9,0,1,train
2020-01-15,528.41,263.225,0.08364,1.9,77,3.22,67,9.03,0,1,train
2020-01-16,470.74,263.225,0.07451,1.8,69,1.91,80,5.94,0,1,train
2020-01-17,915.56,263.225,0.14493,1.9,71,3.29,55,8.5,0,1,train
2020-01-18,863.51,263.225,0.13669,2.7,75,4.52,28,11.56,0,1,train
2020-01-19,221.86,263.225,0.03512,3.9,78,4.15,66,6.68,0,1,train
2020-01-20,895.31,263.225,0.14172,4.2,66,4.89,48,12.33,0,1,train
2020-01-21,1225.92,263.225,0.19405,3.6,67,2.58,18,13.74,0,1,train
2020-01-22,76.35,263.225,0.01209,9.4,86,2.5,75,3.21,0,1,train
2020-01-23,410.94,263.225,0.06505,8.8,94,2.73,79,4.78,0,1,train
2020-01-24,580.03,263.225,0.09181,6.6,78,2.19,72,10.77,0,1,train
2020-01-25,181.3,263.225,0.0287,9.1,81,3.88,84,4.19,0,1,train
2020-01-26,249.2,263.225,0.03945,8.6,80,5.29,86,6.21,0,1,train
2020-01-27,153.81,263.225,0.02435,7.1,95,6.34,91,1.91,0,1,train
2020-01-28,434.6,263.225,0.06879,5.7,91,2.47,77,6.9,0,1,train
2020-01-29,718.73,263.225,0.11377,5.3,90,3.65,73,5.28,0,1,train
2020-01-30,513.64,263.225,0.08131,4.3,83,5.12,72,6.88,0,1,train
2020-01-31,533.54,263.225,0.08446,3.1,75,4.61,44,11.46,0,1,train
2020-02-01,1099.42,266.195,0.17209,2.6,80,3.45,15,14.71,0,1,train
2020-02-02,1022.49,266.195,0.16005,3.2,80,2.67,45,13.06,0,1,train
2020-02-03,709.28,266.195,0.11102,2.5,83,3.52,50,6.97,0,1,train
2020-02-04,1367.06,266.195,0.21398,0.1,78,2.26,28,15.74,0,1,train
2020-02-05,1050.46,266.195,0.16443,-0.2,80,5.57,47,13.6,0,1,train
2020-02-06,1189.5,266.195,0.18619,-1.4,70,3.03,65,13.24,0,1,train
2020-02-07,989.53,266.195,0.15489,2.2,68,2.53,75,12.89,0,1,train
2020-02-08,405.16,266.195,0.06342,2.8,78,5.66,57,9.14,0,1,train
2020-02-09,512.61,266.195,0.08024,2.4,73,4.85,36,11.32,0,1,train
2020-02-10,1022.6,266.195,0.16006,5.9,78,4.14,18,15.02,0,1,train
2020-02-11,518.2,266.195,0.08111,7.2,72,2.8,63,8.87,0,1,train
2020-02-12,203.68,266.195,0.03188,12.0,85,5.87,62,6.6,0,1,train
2020-02-13,1112.04,266.195,0.17406,9.1,81,2.43,43,15.62,0,1,train
2020-02-14,1330.33,266.195,0.20823,11.5,59,2.08,53,16.22,0,1,train
2020-02-15,594.73,266.195,0.09309,14.9,74,4.29,66,8.59,0,1,train
2020-02-16,337.47,266.195,0.05282,2.6,83,8.49,86,8.02,0,1,train
2020-02-17,263.97,266.195,0.04132,-1.1,76,9.06,86,8.53,0,1,train
2020-02-18,1062.51,266.195,0.16631,0.3,75,6.14,47,15.15,0,1,train
2020-02-19,1121.79,266.195,0.17559,1.7,78,1.82,65,14.48,0,1,train
2020-02-20,1427.65,266.195,0.22347,5.1,72,2.04,29,17.11,0,1,train
2020-02-21,936.63,266.195,0.14661,10.2,66,4.43,32,16.29,0,1,train
2020-02-22,1224.64,266.195,0.19169,7.6,72,5.97,26,17.67,0,1,train
2020-02-23,1550.76,266.195,0.24274,3.7,65,3.23,1,18.65,0,1,train
2020-02-24,1184.19,266.195,0.18536,8.4,57,2.27,53,13.1,0,1,train
2020-02-25,243.13,266.195,0.03806,15.0,83,7.71,65,11.83,0,1,train
2020-02-26,505.3,266.195,0.07909,9.1,94,2.86,79,8.56,0,1,train
2020-02-27,1019.97,266.195,0.15965,5.7,82,3.19,25,16.18,0,1,train
2020-02-28,114.0,266.195,0.01784,7.6,80,4.45,72,5.26,0,1,train
2020-02-29,101.93,266.195,0.01595,9.5,97,3.25,83,3.01,0,1,train
2020-03-01,160.43,269.815,0.02477,9.1,94,3.62,85,4.5,0,1,train
2020-03-02,1590.12,269.815,0.24556,4.2,74,4.54,48,19.1,0,1,train
2020-03-03,453.14,269.815,0.06998,7.0,76,2.19,69,10.2,0,1,train
2020-03-04,1199.52,269.815,0.18524,4.7,75,6.06,65,15.12,0,1,train
2020-03-05,1555.81,269.815,0.24026,1.9,68,5.14,27,20.01,0,1,train
2020-03-06,1162.19,269.815,0.17947,3.1,72,2.28,28,18.8,0,1,train
2020-03-07,204.19,269.815,0.03153,7.1,88,1.89,65,8.56,0,1,train
2020-03-08,1362.32,269.815,0.21038,9.0,78,2.89,41,20.39,0,1,train
2020-03-09,190.35,269.815,0.0294,11.0,87,4.91,86,5.03,0,1,train
2020-03-10,306.45,269.815,0.04732,7.3,92,6.77,81,5.28,0,1,train
2020-03-11,1757.24,269.815,0.27136,4.4,65,6.19,7,20.47,0,1,train
2020-03-12,1644.81,269.815,0.254,5.8,56,2.02,33,20.94,0,1,train
2020-03-13,742.19,269.815,0.11461,7.0,63,2.97,67,14.42,0,1,train
2020-03-14,1552.9,269.815,0.23981,3.7,62,6.11,15,21.03,0,1,train
2020-03-15,1620.33,269.815,0.25022,6.9,63,7.01,6,21.36,0,1,train
2020-03-16,1629.21,269.815,0.25159,3.5,56,4.47,32,21.77,0,1,train
2020-03-17,1607.9,269.815,0.2483,10.0,43,3.79,47,21.24,0,1,train
2020-03-18,1426.25,269.815,0.22025,12.3,51,3.47,25,21.16,0,1,train
2020-03-19,1338.15,269.815,0.20665,11.2,53,7.66,21,20.64,0,1,train
2020-03-20,1696.35,269.815,0.26196,8.4,45,2.9,0,22.71,0,1,train
2020-03-21,1452.86,269.815,0.22436,17.3,38,6.95,31,21.85,0,1,train
2020-03-22,854.53,269.815,0.13196,13.6,77,3.56,84,17.41,0,1,train
2020-03-23,1680.84,269.815,0.25957,7.9,57,3.02,34,22.82,0,1,train
2020-03-24,1583.48,269.815,0.24453,8.8,69,2.63,3,22.75,0,1,train
2020-03-25,1557.98,269.815,0.24059,12.7,63,3.02,27,22.44,0,1,train
2020-03-26,109.2,269.815,0.01686,16.5,85,5.97,74,6.91,0,1,train
2020-03-27,433.85,269.815,0.067,10.6,90,5.25,67,4.53,0,1,train
2020-03-28,268.6,269.815,0.04148,5.2,69,2.56,63,5.8,0,1,train
2020-03-29,1015.06,269.815,0.15675,7.3,75,3.11,48,14.64,0,1,train
2020-03-30,971.94,269.815,0.15009,9.5,82,3.16,56,7.95,0,1,train
2020-03-31,1563.3,269.815,0.24142,10.1,72,2.8,37,22.13,0,1,train
2020-04-01,1361.51,272.061,0.20852,8.1,76,4.76,42,21.06,0,1,train
2020-04-02,1540.22,272.061,0.23589,7.7,78,2.25,25,19.39,0,1,train
2020-04-03,1579.44,272.061,0.24189,8.2,64,2.47,37,19.55,0,1,train
2020-04-04,1674.18,272.061,0.2564,7.9,66,4.64,16,24.16,0,1,train
2020-04-05,1852.1,272.061,0.28365,4.9,65,3.51,8,25.36,0,1,train
2020-04-06,1577.0,272.061,0.24152,6.7,62,2.45,26,23.21,0,1,train
2020-04-07,1674.89,272.061,0.25651,10.0,45,3.5,7,25.01,0,1,train
2020-04-08,1521.72,272.061,0.23305,9.7,60,3.2,4,24.44,0,1,train
2020-04-09,1617.1,272.061,0.24766,8.0,57,2.41,7,24.4,0,1,train
2020-04-10,1367.48,272.061,0.20943,8.5,70,2.11,27,20.22,0,1,train
2020-04-11,355.9,272.061,0.05451,8.9,87,2.37,69,7.15,0,1,train
2020-04-12,613.54,272.061,0.09396,6.0,92,3.8,90,3.52,0,1,train
2020-04-13,1678.97,272.061,0.25714,6.7,75,4.88,27,22.89,0,1,train
2020-04-14,1675.99,272.061,0.25668,10.1,58,2.35,22,25.51,0,1,train
2020-04-15,1251.91,272.061,0.19173,9.6,52,2.13,53,16.09,0,1,train
2020-04-16,1617.58,272.061,0.24774,12.7,58,3.77,21,25.05,0,1,train
2020-04-17,253.52,272.061,0.03883,13.8,73,7.77,62,6.83,0,1,train
2020-04-18,1610.87,272.061,0.24671,9.9,80,3.85,25,25.05,0,1,train
2020-04-19,179.92,272.061,0.02756,11.4,87,7.4,77,3.35,0,1,train
2020-04-20,1360.67,272.061,0.20839,11.2,83,5.03,59,23.6,0,1,train
2020-04-21,1253.98,272.061,0.19205,8.5,61,5.39,47,23.11,0,1,train
2020-04-22,1780.65,272.061,0.27271,7.0,63,6.84,18,25.98,0,1,train
2020-04-23,1626.2,272.061,0.24906,6.6,67,6.04,30,19.65,0,1,train
2020-04-24,1830.75,272.061,0.28038,9.0,52,4.89,3,27.63,0,1,train
2020-04-25,1728.8,272.061,0.26477,14.4,51,8.22,2,27.22,0,1,train
2020-04-26,1663.63,272.061,0.25479,10.6,69,2.88,45,25.87,0,1,train
2020-04-27,1704.61,272.061,0.26106,10.4,52,2.86,19,26.72,0,1,train
2020-04-28,1772.76,272.061,0.2715,10.8,52,3.12,0,27.5,0,1,train
2020-04-29,1770.32,272.061,0.27113,12.8,47,2.24,0,27.41,0,1,train
2020-04-30,1418.21,272.061,0.2172,16.6,69,4.23,4,26.86,0,1,train
2020-05-01,1496.61,282.355,0.22085,19.9,63,2.77,51,26.18,0,1,train
2020-05-02,471.52,282.355,0.06958,17.1,74,3.54,81,6.86,0,1,train
2020-05-03,734.83,282.355,0.10844,18.4,92,3.81,66,10.13,0,1,train
2020-05-04,1396.8,282.355,0.20612,16.9,88,2.66,47,21.51,0,1,train
2020-05-05,1103.93,282.355,0.16291,17.0,79,2.51,60,22.43,0,1,train
2020-05-06,1678.92,282.355,0.24776,16.6,80,4.02,30,22.94,0,1,train
2020-05-07,1796.08,282.355,0.26504,14.4,72,6.66,12,28.01,0,1,train
2020-05-08,1187.5,282.355,0.17524,17.4,75,8.7,46,20.15,0,1,train
2020-05-09,482.47,282.355,0.0712,19.2,84,9.24,39,20.77,0,1,train
2020-05-10,609.97,282.355,0.09001,13.9,91,4.58,58,13.91,0,1,train
2020-05-11,1768.72,282.355,0.26101,17.3,62,3.32,5,27.88,0,1,train
2020-05-12,1769.15,282.355,0.26107,15.4,65,5.77,16,28.49,0,1,train
2020-05-13,1854.81,282.355,0.27371,13.6,59,2.33,0,28.85,0,1,train
2020-05-14,1340.56,282.355,0.19782,18.5,45,4.26,36,20.05,0,1,train
2020-05-15,436.89,282.355,0.06447,20.0,87,5.79,77,6.19,0,1,train
2020-05-16,710.32,282.355,0.10482,17.2,90,2.09,55,14.88,0,1,train
2020-05-17,1416.39,282.355,0.20901,16.3,75,1.17,55,26.45,0,1,train
2020-05-18,661.11,282.355,0.09756,18.5,89,3.6,63,15.09,0,1,train
2020-05-19,1586.47,282.355,0.23411,13.1,79,7.39,36,19.3,0,1,train
2020-05-20,1851.49,282.355,0.27322,13.5,71,3.27,16,28.34,0,1,train
2020-05-21,1341.76,282.355,0.198,16.1,68,2.9,29,26.63,0,1,train
2020-05-22,1384.67,282.355,0.20433,16.6,70,5.6,28,26.56,0,1,train
2020-05-23,1318.45,282.355,0.19456,18.8,68,2.41,10,25.02,0,1,train
2020-05-24,1249.96,282.355,0.18445,20.0,72,2.84,27,20.87,0,1,train
2020-05-25,818.85,282.355,0.12084,16.6,85,1.67,67,11.2,0,1,train
2020-05-26,734.42,282.355,0.10838,16.4,66,2.46,39,14.81,0,1,train
2020-05-27,1613.94,282.355,0.23817,16.1,74,2.92,34,25.89,0,1,train
2020-05-28,1544.93,282.355,0.22798,18.1,58,3.96,22,22.19,0,1,train
2020-05-29,1446.71,282.355,0.21349,18.7,52,2.19,41,21.98,0,1,train
2020-05-30,514.77,282.355,0.07596,18.8,65,3.49,75,9.7,0,1,train
2020-05-31,558.86,282.355,0.08247,18.6,91,4.11,65,11.05,0,1,train
2020-06-01,1213.41,284.907,0.17746,18.7,80,2.56,51,21.83,0,1,train
2020-06-02,1755.65,284.907,0.25676,19.5,53,1.94,26,27.76,0,1,train
2020-06-03,474.86,284.907,0.06945,20.7,84,1.41,80,8.34,0,1,train
2020-06-04,1363.1,284.907,0.19935,21.0,82,1.48,68,22.13,0,1,train
2020-06-05,1037.2,284.907,0.15169,20.2,83,1.42,63,19.42,0,1,train
2020-06-06,1162.83,284.907,0.17006,20.7,86,1.81,69,20.05,0,1,train
2020-06-07,1640.94,284.907,0.23998,21.2,73,2.31,10,26.5,0,1,train
2020-06-08,1735.26,284.907,0.25378,22.9,52,4.51,8,28.62,0,1,train
2020-06-09,1224.21,284.907,0.17904,22.6,78,8.27,15,25.6,0,1,train
2020-06-10,610.58,284.907,0.0893,22.6,82,6.39,51,9.42,0,1,train
2020-06-11,809.7,284.907,0.11842,21.6,97,2.27,85,7.52,0,1,train
2020-06-12,603.3,284.907,0.08823,22.5,93,1.29,58,13.12,0,1,train
2020-06-13,321.8,284.907,0.04706,25.0,86,6.11,80,4.18,0,1,train
2020-06-14,286.72,284.907,0.04193,23.3,90,6.76,75,6.79,0,1,train
2020-06-15,1160.21,284.907,0.16968,21.0,80,2.7,42,23.93,0,1,train
2020-06-16,1588.86,284.907,0.23237,21.3,64,2.2,51,24.44,0,1,train
2020-06-17,431.19,284.907,0.06306,18.7,82,1.91,75,5.28,0,1,train
2020-06-18,167.19,284.907,0.02445,21.2,93,3.53,72,4.9,0,1,train
2020-06-19,869.7,284.907,0.12719,18.9,89,2.96,67,9.86,0,1,train
2020-06-20,1305.42,284.907,0.19091,20.5,76,3.24,35,21.82,0,1,train
2020-06-21,1285.86,284.907,0.18805,19.8,80,4.16,24,26.63,0,1,train
2020-06-22,1636.24,284.907,0.23929,21.2,78,2.41,9,27.16,0,1,train
2020-06-23,1510.13,284.907,0.22085,22.9,67,4.38,32,26.61,0,1,train
2020-06-24,123.4,284.907,0.01805,23.4,84,7.39,77,2.96,0,1,train
2020-06-25,259.6,284.907,0.03797,21.9,91,1.88,62,6.09,0,1,train
2020-06-26,1489.05,284.907,0.21777,21.0,80,1.95,17,27.78,0,1,train
2020-06-27,787.24,284.907,0.11513,22.5,93,1.23,63,13.04,0,1,train
2020-06-28,1249.91,284.907,0.1828,22.3,73,2.02,50,21.18,0,1,train
2020-06-29,190.12,284.907,0.0278,22.1,81,5.39,69,5.48,0,1,train
2020-06-30,1203.24,284.907,0.17597,20.0,91,8.43,67,14.18,0,1,train
2020-07-01,1615.64,277.87,0.24227,19.8,82,3.5,42,22.94,0,1,train
2020-07-02,1001.89,277.87,0.15023,20.8,65,2.26,52,15.07,0,1,train
2020-07-03,278.83,277.87,0.04181,19.8,91,5.28,84,3.36,0,1,train
2020-07-04,368.1,277.87,0.0552,18.5,98,2.54,96,3.14,0,1,train
2020-07-05,576.8,277.87,0.08649,19.6,93,1.43,60,14.99,0,1,train
2020-07-06,332.37,277.87,0.04984,21.8,95,1.7,85,5.11,0,1,train
2020-07-07,418.17,277.87,0.0627,22.8,92,2.58,58,11.64,0,1,train
2020-07-08,1397.31,277.87,0.20953,21.5,88,1.6,35,20.41,0,1,train
2020-07-09,898.53,277.87,0.13473,21.4,95,2.62,71,11.56,0,1,train
2020-07-10,948.05,277.87,0.14216,24.1,89,4.52,62,19.02,0,1,train
2020-07-11,728.06,277.87,0.10917,21.2,92,2.21,68,10.01,0,1,train
2020-07-12,243.41,277.87,0.0365,22.9,88,4.92,80,4.9,0,1,train
2020-07-13,315.16,277.87,0.04726,24.3,88,7.92,81,4.26,0,1,train
2020-07-14,808.12,277.87,0.12118,19.8,91,6.29,82,8.33,0,1,train
2020-07-15,871.66,277.87,0.13071,18.9,90,3.73,71,10.33,0,1,train
2020-07-16,1198.38,277.87,0.1797,19.7,84,2.37,37,16.14,0,1,train
2020-07-17,1454.64,277.87,0.21812,20.8,73,2.83,20,27.48,0,1,train
2020-07-18,428.66,277.87,0.06428,20.7,85,2.49,72,6.94,0,1,train
2020-07-19,526.5,277.87,0.07895,26.1,84,6.56,62,13.07,0,1,train
2020-07-20,584.68,277.87,0.08767,25.7,86,5.39,53,18.0,0,1,train
2020-07-21,470.86,277.87,0.07061,22.9,95,1.29,82,5.35,0,1,train
2020-07-22,679.43,277.87,0.10188,24.6,89,2.46,57,10.38,0,1,train
2020-07-23,200.66,277.87,0.03009,24.6,85,4.95,76,3.64,0,1,train
2020-07-24,939.51,277.87,0.14088,20.6,91,7.56,74,7.68,0,1,train
2020-07-25,1075.54,277.87,0.16128,20.6,91,4.7,62,13.23,0,1,train
2020-07-26,1428.86,277.87,0.21426,20.9,83,1.61,38,19.31,0,1,train
2020-07-27,194.52,277.87,0.02917,23.0,85,3.52,77,3.27,0,1,train
2020-07-28,774.86,277.87,0.11619,26.6,81,2.86,47,14.87,0,1,train
2020-07-29,976.61,277.87,0.14644,25.5,87,1.22,34,14.2,0,1,train
2020-07-30,1149.29,277.87,0.17234,24.8,89,1.53,47,15.33,0,1,train
2020-07-31,1265.48,277.87,0.18976,24.7,79,1.75,45,19.76,0,1,train
2020-08-01,1105.96,278.569,0.16542,25.7,74,1.98,47,17.62,0,1,train
2020-08-02,1151.15,278.569,0.17218,26.6,77,3.71,39,23.61,0,1,train
2020-08-03,1040.98,278.569,0.1557,26.4,77,3.96,21,22.7,0,1,train
2020-08-04,1173.88,278.569,0.17558,27.2,77,5.27,16,24.92,0,1,train
2020-08-05,589.4,278.569,0.08816,26.9,83,7.11,63,12.68,0,1,train
2020-08-06,332.24,278.569,0.04969,27.0,80,7.46,74,9.18,0,1,train
2020-08-07,446.85,278.569,0.06684,26.1,80,4.81,79,6.91,0,1,train
2020-08-08,518.91,278.569,0.07762,26.6,81,7.26,91,3.84,0,1,train
2020-08-09,1174.54,278.569,0.17568,27.1,78,7.65,47,24.11,0,1,train
2020-08-10,484.78,278.569,0.07251,26.2,88,4.9,75,4.27,0,1,train
2020-08-11,564.67,278.569,0.08446,26.2,87,3.11,54,6.9,0,1,train
2020-08-12,869.61,278.569,0.13007,26.4,84,3.02,39,14.28,0,1,train
2020-08-13,1234.74,278.569,0.18468,27.8,74,3.85,21,24.37,0,1,train
2020-08-14,1300.12,278.569,0.19446,28.2,70,3.9,8,25.71,0,1,train
2020-08-15,1552.25,278.569,0.23218,27.8,68,2.83,6,25.68,0,1,train
2020-08-16,1395.03,278.569,0.20866,25.8,82,1.65,10,23.97,0,1,train
2020-08-17,1246.93,278.569,0.18651,25.6,78,1.94,22,17.4,0,1,train
2020-08-18,1384.04,278.569,0.20702,25.4,82,2.01,20,19.96,0,1,train
2020-08-19,1556.13,278.569,0.23276,25.3,82,2.09,23,20.78,0,1,train
2020-08-20,1400.54,278.569,0.20948,25.1,81,2.12,16,22.19,0,1,train
2020-08-21,1408.95,278.569,0.21074,24.9,82,2.32,13,23.01,0,1,train
2020-08-22,664.44,278.569,0.09938,25.1,89,2.67,53,12.27,0,1,train
2020-08-23,1016.32,278.569,0.15202,25.6,84,2.05,37,15.79,0,1,train
2020-08-24,1330.18,278.569,0.19896,26.7,80,2.9,20,18.43,0,1,train
2020-08-25,863.74,278.569,0.12919,26.9,88,6.61,40,16.26,0,1,train
2020-08-26,110.27,278.569,0.01649,26.9,87,11.76,91,4.47,0,1,train
2020-08-27,658.08,278.569,0.09843,27.2,82,3.93,60,11.37,0,1,train
2020-08-28,1116.92,278.569,0.16706,25.7,84,2.58,47,13.09,0,1,train
2020-08-29,944.46,278.569,0.14127,26.0,85,0.98,43,14.35,0,1,train
2020-08-30,1296.24,278.569,0.19388,25.8,83,2.08,25,16.21,0,1,train
2020-08-31,1066.9,278.569,0.15958,25.7,88,3.92,38,19.19,0,1,train
2020-09-01,505.66,284.069,0.07417,25.3,94,4.95,65,8.5,0,1,train
2020-09-02,44.19,284.069,0.00648,24.5,96,10.68,92,2.55,0,1,train
2020-09-03,1080.62,284.069,0.1585,23.2,83,7.13,36,21.43,0,1,train
2020-09-04,1290.78,284.069,0.18933,22.8,59,2.71,7,24.3,0,1,train
2020-09-05,263.63,284.069,0.03867,19.6,80,3.84,68,6.08,0,1,train
2020-09-06,153.12,284.069,0.02246,19.7,98,5.47,92,1.37,0,1,train
2020-09-07,717.68,284.069,0.10527,20.4,94,8.21,70,4.65,0,1,train
2020-09-08,1182.14,284.069,0.17339,24.0,72,3.21,2,23.26,0,1,train
2020-09-09,1132.98,284.069,0.16618,22.9,77,2.97,19,18.64,0,1,train
2020-09-10,956.92,284.069,0.14036,21.3,79,2.26,32,15.17,0,1,train
2020-09-11,330.2,284.069,0.04843,20.6,83,2.29,71,6.58,0,1,train
2020-09-12,778.07,284.069,0.11413,19.8,93,2.51,75,4.28,0,1,train
2020-09-13,528.54,284.069,0.07753,19.8,93,2.11,55,7.76,0,1,train
2020-09-14,718.02,284.069,0.10532,20.5,89,2.64,60,10.43,0,1,train
2020-09-15,773.54,284.069,0.11346,20.4,83,1.68,58,9.71,0,1,train
2020-09-16,533.35,284.069,0.07823,21.5,91,2.08,73,9.6,0,1,train
2020-09-17,179.24,284.069,0.02629,19.6,94,1.59,80,4.23,0,1,train
2020-09-18,364.5,284.069,0.05346,17.8,81,2.4,64,6.53,0,1,train
2020-09-19,1036.1,284.069,0.15197,18.6,60,2.35,34,17.94,0,1,train
2020-09-20,1480.89,284.069,0.21721,18.9,66,2.46,1,22.75,0,1,train
2020-09-21,1081.78,284.069,0.15867,17.8,71,2.95,25,21.49,0,1,train
2020-09-22,772.59,284.069,0.11332,17.8,82,4.49,59,8.28,0,1,train
2020-09-23,339.37,284.069,0.04978,18.2,92,4.05,79,3.55,0,1,train
2020-09-24,336.07,284.069,0.04929,18.6,93,4.3,77,4.45,0,1,train
2020-09-25,1355.01,284.069,0.19875,18.7,82,2.19,35,19.53,0,1,train
2020-09-26,1027.79,284.069,0.15075,18.5,83,2.84,37,14.45,0,1,train
2020-09-27,1230.98,284.069,0.18056,18.3,84,3.86,34,17.65,0,1,train
2020-09-28,1226.33,284.069,0.17988,17.6,79,4.09,23,19.07,0,1,train
2020-09-29,1349.63,284.069,0.19796,17.1,74,2.57,30,19.25,0,1,train
2020-09-30,1303.53,284.069,0.1912,17.6,85,2.21,41,15.3,0,1,train
2020-10-01,878.51,295.678,0.1238,17.4,87,1.44,46,11.02,0,1,train
2020-10-02,1192.01,295.678,0.16798,18.3,76,2.09,26,16.79,0,1,train
2020-10-03,897.24,295.678,0.12644,18.5,80,1.82,51,11.61,0,1,train
2020-10-04,394.49,295.678,0.05559,18.5,84,2.45,75,5.8,0,1,train
2020-10-05,1502.54,295.678,0.21174,14.9,71,4.42,31,19.38,0,1,train
2020-10-06,1549.94,295.678,0.21842,14.2,72,2.67,21,19.95,0,1,train
2020-10-07,1274.67,295.678,0.17963,16.1,75,4.11,39,16.28,0,1,train
2020-10-08,1129.14,295.678,0.15912,17.1,76,6.66,47,14.66,0,1,train
2020-10-09,735.9,295.678,0.1037,16.4,81,4.6,78,6.75,0,1,train
2020-10-10,809.39,295.678,0.11406,16.6,87,2.7,54,10.41,0,1,train
2020-10-11,867.16,295.678,0.1222,17.3,83,2.61,31,14.49,0,1,train
2020-10-12,1309.46,295.678,0.18453,16.5,82,2.97,29,16.19,0,1,train
2020-10-13,1412.89,295.678,0.1991,14.1,77,2.9,32,13.08,0,1,train
2020-10-14,1454.49,295.678,0.20497,13.8,70,2.6,18,16.9,0,1,train
2020-10-15,1235.74,295.678,0.17414,12.4,69,1.66,36,13.63,0,1,train
2020-10-16,307.83,295.678,0.04338,13.9,80,2.43,66,5.17,0,1,train
2020-10-17,1446.56,295.678,0.20385,13.5,76,2.47,18,17.7,0,1,train
2020-10-18,1150.08,295.678,0.16207,13.7,82,2.07,50,11.47,0,1,train
2020-10-19,1351.73,295.678,0.19048,14.0,79,2.5,28,15.31,0,1,train
2020-10-20,1228.61,295.678,0.17313,15.4,75,4.25,11,16.77,0,1,train
2020-10-21,227.5,295.678,0.03206,15.8,87,3.22,70,4.19,0,1,train
2020-10-22,405.99,295.678,0.05721,14.1,82,3.67,72,6.41,0,1,train
2020-10-23,1143.35,295.678,0.16112,11.4,69,6.41,46,14.22,0,1,train
2020-10-24,1316.66,295.678,0.18554,11.0,74,4.88,29,15.51,0,1,train
2020-10-25,1126.62,295.678,0.15876,11.5,83,2.81,18,14.72,0,1,train
2020-10-26,1196.14,295.678,0.16856,12.3,78,2.27,15,16.02,0,1,train
2020-10-27,1194.11,295.678,0.16827,13.2,76,2.06,17,14.77,0,1,train
2020-10-28,510.28,295.678,0.07191,13.6,79,2.05,53,8.15,0,1,train
2020-10-29,1304.45,295.678,0.18382,10.2,74,2.16,22,14.34,0,1,train
2020-10-30,1305.06,295.678,0.18391,10.4,76,2.45,16,15.74,0,1,train
2020-10-31,1182.09,295.678,0.16658,13.0,74,3.5,15,13.22,0,1,train
2020-11-01,1146.67,289.532,0.16502,14.9,62,1.93,47,10.3,0,1,train
2020-11-02,404.33,289.532,0.05819,12.7,78,2.18,41,10.7,0,1,train
2020-11-03,1020.7,289.532,0.14689,9.5,71,5.7,43,9.42,0,1,train
2020-11-04,1405.9,289.532,0.20232,8.3,71,3.34,12,15.85,0,1,train
2020-11-05,1138.93,289.532,0.1639,10.8,63,2.4,26,13.74,0,1,train
2020-11-06,268.85,289.532,0.03869,15.2,79,1.39,29,10.86,0,1,train
2020-11-07,534.71,289.532,0.07695,14.8,88,2.99,36,11.03,0,1,train
2020-11-08,1263.05,289.532,0.18177,11.3,71,4.88,9,14.0,0,1,train
2020-11-09,1373.34,289.532,0.19764,7.5,71,3.79,8,14.79,0,1,train
2020-11-10,1029.19,289.532,0.14811,7.6,80,2.43,16,11.08,0,1,train
2020-11-11,1237.79,289.532,0.17813,8.0,72,2.62,1,14.65,0,1,train
2020-11-12,1028.76,289.532,0.14805,11.5,80,2.94,11,12.88,0,1,train
2020-11-13,1289.83,289.532,0.18562,11.0,75,2.24,0,14.52,0,1,train
2020-11-14,941.87,289.532,0.13554,12.6,82,3.57,12,12.52,0,1,train
2020-11-15,698.34,289.532,0.1005,13.8,82,2.17,27,11.52,0,1,train
2020-11-16,371.89,289.532,0.05352,14.7,81,2.27,31,12.54,0,1,train
2020-11-17,810.73,289.532,0.11667,17.2,77,3.32,6,12.43,0,1,train
2020-11-18,408.5,289.532,0.05879,19.9,82,7.07,53,7.75,0,1,train
2020-11-19,214.07,289.532,0.03081,18.9,88,7.11,67,3.75,0,1,train
2020-11-20,647.07,289.532,0.09312,9.7,86,5.44,71,6.68,0,1,train
2020-11-21,549.64,289.532,0.0791,9.8,84,2.94,22,11.95,0,1,train
2020-11-22,152.1,289.532,0.02189,10.6,90,4.08,82,0.86,0,1,train
2020-11-23,576.96,289.532,0.08303,6.5,79,4.98,49,10.22,0,1,train
2020-11-24,1028.37,289.532,0.14799,6.5,68,2.95,30,11.21,0,1,train
2020-11-25,1208.05,289.532,0.17385,6.8,77,2.57,24,11.89,0,1,train
2020-11-26,427.17,289.532,0.06147,7.3,80,1.84,65,6.32,0,1,train
2020-11-27,340.75,289.532,0.04904,7.8,80,5.31,69,5.17,0,1,train
2020-11-28,450.22,289.532,0.06479,4.9,77,6.14,83,4.11,0,1,train
2020-11-29,440.67,289.532,0.06342,6.2,76,4.7,78,4.45,0,1,train
2020-11-30,486.98,289.532,0.07008,5.7,82,3.97,79,3.65,0,1,train
2020-12-01,1161.02,292.555,0.16536,4.1,74,2.54,19,12.62,0,1,train
2020-12-02,625.91,292.555,0.08914,5.2,75,2.58,18,10.08,0,1,train
2020-12-03,695.21,292.555,0.09901,4.6,81,3.95,49,6.95,0,1,train
2020-12-04,754.54,292.555,0.10746,4.1,76,4.27,47,7.63,0,1,train
2020-12-05,936.07,292.555,0.13332,4.3,77,2.88,16,11.5,0,1,train
2020-12-06,1066.38,292.555,0.15188,4.7,79,2.55,2,12.19,0,1,train
2020-12-07,568.25,292.555,0.08093,6.4,78,2.91,45,7.28,0,1,train
2020-12-08,767.88,292.555,0.10936,5.6,76,4.14,41,9.49,0,1,train
2020-12-09,1027.49,292.555,0.14634,3.5,75,1.97,12,12.26,0,1,train
2020-12-10,482.68,292.555,0.06874,6.2,72,2.17,51,6.83,0,1,train
2020-12-11,131.05,292.555,0.01866,7.0,85,1.51,68,1.9,0,1,train
2020-12-12,901.5,292.555,0.12839,6.6,74,3.64,39,11.41,0,1,train
2020-12-13,678.69,292.555,0.09666,6.3,62,4.8,53,9.89,0,1,train
2020-12-14,266.8,292.555,0.038,0.4,77,7.19,90,2.14,0,1,train
2020-12-15,491.53,292.555,0.07001,-0.0,81,4.52,90,2.85,0,1,train
2020-12-16,266.74,292.555,0.03799,0.9,83,5.29,88,2.13,0,1,train
2020-12-17,713.46,292.555,0.10161,2.1,77,3.95,67,6.93,0,1,train
2020-12-18,434.96,292.555,0.06195,3.6,74,3.95,52,6.09,0,1,train
2020-12-19,1090.63,292.555,0.15533,0.8,75,5.26,54,8.01,0,1,train
2020-12-20,462.56,292.555,0.06588,2.4,78,3.72,71,3.78,0,1,train
2020-12-21,539.13,292.555,0.07678,3.7,73,3.2,54,8.83,0,1,train
2020-12-22,775.42,292.555,0.11044,4.3,71,3.27,16,9.99,0,1,train
2020-12-23,760.8,292.555,0.10836,6.7,59,2.21,41,11.13,0,1,train
2020-12-24,868.9,292.555,0.12375,6.9,76,4.36,47,10.11,0,1,train
2020-12-25,888.3,292.555,0.12651,3.0,72,5.0,30,10.98,0,1,train
2020-12-26,927.14,292.555,0.13205,4.1,73,2.31,28,11.43,0,1,train
2020-12-27,85.35,292.555,0.01216,8.4,87,3.75,71,4.36,0,1,train
2020-12-28,1105.58,292.555,0.15746,8.1,83,2.52,29,12.1,0,1,train
2020-12-29,259.93,292.555,0.03702,7.3,92,4.05,64,3.89,0,1,train
2020-12-30,250.09,292.555,0.03562,-1.9,83,9.73,91,3.01,0,1,train
2020-12-31,209.94,292.555,0.0299,-0.6,75,7.25,86,3.8,0,1,train
2021-01-01,234.42,289.459,0.03374,1.4,73,4.41,72,7.26,0,1,train
2021-01-02,541.93,289.459,0.07801,2.3,74,4.48,57,7.33,0,1,train
2021-01-03,828.41,289.459,0.11925,-1.0,86,1.67,54,11.2,0,1,train
2021-01-04,808.21,289.459,0.11634,1.7,78,2.38,42,11.3,0,1,train
2021-01-05,324.46,289.459,0.0467,2.1,79,4.61,64,3.55,0,1,train
2021-01-06,462.02,289.459,0.06651,0.0,73,6.12,78,4.64,0,1,train
2021-01-07,142.65,289.459,0.02053,-4.3,80,8.59,92,2.8,0,1,train
2021-01-08,84.63,289.459,0.01218,-3.8,70,7.53,82,5.33,0,1,train
2021-01-09,125.06,289.459,0.018,-2.1,75,6.95,88,2.84,0,1,train
2021-01-10,192.54,289.459,0.02772,0.2,74,5.03,82,4.42,0,1,train
2021-01-11,260.77,289.459,0.03754,1.0,83,2.63,80,2.91,0,1,train
2021-01-12,503.26,289.459,0.07244,1.5,72,4.45,66,5.0,0,1,train
2021-01-13,1101.26,289.459,0.15852,6.1,62,5.29,1,13.04,0,1,train
2021-01-14,1145.44,289.459,0.16488,7.3,68,2.75,0,13.02,0,1,train
2021-01-15,816.13,289.459,0.11748,9.2,75,4.41,26,12.89,0,1,train
2021-01-16,732.34,289.459,0.10542,1.7,83,6.36,63,10.14,0,1,train
2021-01-17,370.57,289.459,0.05334,-0.6,72,6.45,73,6.45,0,1,train
2021-01-18,699.42,289.459,0.10068,2.6,66,6.18,41,11.39,0,1,train
2021-01-19,1373.62,289.459,0.19773,-0.2,69,2.76,3,13.78,0,1,train
2021-01-20,937.34,289.459,0.13493,5.8,74,3.19,2,13.28,0,1,train
2021-01-21,772.33,289.459,0.11117,10.2,68,2.12,40,7.11,0,1,train
2021-01-22,119.85,289.459,0.01725,9.5,96,1.98,88,2.28,0,1,train
2021-01-23,137.73,289.459,0.01983,9.9,98,4.0,95,0.87,0,1,train
2021-01-24,999.27,289.459,0.14384,8.1,81,4.92,50,12.59,0,1,train
2021-01-25,831.59,289.459,0.1197,8.9,83,5.58,40,11.55,0,1,train
2021-01-26,247.37,289.459,0.03561,8.2,93,3.84,90,1.39,0,1,train
2021-01-27,1384.07,289.459,0.19923,3.7,65,2.79,14,14.69,0,1,train
2021-01-28,842.55,289.459,0.12128,3.2,67,7.06,47,9.08,0,1,train
2021-01-29,956.86,289.459,0.13774,-1.6,76,6.6,63,7.81,0,1,train
2021-01-30,1138.24,289.459,0.16385,3.3,65,4.04,3,14.9,0,1,train
2021-01-31,715.89,289.459,0.10305,7.8,63,4.06,42,11.45,0,1,train
2021-02-01,114.67,289.865,0.01648,10.0,86,5.11,70,3.46,0,1,train
2021-02-02,1256.51,289.865,0.18062,1.0,76,6.02,34,13.63,0,1,train
2021-02-03,1317.25,289.865,0.18935,0.9,69,2.56,8,15.56,0,1,train
2021-02-04,1449.24,289.865,0.20832,3.3,76,4.38,27,15.06,0,1,train
2021-02-05,295.09,289.865,0.04242,3.7,60,1.95,55,7.98,0,1,train
2021-02-06,1145.3,289.865,0.16463,8.1,63,3.1,8,15.79,0,1,train
2021-02-07,1152.58,289.865,0.16568,8.1,74,3.83,6,15.84,0,1,train
2021-02-08,1273.25,289.865,0.18302,0.8,76,5.47,24,14.49,0,1,train
2021-02-09,1402.48,289.865,0.2016,0.2,78,2.53,5,16.22,0,1,train
2021-02-10,1059.12,289.865,0.15224,3.9,63,2.58,36,15.47,0,1,train
2021-02-11,460.02,289.865,0.06613,6.2,72,3.01,85,8.49,0,1,train
2021-02-12,459.08,289.865,0.06599,8.6,69,2.93,66,6.88,0,1,train
2021-02-13,1047.31,289.865,0.15055,11.0,71,2.58,39,10.73,0,1,train
2021-02-14,400.78,289.865,0.05761,11.9,85,2.28,52,8.68,0,1,train
2021-02-15,553.89,289.865,0.07962,5.2,89,6.71,73,4.72,0,1,train
2021-02-16,1291.11,289.865,0.18559,2.4,70,6.08,40,16.78,0,1,train
2021-02-17,532.3,289.865,0.07652,-2.1,72,9.26,81,5.09,0,1,train
2021-02-18,422.57,289.865,0.06074,-1.4,81,8.12,89,4.84,0,1,train
2021-02-19,1554.51,289.865,0.22345,4.7,59,4.61,8,18.13,0,1,train
2021-02-20,1411.11,289.865,0.20284,12.8,50,7.87,0,17.79,0,1,train
2021-02-21,1513.5,289.865,0.21756,15.2,47,7.65,1,18.24,0,1,train
2021-02-22,1377.78,289.865,0.19805,13.5,59,5.89,11,17.18,0,1,train
2021-02-23,1474.5,289.865,0.21195,3.3,67,2.59,20,18.14,0,1,train
2021-02-24,1425.6,289.865,0.20492,5.5,68,2.56,7,18.28,0,1,train
2021-02-25,470.64,289.865,0.06765,8.9,83,5.3,64,9.46,0,1,train
2021-02-26,418.21,289.865,0.06012,8.3,87,7.55,88,3.44,0,1,train
2021-02-27,603.58,289.865,0.08676,8.0,78,8.97,68,13.02,0,1,train
2021-02-28,480.18,289.865,0.06902,11.1,84,7.33,75,5.46,0,1,train
2021-03-01,127.18,288.53,0.01837,13.6,91,8.98,73,5.76,0,1,train
2021-03-02,1384.2,288.53,0.19989,3.1,89,5.41,68,10.13,0,1,train
2021-03-03,1165.56,288.53,0.16832,5.0,77,3.81,26,17.04,0,1,train
2021-03-04,167.03,288.53,0.02412,7.9,92,2.64,78,4.17,0,1,train
2021-03-05,1371.43,288.53,0.19805,9.9,84,2.42,69,16.93,0,1,train
2021-03-06,592.28,288.53,0.08553,7.9,78,4.02,57,9.76,0,1,train
2021-03-07,480.53,288.53,0.06939,6.7,85,4.05,62,8.8,0,1,train
2021-03-08,1383.52,288.53,0.19979,7.0,81,2.43,32,19.91,0,1,train
2021-03-09,818.71,288.53,0.11823,7.3,76,2.78,44,15.38,0,1,train
2021-03-10,1509.19,288.53,0.21794,7.8,68,3.59,2,20.45,0,1,train
2021-03-11,779.44,288.53,0.11256,11.7,75,3.47,64,13.19,0,1,train
2021-03-12,418.42,288.53,0.06042,8.8,97,4.02,91,1.66,0,1,train
2021-03-13,1148.86,288.53,0.16591,8.2,84,2.37,52,17.47,0,1,train
2021-03-14,1569.51,288.53,0.22665,8.0,64,2.7,0,21.28,0,1,train
2021-03-15,1220.38,288.53,0.17624,11.7,63,2.9,37,20.31,0,1,train
2021-03-16,1068.58,288.53,0.15431,10.9,76,4.31,49,11.8,0,1,train
2021-03-17,1608.09,288.53,0.23222,8.6,58,2.75,18,21.68,0,1,train
2021-03-18,1178.06,288.53,0.17012,10.8,79,4.18,17,21.39,0,1,train
2021-03-19,702.1,288.53,0.10139,10.6,92,4.81,65,7.42,0,1,train
2021-03-20,206.82,288.53,0.02987,11.7,96,5.02,88,3.12,0,1,train
2021-03-21,1347.65,288.53,0.19461,5.7,76,7.52,54,19.04,0,1,train
2021-03-22,1835.47,288.53,0.26506,4.7,62,6.56,18,22.44,0,1,train
2021-03-23,1657.74,288.53,0.23939,8.5,55,4.03,0,22.74,0,1,train
2021-03-24,1203.2,288.53,0.17375,10.1,58,2.0,36,18.3,0,1,train
2021-03-25,1764.48,288.53,0.25481,11.2,60,2.41,2,23.33,0,1,train
2021-03-26,1757.92,288.53,0.25386,12.3,47,1.56,11,23.47,0,1,train
2021-03-27,256.15,288.53,0.03699,14.8,78,7.38,57,5.92,0,1,train
2021-03-28,1157.69,288.53,0.16718,13.2,74,5.67,25,22.22,0,1,train
2021-03-29,1380.09,288.53,0.1993,13.3,53,3.61,6,23.53,0,1,train
2021-03-30,1653.78,288.53,0.23882,10.6,41,1.79,21,23.16,0,1,train
2021-03-31,1045.59,288.53,0.15099,14.1,37,4.6,75,16.31,0,1,train
2021-04-01,351.73,296.447,0.04944,11.3,83,7.92,73,3.12,0,1,train
2021-04-02,612.16,296.447,0.08604,13.9,87,9.86,65,11.09,0,1,train
2021-04-03,228.63,296.447,0.03213,16.6,90,7.37,69,6.68,0,1,train
2021-04-04,479.44,296.447,0.06739,8.5,99,4.49,99,4.84,0,1,train
2021-04-05,1743.1,296.447,0.245,8.9,72,3.18,35,24.05,0,1,train
2021-04-06,1817.17,296.447,0.25541,9.7,70,2.75,15,23.71,0,1,train
2021-04-07,1652.58,296.447,0.23228,11.4,56,2.63,36,22.92,0,1,train
2021-04-08,1578.44,296.447,0.22186,10.3,57,2.97,33,22.65,0,1,train
2021-04-09,1428.56,296.447,0.20079,9.7,75,3.19,28,18.63,0,1,train
2021-04-10,1623.21,296.447,0.22815,10.8,77,4.88,23,21.84,0,1,train
2021-04-11,1709.81,296.447,0.24032,12.8,69,5.21,29,24.89,0,1,train
2021-04-12,181.13,296.447,0.02546,15.4,82,8.09,85,2.96,0,1,train
2021-04-13,1007.49,296.447,0.14161,10.0,90,6.22,73,17.2,0,1,train
2021-04-14,1594.62,296.447,0.22413,6.6,71,4.47,36,24.63,0,1,train
2021-04-15,1588.16,296.447,0.22322,9.6,63,2.56,21,22.45,0,1,train
2021-04-16,1450.8,296.447,0.20392,12.1,79,1.8,28,21.69,0,1,train
2021-04-17,1705.65,296.447,0.23974,10.1,76,5.2,26,24.28,0,1,train
2021-04-18,1881.71,296.447,0.26448,8.0,68,6.22,20,25.77,0,1,train
2021-04-19,1898.16,296.447,0.26679,10.3,43,3.32,0,27.18,0,1,train
2021-04-20,1822.38,296.447,0.25614,12.5,42,2.23,3,26.81,0,1,train
2021-04-21,1590.77,296.447,0.22359,13.1,49,1.67,37,18.68,0,1,train
2021-04-22,1156.12,296.447,0.1625,17.4,52,5.83,49,20.24,0,1,train
2021-04-23,1398.76,296.447,0.1966,16.8,68,6.53,54,20.68,0,1,train
2021-04-24,1011.16,296.447,0.14212,15.7,85,4.27,38,19.81,0,1,train
2021-04-25,1730.32,296.447,0.2432,14.9,75,3.1,25,24.52,0,1,train
2021-04-26,1821.57,296.447,0.25603,12.8,70,5.11,36,23.97,0,1,train
2021-04-27,1010.19,296.447,0.14199,14.0,66,1.78,53,12.77,0,1,train
2021-04-28,1047.35,296.447,0.14721,14.2,90,1.95,64,17.38,0,1,train
2021-04-29,1727.73,296.447,0.24284,15.2,54,5.11,22,27.23,0,1,train
2021-04-30,1873.26,296.447,0.26329,14.0,67,5.55,25,27.56,0,1,train
2021-05-01,1307.9,297.708,0.18305,10.2,85,5.78,64,12.66,0,1,train
2021-05-02,1780.45,297.708,0.24919,9.6,78,4.85,18,22.88,0,1,train
2021-05-03,1734.2,297.708,0.24272,12.1,62,1.71,23,26.8,0,1,train
2021-05-04,209.35,297.708,0.0293,16.4,82,6.92,80,5.72,0,1,train
2021-05-05,1813.06,297.708,0.25375,13.3,62,5.39,36,27.11,0,1,train
2021-05-06,1759.0,297.708,0.24619,15.7,34,2.52,23,25.92,0,1,train
2021-05-07,1562.13,297.708,0.21863,16.5,61,4.48,32,25.63,0,1,train
2021-05-08,1464.82,297.708,0.20501,15.8,55,4.33,35,26.54,0,1,train
2021-05-09,1717.34,297.708,0.24036,16.1,57,2.13,18,26.68,0,1,train
2021-05-10,1212.6,297.708,0.16971,18.7,70,2.05,15,26.28,0,1,train
2021-05-11,304.28,297.708,0.04259,16.7,96,5.99,85,8.01,0,1,train
2021-05-12,1026.35,297.708,0.14365,14.3,98,6.24,97,7.17,0,1,train
2021-05-13,1694.33,297.708,0.23714,17.5,84,3.8,43,24.77,0,1,train
2021-05-14,712.96,297.708,0.09978,18.2,91,2.19,81,9.1,0,1,train
2021-05-15,1057.54,297.708,0.14801,23.2,85,4.74,49,14.64,0,1,train
2021-05-16,319.92,297.708,0.04478,22.8,88,7.56,60,8.76,0,1,train
2021-05-17,751.6,297.708,0.10519,14.6,98,4.37,91,4.01,0,1,train
2021-05-18,1573.2,297.708,0.22018,15.4,72,2.78,36,26.11,0,1,train
2021-05-19,1592.55,297.708,0.22289,17.7,68,1.96,48,26.94,0,1,train
2021-05-20,370.6,297.708,0.05187,17.2,89,4.18,77,8.38,0,1,train
2021-05-21,1626.19,297.708,0.2276,15.1,74,5.73,39,25.46,0,1,train
2021-05-22,1776.63,297.708,0.24865,16.4,69,2.7,24,28.01,0,1,train
2021-05-23,1748.82,297.708,0.24476,18.6,62,1.56,30,25.98,0,1,train
2021-05-24,1682.85,297.708,0.23553,17.2,69,2.94,40,25.32,0,1,train
2021-05-25,1663.94,297.708,0.23288,17.6,47,5.61,30,24.27,0,1,train
2021-05-26,492.56,297.708,0.06894,17.2,52,3.79,76,8.09,0,1,train
2021-05-27,1334.13,297.708,0.18672,17.2,78,4.01,51,22.35,0,1,train
2021-05-28,1115.07,297.708,0.15606,19.3,61,6.85,28,24.01,0,1,train
2021-05-29,1818.84,297.708,0.25456,17.1,69,2.82,10,28.51,0,1,train
2021-05-30,1753.99,297.708,0.24549,19.8,48,2.45,6,27.64,0,1,train
2021-05-31,1725.66,297.708,0.24152,20.3,51,1.79,9,28.02,0,1,train
2021-06-01,1630.53,299.697,0.22669,21.4,57,2.0,22,27.48,0,1,train
2021-06-02,734.3,299.697,0.10209,20.5,65,6.15,71,12.74,0,1,train
2021-06-03,791.09,299.697,0.10998,21.2,87,6.78,69,16.28,0,1,train
2021-06-04,1495.89,299.697,0.20797,17.4,70,3.58,51,24.05,0,1,train
2021-06-05,1478.68,299.697,0.20558,21.0,57,3.96,24,25.97,0,1,train
2021-06-06,1744.13,299.697,0.24249,21.0,54,1.55,22,26.59,0,1,train
2021-06-07,1710.8,299.697,0.23785,20.7,57,1.79,17,27.5,0,1,train
2021-06-08,1391.54,299.697,0.19346,22.9,64,2.77,42,26.29,0,1,train
2021-06-09,926.05,299.697,0.12875,24.0,77,2.63,37,19.74,0,1,train
2021-06-10,449.87,299.697,0.06255,22.7,75,6.78,78,9.06,0,1,train
2021-06-11,324.59,299.697,0.04513,21.9,94,2.43,78,4.37,0,1,train
2021-06-12,1340.76,299.697,0.1864,21.2,93,1.93,69,22.46,0,1,train
2021-06-13,1424.74,299.697,0.19808,19.6,91,1.51,72,20.96,0,1,train
2021-06-14,1335.86,299.697,0.18572,19.3,80,1.33,37,26.22,0,1,train
2021-06-15,175.0,299.697,0.02433,21.2,90,4.45,83,3.07,0,1,train
2021-06-16,663.1,299.697,0.09219,19.8,95,5.73,86,8.75,0,1,train
2021-06-17,509.12,299.697,0.07078,19.5,94,3.71,71,8.9,0,1,train
2021-06-18,568.82,299.697,0.07908,20.4,91,1.53,61,8.29,0,1,train
2021-06-19,1719.48,299.697,0.23906,20.7,76,2.89,38,27.87,0,1,train
2021-06-20,1719.37,299.697,0.23904,21.6,56,2.25,11,27.64,0,1,train
2021-06-21,1704.94,299.697,0.23704,22.4,57,2.48,9,27.69,0,1,train
2021-06-22,1577.22,299.697,0.21928,22.7,69,2.63,10,27.39,0,1,train
2021-06-23,1095.39,299.697,0.15229,20.6,76,2.38,14,25.28,0,1,train
2021-06-24,1007.05,299.697,0.14001,20.6,81,1.68,49,15.49,0,1,train
2021-06-25,1243.19,299.697,0.17284,21.3,80,1.33,59,12.98,0,1,train
2021-06-26,882.59,299.697,0.12271,22.1,76,2.89,57,13.93,0,1,train
2021-06-27,1155.69,299.697,0.16067,22.7,81,3.75,39,19.76,0,1,train
2021-06-28,1145.1,299.697,0.1592,21.6,88,3.69,36,19.18,0,1,train
2021-06-29,1186.06,299.697,0.1649,22.0,82,2.67,32,19.29,0,1,train
2021-06-30,1042.69,299.697,0.14496,22.4,80,3.25,34,21.69,0,1,train
2021-07-01,1185.85,297.466,0.1661,22.8,85,2.98,23,19.75,0,1,train
2021-07-02,432.84,297.466,0.06063,23.0,88,3.36,63,15.36,0,1,train
2021-07-03,242.05,297.466,0.0339,24.2,89,6.9,86,3.58,0,1,train
2021-07-04,221.31,297.466,0.031,24.2,90,3.57,86,2.8,0,1,train
2021-07-05,528.22,297.466,0.07399,25.0,86,3.94,75,13.65,0,1,train
2021-07-06,693.75,297.466,0.09717,25.8,81,8.93,75,13.73,0,1,train
2021-07-07,312.56,297.466,0.04378,25.2,90,3.24,56,11.22,0,1,train
2021-07-08,494.24,297.466,0.06923,25.9,86,3.44,72,7.61,0,1,train
2021-07-09,1004.11,297.466,0.14065,25.1,84,3.57,44,19.97,0,1,train
2021-07-10,1069.4,297.466,0.14979,25.3,81,2.22,33,21.47,0,1,train
2021-07-11,917.51,297.466,0.12852,26.1,83,2.21,32,20.04,0,1,train
2021-07-12,1295.72,297.466,0.18149,25.7,82,1.67,52,15.22,0,1,train
2021-07-13,1057.08,297.466,0.14807,26.3,78,3.43,41,19.27,0,1,train
2021-07-14,991.26,297.466,0.13885,25.9,77,2.75,70,14.49,0,1,train
2021-07-15,1502.51,297.466,0.21046,25.0,78,1.33,35,21.41,0,1,train
2021-07-16,1118.45,297.466,0.15666,24.6,84,1.72,33,17.87,0,1,train
2021-07-17,1107.95,297.466,0.15519,24.1,84,3.4,51,14.83,0,1,train
2021-07-18,959.73,297.466,0.13443,23.8,89,4.78,85,8.19,0,1,train
2021-07-19,1428.6,297.466,0.20011,25.0,82,5.14,50,17.57,0,1,train
2021-07-20,1221.23,297.466,0.17106,24.8,85,4.54,54,16.5,0,1,train
2021-07-21,1397.31,297.466,0.19572,25.3,84,4.62,19,26.31,0,1,train
2021-07-22,1300.67,297.466,0.18219,25.3,85,5.09,34,24.09,0,1,train
2021-07-23,706.83,297.466,0.09901,24.6,89,4.5,72,10.5,0,1,train
2021-07-24,1091.27,297.466,0.15286,25.0,87,5.32,69,12.56,0,1,train
2021-07-25,420.89,297.466,0.05895,24.3,89,7.83,88,3.7,0,1,train
2021-07-26,469.75,297.466,0.0658,24.5,87,7.97,82,9.04,0,1,train
2021-07-27,1506.57,297.466,0.21103,25.5,77,6.11,9,27.55,0,1,train
2021-07-28,1501.99,297.466,0.21039,25.6,77,4.66,3,27.67,0,1,train
2021-07-29,1539.29,297.466,0.21561,25.5,71,1.93,33,24.17,0,1,train
2021-07-30,783.5,297.466,0.10975,25.3,79,1.81,30,16.26,0,1,train
2021-07-31,725.68,297.466,0.10165,25.1,95,1.08,65,7.01,0,1,train
2021-08-01,1232.09,302.092,0.16994,26.1,82,1.34,35,16.57,0,1,train
2021-08-02,959.02,302.092,0.13227,25.5,84,1.49,37,16.29,0,1,train
2021-08-03,1114.24,302.092,0.15368,25.9,78,3.45,33,23.49,0,1,train
2021-08-04,1356.12,302.092,0.18705,26.0,78,4.99,19,20.76,0,1,train
2021-08-05,1371.32,302.092,0.18914,26.5,74,3.89,16,23.77,0,1,train
2021-08-06,1586.95,302.092,0.21888,25.9,80,2.45,10,26.1,0,1,train
2021-08-07,1358.58,302.092,0.18738,25.9,88,2.19,32,19.68,0,1,train
2021-08-08,525.39,302.092,0.07247,24.7,91,2.53,47,8.99,0,1,train
2021-08-09,1313.66,302.092,0.18119,24.5,92,3.63,44,18.33,0,1,train
2021-08-10,1255.74,302.092,0.1732,24.1,86,2.12,48,17.15,0,1,train
2021-08-11,479.73,302.092,0.06617,24.3,88,2.87,66,9.26,0,1,train
2021-08-12,441.83,302.092,0.06094,23.8,92,1.57,84,4.32,0,1,train
2021-08-13,416.94,302.092,0.05751,22.8,93,3.52,72,7.13,0,1,train
2021-08-14,249.28,302.092,0.03438,22.3,95,4.26,82,1.86,0,1,train
2021-08-15,398.51,302.092,0.05497,23.0,87,3.82,70,8.46,0,1,train
2021-08-16,576.94,302.092,0.07958,22.9,91,5.4,75,6.01,0,1,train
2021-08-17,1284.64,302.092,0.17719,23.0,86,3.07,45,18.07,0,1,train
2021-08-18,1228.47,302.092,0.16944,22.8,80,2.23,29,21.12,0,1,train
2021-08-19,1045.84,302.092,0.14425,22.3,84,1.71,34,13.21,0,1,train
2021-08-20,1170.85,302.092,0.16149,24.2,77,3.56,39,20.62,0,1,train
2021-08-21,137.54,302.092,0.01897,25.2,87,5.31,85,2.38,0,1,train
2021-08-22,211.58,302.092,0.02918,23.7,92,1.2,56,6.59,0,1,train
2021-08-23,666.68,302.092,0.09195,25.1,86,5.43,71,12.33,0,1,train
2021-08-24,350.87,302.092,0.04839,26.9,86,5.99,62,14.43,0,1,train
2021-08-25,312.2,302.092,0.04306,25.3,90,2.57,70,6.54,0,1,train
2021-08-26,1308.03,302.092,0.18041,24.9,79,1.71,28,20.43,0,1,train
2021-08-27,1317.47,302.092,0.18171,25.1,82,3.3,23,22.9,0,1,train
2021-08-28,1159.08,302.092,0.15987,25.6,79,3.23,22,18.02,0,1,train
2021-08-29,1318.13,302.092,0.18181,25.8,78,3.2,11,21.99,0,1,train
2021-08-30,1183.79,302.092,0.16328,24.7,88,2.15,25,14.49,0,1,train
2021-08-31,1431.81,302.092,0.19749,24.3,77,1.97,42,17.6,0,1,train
2021-09-01,864.83,303.685,0.11866,25.6,80,4.52,54,20.44,0,1,train
2021-09-02,529.0,303.685,0.07258,22.0,92,2.04,76,4.68,0,1,train
2021-09-03,622.57,303.685,0.08542,22.6,94,2.82,74,7.42,0,1,train
2021-09-04,859.37,303.685,0.11791,22.6,88,3.91,59,10.68,0,1,train
2021-09-05,221.39,303.685,0.03038,22.1,90,5.34,81,3.6,0,1,train
2021-09-06,519.45,303.685,0.07127,22.4,90,5.76,82,3.25,0,1,train
2021-09-07,831.08,303.685,0.11403,24.1,86,4.37,58,10.92,0,1,train
2021-09-08,1401.55,303.685,0.1923,21.3,83,3.44,40,15.68,0,1,train
2021-09-09,1469.56,303.685,0.20163,21.2,82,1.7,32,16.29,0,1,train
2021-09-10,303.91,303.685,0.0417,21.4,91,1.42,73,3.91,0,1,train
2021-09-11,1055.25,303.685,0.14478,23.0,83,2.52,29,17.52,0,1,train
2021-09-12,942.36,303.685,0.1293,23.1,87,3.94,64,16.48,0,1,train
2021-09-13,156.18,303.685,0.02143,22.9,92,7.65,96,2.39,0,1,train
2021-09-14,229.62,303.685,0.0315,23.7,96,8.5,95,3.12,0,1,train
2021-09-15,311.82,303.685,0.04278,21.8,95,7.98,93,2.29,0,1,train
2021-09-16,75.89,303.685,0.01041,21.9,96,7.6,94,1.47,0,1,train
2021-09-17,466.92,303.685,0.06406,22.3,98,6.96,88,2.33,0,1,train
2021-09-18,843.41,303.685,0.11572,20.9,92,2.68,61,8.28,0,1,train
2021-09-19,1235.35,303.685,0.16949,21.3,83,3.55,18,19.03,0,1,train
2021-09-20,1324.92,303.685,0.18178,23.0,80,3.74,20,17.76,0,1,train
2021-09-21,864.15,303.685,0.11856,22.1,84,4.09,39,13.82,0,1,train
2021-09-22,1353.8,303.685,0.18575,23.2,65,3.85,1,22.01,0,1,train
2021-09-23,1429.17,303.685,0.19609,20.9,81,2.81,36,20.62,0,1,train
2021-09-24,1120.13,303.685,0.15369,19.2,83,2.99,23,14.76,0,1,train
2021-09-25,966.12,303.685,0.13256,20.9,84,4.45,42,11.88,0,1,train
2021-09-26,1047.44,303.685,0.14371,20.8,87,3.87,52,7.61,0,1,train
2021-09-27,944.32,303.685,0.12956,20.6,90,3.35,55,8.88,0,1,train
2021-09-28,778.4,303.685,0.1068,22.6,84,2.68,40,11.46,0,1,train
2021-09-29,1129.25,303.685,0.15494,23.1,84,1.06,28,14.54,0,1,train
2021-09-30,782.37,303.685,0.10734,20.9,94,2.54,70,13.5,0,1,train
2021-10-01,1423.39,309.614,0.19155,20.0,84,2.41,13,19.78,0,1,train
2021-10-02,1452.35,309.614,0.19545,20.5,72,2.02,0,20.65,0,1,train
2021-10-03,1458.32,309.614,0.19626,21.9,56,3.09,1,20.91,0,1,train
2021-10-04,1265.65,309.614,0.17033,23.7,66,4.41,10,19.95,0,1,train
2021-10-05,1089.29,309.614,0.14659,21.8,80,1.97,14,17.07,0,1,train
2021-10-06,1101.98,309.614,0.1483,21.6,80,3.17,20,13.65,0,1,train
2021-10-07,1191.1,309.614,0.16029,21.2,76,2.63,15,18.48,0,1,train
2021-10-08,966.96,309.614,0.13013,21.4,83,2.96,38,12.53,0,1,train
2021-10-09,470.17,309.614,0.06327,22.5,84,3.45,33,9.82,0,1,train
2021-10-10,753.29,309.614,0.10137,23.3,82,2.3,36,9.98,0,1,train
2021-10-11,851.54,309.614,0.1146,18.8,95,2.2,85,7.29,0,1,train
2021-10-12,453.72,309.614,0.06106,20.6,96,3.69,87,3.61,0,1,train
2021-10-13,325.53,309.614,0.04381,21.0,94,4.28,71,3.91,0,1,train
2021-10-14,811.89,309.614,0.10926,21.2,89,2.54,31,14.63,0,1,train
2021-10-15,1166.33,309.614,0.15696,19.5,85,1.64,39,10.35,0,1,train
2021-10-16,226.34,309.614,0.03046,14.9,86,5.04,81,4.41,0,1,train
2021-10-17,1582.29,309.614,0.21294,8.5,72,4.77,34,17.91,0,1,train
2021-10-18,1392.91,309.614,0.18745,9.4,67,2.2,10,17.68,0,1,train
2021-10-19,1091.6,309.614,0.1469,12.9,72,4.58,45,10.31,0,1,train
2021-10-20,498.47,309.614,0.06708,11.5,73,3.5,63,9.22,0,1,train
2021-10-21,1190.3,309.614,0.16019,11.4,75,3.39,44,11.69,0,1,train
2021-10-22,1197.01,309.614,0.16109,12.4,71,4.53,44,11.34,0,1,train
2021-10-23,1381.47,309.614,0.18591,11.7,73,2.56,9,16.92,0,1,train
2021-10-24,674.04,309.614,0.09071,14.2,73,2.31,47,7.64,0,1,train
2021-10-25,1423.18,309.614,0.19153,12.7,83,2.37,21,15.26,0,1,train
2021-10-26,1413.88,309.614,0.19027,12.3,74,2.57,12,17.11,0,1,train
2021-10-27,1212.63,309.614,0.16319,13.0,80,3.19,16,14.64,0,1,train
2021-10-28,1492.28,309.614,0.20083,11.5,75,2.25,14,16.48,0,1,train
2021-10-29,1083.18,309.614,0.14577,14.9,81,3.49,36,11.81,0,1,train
2021-10-30,597.7,309.614,0.08044,14.2,84,2.36,41,7.9,0,1,train
2021-10-31,1369.44,309.614,0.18429,13.4,79,2.22,8,16.04,0,1,train
2021-11-01,1088.69,313.437,0.14472,13.8,84,2.71,35,13.04,0,1,train
2021-11-02,1184.33,313.437,0.15744,11.2,77,3.25,21,13.58,0,1,train
2021-11-03,1310.73,313.437,0.17424,10.7,81,3.07,20,15.17,0,1,train
2021-11-04,1183.21,313.437,0.15729,12.8,81,2.94,22,12.38,0,1,train
2021-11-05,566.56,313.437,0.07532,13.9,73,3.51,49,9.43,0,1,train
2021-11-06,425.47,313.437,0.05656,16.1,73,5.44,43,10.53,0,1,train
2021-11-07,1056.31,313.437,0.14042,16.0,79,5.7,51,12.63,0,1,train
2021-11-08,308.63,313.437,0.04103,11.6,84,7.07,83,3.23,0,1,train
2021-11-09,583.07,313.437,0.07751,8.4,73,6.65,72,5.04,0,1,train
2021-11-10,427.76,313.437,0.05686,9.2,73,6.92,72,5.41,0,1,train
2021-11-11,807.75,313.437,0.10738,10.6,74,5.82,65,8.5,0,1,train
2021-11-12,791.01,313.437,0.10515,9.5,65,6.15,51,8.88,0,1,train
2021-11-13,1026.44,313.437,0.13645,10.2,67,3.28,41,11.47,0,1,train
2021-11-14,1211.2,313.437,0.16101,11.5,67,3.62,7,14.17,0,1,train
2021-11-15,1168.9,313.437,0.15539,10.6,73,2.54,2,13.97,0,1,train
2021-11-16,611.56,313.437,0.0813,10.0,78,2.26,32,9.69,0,1,train
2021-11-17,1165.55,313.437,0.15494,9.0,72,2.16,19,13.68,0,1,train
2021-11-18,1183.78,313.437,0.15737,10.4,66,2.03,11,14.01,0,1,train
2021-11-19,1281.26,313.437,0.17032,11.7,43,2.69,0,13.96,0,1,train
2021-11-20,1122.41,313.437,0.14921,11.5,76,2.58,8,13.58,0,1,train
2021-11-21,388.99,313.437,0.05171,13.0,84,2.26,64,7.41,0,1,train
2021-11-22,568.52,313.437,0.07558,7.9,77,7.54,76,6.4,0,1,train
2021-11-23,443.81,313.437,0.059,5.7,70,6.84,79,4.63,0,1,train
2021-11-24,929.39,313.437,0.12355,7.8,68,5.1,29,11.22,0,1,train
2021-11-25,1090.32,313.437,0.14494,9.5,72,4.42,5,12.88,0,1,train
2021-11-26,1266.07,313.437,0.1683,7.2,78,2.51,2,13.15,0,1,train
2021-11-27,1292.87,313.437,0.17187,5.9,74,2.55,3,13.16,0,1,train
2021-11-28,1056.51,313.437,0.14045,9.7,73,3.9,12,12.61,0,1,train
2021-11-29,1096.52,313.437,0.14577,11.9,72,3.3,15,10.88,0,1,train
2021-11-30,146.06,313.437,0.01942,10.9,85,6.99,75,2.79,0,1,train
2021-12-01,433.61,318.119,0.05679,4.7,74,7.91,87,2.44,0,1,train
2021-12-02,520.85,318.119,0.06822,5.0,73,3.62,63,6.13,0,1,train
2021-12-03,827.73,318.119,0.10841,7.1,67,5.75,50,7.89,0,1,train
2021-12-04,1059.36,318.119,0.13875,7.3,68,4.71,53,8.54,0,1,train
2021-12-05,803.44,318.119,0.10523,5.2,81,1.95,10,11.56,0,1,train
2021-12-06,981.89,318.119,0.12861,7.7,80,2.48,12,11.41,0,1,train
2021-12-07,1163.48,318.119,0.15239,6.2,78,2.72,5,12.11,0,1,train
2021-12-08,1030.5,318.119,0.13497,7.8,80,3.09,18,10.91,0,1,train
2021-12-09,518.41,318.119,0.0679,10.4,80,3.2,42,6.93,0,1,train
2021-12-10,951.52,318.119,0.12463,10.2,83,3.19,41,8.96,0,1,train
2021-12-11,692.4,318.119,0.09069,7.7,85,2.56,30,9.89,0,1,train
2021-12-12,556.2,318.119,0.07285,6.9,81,5.16,66,4.87,0,1,train
2021-12-13,684.93,318.119,0.08971,2.6,81,4.67,81,5.97,0,1,train
2021-12-14,864.89,318.119,0.11328,4.3,69,2.66,16,11.95,0,1,train
2021-12-15,568.98,318.119,0.07452,9.2,68,3.36,19,9.96,0,1,train
2021-12-16,130.62,318.119,0.01711,8.2,86,2.32,74,3.65,0,1,train
2021-12-17,351.22,318.119,0.046,3.5,74,8.68,79,3.87,0,1,train
2021-12-18,430.11,318.119,0.05634,0.4,84,4.49,93,1.63,0,1,train
2021-12-19,815.14,318.119,0.10677,4.2,69,5.65,44,9.68,0,1,train
2021-12-20,949.23,318.119,0.12433,6.7,66,4.47,4,11.83,0,1,train
2021-12-21,626.74,318.119,0.08209,9.0,74,4.08,3,11.73,0,1,train
2021-12-22,1207.73,318.119,0.15819,6.1,64,2.14,0,12.27,0,1,train
2021-12-23,1136.36,318.119,0.14884,7.0,63,2.64,0,12.03,0,1,train
2021-12-24,436.48,318.119,0.05717,6.9,81,4.57,47,6.0,0,1,train
2021-12-25,232.84,318.119,0.0305,-1.2,88,8.52,95,2.63,0,1,train
2021-12-26,203.58,318.119,0.02666,-2.1,85,6.8,93,2.75,0,1,train
2021-12-27,292.83,318.119,0.03835,0.5,86,4.69,87,2.65,0,1,train
2021-12-28,373.81,318.119,0.04896,3.5,75,2.91,35,8.92,0,1,train
2021-12-29,659.32,318.119,0.08636,5.6,71,5.47,38,9.38,0,1,train
2021-12-30,902.55,318.119,0.11821,3.2,70,7.49,62,8.6,0,1,train
2021-12-31,621.55,318.119,0.08141,1.1,74,6.51,66,7.33,0,1,train
2022-01-01,1063.12,301.444,0.14695,0.3,80,1.57,25,11.31,0,1,val
2022-01-02,746.1,301.444,0.10313,3.4,82,3.31,25,7.92,0,1,val
2022-01-03,1083.53,301.444,0.14977,2.0,79,2.81,8,12.37,0,1,val
2022-01-04,580.29,301.444,0.08021,2.5,83,2.9,30,6.84,0,1,val
2022-01-05,132.61,301.444,0.01833,1.5,89,1.5,82,1.52,0,1,val
2022-01-06,1252.25,301.444,0.17309,2.8,82,3.32,35,11.89,0,1,val
2022-01-07,1095.1,301.444,0.15137,0.9,79,2.15,22,12.37,0,1,val
2022-01-08,870.02,301.444,0.12026,1.8,86,2.77,15,12.21,0,1,val
2022-01-09,513.06,301.444,0.07092,3.5,81,2.8,40,7.77,0,1,val
2022-01-10,780.04,301.444,0.10782,3.4,84,2.8,30,9.45,0,1,val
2022-01-11,403.33,301.444,0.05575,0.8,79,7.66,87,2.74,0,1,val
2022-01-12,599.46,301.444,0.08286,-0.1,79,5.45,77,7.42,0,1,val
2022-01-13,411.19,301.444,0.05684,0.6,78,6.98,81,3.96,0,1,val
2022-01-14,902.72,301.444,0.12478,0.5,80,3.7,59,11.04,0,1,val
2022-01-15,693.17,301.444,0.09581,3.0,80,2.96,36,9.63,0,1,val
2022-01-16,824.43,301.444,0.11396,3.7,79,5.21,47,10.16,0,1,val
2022-01-17,643.02,301.444,0.08888,1.5,78,4.98,51,11.04,0,1,val
2022-01-18,1364.56,301.444,0.18861,0.1,75,3.48,29,12.71,0,1,val
2022-01-19,1250.49,301.444,0.17285,0.5,69,3.03,20,13.56,0,1,val
2022-01-20,1214.05,301.444,0.16781,-0.7,76,4.45,40,12.98,0,1,val
2022-01-21,694.23,301.444,0.09596,2.6,74,3.06,23,10.66,0,1,val
2022-01-22,529.92,301.444,0.07325,7.2,78,4.6,42,9.14,0,1,val
2022-01-23,269.22,301.444,0.03721,7.3,93,3.48,72,2.19,0,1,val
2022-01-24,462.84,301.444,0.06398,6.8,89,3.29,69,5.96,0,1,val
2022-01-25,177.74,301.444,0.02457,5.7,89,2.67,75,2.36,0,1,val
2022-01-26,984.01,301.444,0.13601,3.1,83,2.91,34,13.17,0,1,val
2022-01-27,669.57,301.444,0.09255,1.9,84,2.95,36,9.44,0,1,val
2022-01-28,1170.13,301.444,0.16174,1.1,83,3.69,41,10.71,0,1,val
2022-01-29,729.99,301.444,0.1009,0.6,80,3.64,49,10.41,0,1,val
2022-01-30,1171.66,301.444,0.16195,0.2,78,3.75,32,11.83,0,1,val
2022-01-31,1424.02,301.444,0.19683,0.7,76,3.63,12,14.6,0,1,val
2022-02-01,884.22,303.027,0.12158,2.3,72,5.52,43,11.52,0,1,val
2022-02-02,696.32,303.027,0.09575,0.1,82,3.1,37,10.14,0,1,val
2022-02-03,947.24,303.027,0.13025,0.2,75,3.36,33,13.22,0,1,val
2022-02-04,980.21,303.027,0.13478,0.2,73,4.66,51,10.55,0,1,val
2022-02-05,651.59,303.027,0.08959,-0.2,72,7.11,81,6.11,0,1,val
2022-02-06,1011.9,303.027,0.13914,0.5,70,5.4,56,11.26,0,1,val
2022-02-07,674.97,303.027,0.09281,0.0,79,2.06,51,7.66,0,1,val
2022-02-08,1493.49,303.027,0.20536,-0.2,75,2.68,27,15.2,0,1,val
2022-02-09,868.5,303.027,0.11942,2.1,88,2.12,43,7.71,0,1,val
2022-02-10,1299.72,303.027,0.17871,2.6,76,3.6,28,15.41,0,1,val
2022-02-11,1500.22,303.027,0.20628,1.9,70,2.22,15,15.96,0,1,val
2022-02-12,500.59,303.027,0.06883,6.0,67,3.11,47,8.74,0,1,val
2022-02-13,282.19,303.027,0.0388,6.4,83,2.46,87,1.95,0,1,val
2022-02-14,821.62,303.027,0.11297,5.6,79,2.92,46,7.81,0,1,val
2022-02-15,1157.03,303.027,0.15909,0.9,78,6.74,58,13.44,0,1,val
2022-02-16,661.18,303.027,0.09091,-1.2,74,6.88,81,7.69,0,1,val
2022-02-17,747.36,303.027,0.10276,-2.8,77,5.05,73,9.46,0,1,val
2022-02-18,580.88,303.027,0.07987,2.4,79,3.92,56,12.66,0,1,val
2022-02-19,554.77,303.027,0.07628,2.6,88,4.7,88,5.61,0,1,val
2022-02-20,987.28,303.027,0.13575,-1.8,71,8.01,68,8.42,0,1,val
2022-02-21,1033.98,303.027,0.14217,0.9,63,5.2,41,14.97,0,1,val
2022-02-22,1145.87,303.027,0.15756,0.6,66,5.48,44,14.73,0,1,val
2022-02-23,937.47,303.027,0.1289,-1.4,75,4.85,55,9.9,0,1,val
2022-02-24,1156.35,303.027,0.159,-0.7,72,4.26,26,16.15,0,1,val
2022-02-25,1700.4,303.027,0.23381,1.6,65,2.93,1,19.15,0,1,val
2022-02-26,1669.23,303.027,0.22952,6.4,42,4.06,4,19.13,0,1,val
2022-02-27,1829.82,303.027,0.2516,3.7,59,3.52,9,19.68,0,1,val
2022-02-28,648.53,303.027,0.08917,5.3,55,1.62,26,11.65,0,1,val
2022-03-01,608.97,308.959,0.08213,8.3,93,5.31,77,8.15,0,1,val
2022-03-02,1711.19,308.959,0.23077,2.6,75,5.01,18,18.86,0,1,val
2022-03-03,1439.84,308.959,0.19418,6.5,49,4.04,4,19.01,0,1,val
2022-03-04,1102.35,308.959,0.14866,9.9,40,4.17,34,13.29,0,1,val
2022-03-05,1725.75,308.959,0.23274,5.2,67,5.89,8,20.03,0,1,val
2022-03-06,1823.25,308.959,0.24589,1.8,69,4.33,24,20.17,0,1,val
2022-03-07,1354.0,308.959,0.1826,2.8,62,2.22,34,17.32,0,1,val
2022-03-08,1703.6,308.959,0.22975,6.7,41,3.03,2,20.55,0,1,val
2022-03-09,1671.66,308.959,0.22544,7.9,58,2.95,0,20.76,0,1,val
2022-03-10,1692.63,308.959,0.22827,9.4,42,2.42,40,20.53,0,1,val
2022-03-11,774.71,308.959,0.10448,14.0,73,4.17,33,14.4,0,1,val
2022-03-12,1632.97,308.959,0.22022,13.5,72,3.03,10,20.22,0,1,val
2022-03-13,173.38,308.959,0.02338,15.2,83,8.27,68,5.68,0,1,val
2022-03-14,422.76,308.959,0.05701,12.9,90,2.99,55,15.36,0,1,val
2022-03-15,1831.55,308.959,0.24701,9.5,60,1.76,17,21.69,0,1,val
2022-03-16,1656.47,308.959,0.22339,11.6,57,1.79,15,20.59,0,1,val
2022-03-17,298.94,308.959,0.04032,10.9,80,5.29,79,3.34,0,1,val
2022-03-18,439.27,308.959,0.05924,8.0,96,4.11,91,2.67,0,1,val
2022-03-19,437.36,308.959,0.05898,5.0,86,5.74,72,10.98,0,1,val
2022-03-20,772.15,308.959,0.10413,4.9,79,3.07,63,16.4,0,1,val
2022-03-21,510.99,308.959,0.06891,5.4,67,2.56,79,10.19,0,1,val
2022-03-22,1386.66,308.959,0.18701,6.0,73,2.55,56,20.73,0,1,val
2022-03-23,845.4,308.959,0.11401,5.6,85,2.47,57,6.21,0,1,val
2022-03-24,1704.71,308.959,0.2299,9.0,63,2.26,0,22.53,0,1,val
2022-03-25,457.93,308.959,0.06176,12.4,80,8.31,70,9.17,0,1,val
2022-03-26,623.21,308.959,0.08405,10.2,94,8.15,80,5.92,0,1,val
2022-03-27,1551.21,308.959,0.2092,8.8,64,3.69,38,21.63,0,1,val
2022-03-28,1094.65,308.959,0.14763,6.7,76,3.27,52,17.39,0,1,val
2022-03-29,1853.28,308.959,0.24994,10.7,75,2.87,4,23.15,0,1,val
2022-03-30,729.78,308.959,0.09842,14.3,85,1.15,47,15.45,0,1,val
2022-03-31,812.31,308.959,0.10955,9.0,91,2.73,68,13.68,0,1,val
2022-04-01,1424.13,308.874,0.19211,6.9,83,3.05,42,19.03,0,1,val
2022-04-02,1835.83,308.874,0.24765,6.0,78,2.39,17,22.39,0,1,val
2022-04-03,1942.97,308.874,0.2621,5.8,71,2.6,0,24.21,0,1,val
2022-04-04,1921.93,308.874,0.25927,8.4,66,2.02,2,24.16,0,1,val
2022-04-05,1332.38,308.874,0.17974,9.8,51,2.04,47,15.96,0,1,val
2022-04-06,1875.92,308.874,0.25306,10.5,64,2.2,4,24.16,0,1,val
2022-04-07,1734.74,308.874,0.23401,10.9,67,3.74,9,21.01,0,1,val
2022-04-08,1880.24,308.874,0.25364,14.1,53,2.54,0,24.44,0,1,val
2022-04-09,1689.19,308.874,0.22787,16.7,46,2.35,1,24.53,0,1,val
2022-04-10,1368.18,308.874,0.18457,15.1,60,1.23,43,20.06,0,1,val
2022-04-11,1226.77,308.874,0.16549,17.4,86,2.38,22,17.49,0,1,val
2022-04-12,1580.56,308.874,0.21322,17.5,80,1.71,13,24.35,0,1,val
2022-04-13,961.83,308.874,0.12975,15.7,91,3.62,63,12.58,0,1,val
2022-04-14,459.24,308.874,0.06195,11.7,98,5.48,92,2.3,0,1,val
2022-04-15,1342.26,308.874,0.18107,10.3,88,3.41,62,20.64,0,1,val
2022-04-16,1743.63,308.874,0.23521,9.5,76,2.4,21,24.59,0,1,val
2022-04-17,1601.39,308.874,0.21603,11.0,50,2.72,10,26.54,0,1,val
2022-04-18,1269.32,308.874,0.17123,12.1,58,1.66,49,11.19,0,1,val
2022-04-19,1773.23,308.874,0.23921,13.0,50,2.35,8,24.71,0,1,val
2022-04-20,1808.69,308.874,0.24399,13.7,47,1.71,15,25.94,0,1,val
2022-04-21,948.04,308.874,0.12789,13.3,58,1.68,42,15.81,0,1,val
2022-04-22,1812.27,308.874,0.24447,17.8,61,2.98,28,25.48,0,1,val
2022-04-23,537.35,308.874,0.07249,16.6,90,1.21,81,9.4,0,1,val
2022-04-24,1550.04,308.874,0.2091,16.8,90,1.74,37,21.05,0,1,val
2022-04-25,1220.14,308.874,0.1646,18.8,81,4.24,52,21.04,0,1,val
2022-04-26,164.92,308.874,0.02225,18.4,92,6.96,86,3.31,0,1,val
2022-04-27,1738.16,308.874,0.23448,15.3,72,2.93,48,23.53,0,1,val
2022-04-28,1635.28,308.874,0.2206,16.0,73,3.98,23,23.76,0,1,val
2022-04-29,776.93,308.874,0.10481,10.9,95,3.33,82,8.35,0,1,val
2022-04-30,1335.44,308.874,0.18015,11.3,84,2.89,38,25.16,0,1,val
2022-05-01,1651.89,312.984,0.21991,10.3,71,3.32,65,25.84,0,1,val
2022-05-02,1805.11,312.984,0.24031,13.2,60,4.74,8,26.36,0,1,val
2022-05-03,1920.37,312.984,0.25565,11.7,65,2.1,1,27.22,0,1,val
2022-05-04,1931.24,312.984,0.2571,14.2,48,1.98,0,27.7,0,1,val
2022-05-05,1522.59,312.984,0.2027,16.9,65,2.49,5,25.6,0,1,val
2022-05-06,1772.67,312.984,0.23599,19.1,76,3.5,14,22.6,0,1,val
2022-05-07,1593.87,312.984,0.21219,16.2,86,2.13,25,19.97,0,1,val
2022-05-08,809.21,312.984,0.10773,15.0,83,2.8,31,13.66,0,1,val
2022-05-09,1453.14,312.984,0.19345,14.2,84,3.47,29,21.47,0,1,val
2022-05-10,816.2,312.984,0.10866,14.4,90,3.29,73,10.15,0,1,val
2022-05-11,343.11,312.984,0.04568,16.7,95,2.64,69,7.54,0,1,val
2022-05-12,867.65,312.984,0.11551,17.2,95,1.93,74,11.11,0,1,val
2022-05-13,252.16,312.984,0.03357,15.5,96,1.98,86,3.39,0,1,val
2022-05-14,1640.49,312.984,0.21839,13.2,70,3.11,19,26.77,0,1,val
2022-05-15,1414.37,312.984,0.18829,12.1,70,3.25,50,24.94,0,1,val
2022-05-16,1734.86,312.984,0.23096,14.6,56,2.43,43,24.37,0,1,val
2022-05-17,1912.95,312.984,0.25467,18.3,52,3.79,0,27.87,0,1,val
2022-05-18,1932.16,312.984,0.25722,19.5,50,2.66,4,27.99,0,1,val
2022-05-19,1104.61,312.984,0.14705,18.6,52,2.36,75,18.67,0,1,val
2022-05-20,1017.33,312.984,0.13543,17.4,72,2.49,63,8.91,0,1,val
2022-05-21,1908.98,312.984,0.25414,17.2,77,2.41,5,27.53,0,1,val
2022-05-22,1842.75,312.984,0.24532,20.0,57,3.53,6,27.8,0,1,val
2022-05-23,1563.45,312.984,0.20814,19.9,54,2.56,42,24.8,0,1,val
2022-05-24,1829.31,312.984,0.24353,19.3,58,1.66,11,25.91,0,1,val
2022-05-25,1855.79,312.984,0.24706,19.0,72,1.51,24,25.01,0,1,val
2022-05-26,1255.5,312.984,0.16714,16.3,70,2.71,44,18.94,0,1,val
2022-05-27,1996.98,312.984,0.26585,19.6,50,4.6,9,28.24,0,1,val
2022-05-28,1454.26,312.984,0.1936,21.1,48,2.33,62,21.32,0,1,val
2022-05-29,701.72,312.984,0.09342,17.4,86,4.81,63,6.63,0,1,val
2022-05-30,923.93,312.984,0.123,18.1,98,3.44,92,5.69,0,1,val
2022-05-31,1860.25,312.984,0.24765,18.5,63,2.27,44,27.64,0,1,val
2022-06-01,1664.89,314.758,0.22039,18.6,63,1.41,64,21.87,0,1,val
2022-06-02,1667.57,314.758,0.22075,18.9,80,1.63,6,27.42,0,1,val
2022-06-03,1881.39,314.758,0.24905,19.8,78,1.87,17,27.54,0,1,val
2022-06-04,1080.62,314.758,0.14305,19.8,80,5.47,46,22.82,0,1,val
2022-06-05,298.69,314.758,0.03954,18.3,94,7.59,92,3.21,0,1,val
2022-06-06,1708.94,314.758,0.22622,17.5,89,3.06,45,23.0,0,1,val
2022-06-07,552.09,314.758,0.07308,16.8,89,1.3,56,9.15,0,1,val
2022-06-08,1223.28,314.758,0.16193,18.0,88,3.82,29,22.29,0,1,val
2022-06-09,1675.99,314.758,0.22186,19.0,82,2.71,29,24.02,0,1,val
2022-06-10,698.96,314.758,0.09253,19.8,78,1.98,78,16.4,0,1,val
2022-06-11,1317.23,314.758,0.17437,18.5,92,3.57,50,12.19,0,1,val
2022-06-12,1226.45,314.758,0.16235,19.3,85,4.24,58,22.1,0,1,val
2022-06-13,375.36,314.758,0.04969,17.5,95,5.6,80,3.96,0,1,val
2022-06-14,552.33,314.758,0.07312,17.3,99,3.61,97,2.03,0,1,val
2022-06-15,1272.55,314.758,0.16846,20.9,79,3.14,20,25.86,0,1,val
2022-06-16,1480.8,314.758,0.19602,21.9,73,2.01,26,19.11,0,1,val
2022-06-17,1133.18,314.758,0.15001,21.7,80,0.95,39,17.24,0,1,val
2022-06-18,1629.73,314.758,0.21574,22.1,84,1.35,22,24.91,0,1,val
2022-06-19,1302.54,314.758,0.17243,22.6,85,1.06,33,23.26,0,1,val
2022-06-20,755.38,314.758,0.09999,21.2,92,1.35,81,17.56,0,1,val
2022-06-21,1379.09,314.758,0.18256,21.4,95,2.35,59,14.9,0,1,val
2022-06-22,1548.84,314.758,0.20503,22.8,90,1.14,21,25.82,0,1,val
2022-06-23,785.11,314.758,0.10393,25.0,85,6.61,42,16.94,0,1,val
2022-06-24,631.67,314.758,0.08362,24.3,87,6.99,54,13.74,0,1,val
2022-06-25,1380.41,314.758,0.18273,25.8,82,4.83,32,23.19,0,1,val
2022-06-26,838.91,314.758,0.11105,25.3,87,7.53,39,20.15,0,1,val
2022-06-27,591.71,314.758,0.07833,24.5,89,8.09,77,9.3,0,1,val
2022-06-28,599.56,314.758,0.07937,24.8,90,9.92,72,15.53,0,1,val
2022-06-29,876.4,314.758,0.11602,25.2,90,8.44,53,20.87,0,1,val
2022-06-30,1317.37,314.758,0.17439,25.9,82,4.21,33,26.57,0,1,val
2022-07-01,1761.11,318.531,0.23037,25.2,79,2.57,6,27.04,0,1,val
2022-07-02,1773.37,318.531,0.23197,24.2,81,1.48,14,20.65,0,1,val
2022-07-03,1305.52,318.531,0.17077,24.4,88,3.15,41,17.52,0,1,val
2022-07-04,1004.51,318.531,0.1314,24.3,93,3.54,51,16.77,0,1,val
2022-07-05,1156.44,318.531,0.15127,24.1,92,1.43,47,13.17,0,1,val
2022-07-06,1487.5,318.531,0.19458,26.2,86,2.76,49,18.9,0,1,val
2022-07-07,1010.52,318.531,0.13218,26.3,88,3.26,50,20.96,0,1,val
2022-07-08,1068.35,318.531,0.13975,25.9,90,2.98,34,15.03,0,1,val
2022-07-09,1941.75,318.531,0.254,24.2,82,2.78,1,27.81,0,1,val
2022-07-10,1642.9,318.531,0.21491,25.1,82,1.32,27,24.0,0,1,val
2022-07-11,618.59,318.531,0.08092,25.6,89,1.82,59,15.72,0,1,val
2022-07-12,886.5,318.531,0.11596,25.7,89,2.48,56,17.79,0,1,val
2022-07-13,939.62,318.531,0.12291,26.9,83,2.4,47,17.25,0,1,val
2022-07-14,707.15,318.531,0.0925,26.2,87,5.07,47,8.95,0,1,val
2022-07-15,471.51,318.531,0.06168,23.9,91,2.11,70,5.65,0,1,val
2022-07-16,1571.97,318.531,0.20563,24.2,82,3.32,39,22.57,0,1,val
2022-07-17,912.7,318.531,0.11939,24.5,76,2.87,72,10.07,0,1,val
2022-07-18,445.31,318.531,0.05825,25.6,88,4.6,73,5.56,0,1,val
2022-07-19,1837.17,318.531,0.24032,24.4,88,3.64,38,24.16,0,1,val
2022-07-20,1437.37,318.531,0.18802,24.2,84,1.58,50,16.7,0,1,val
2022-07-21,1479.04,318.531,0.19347,25.0,90,6.87,73,11.48,0,1,val
2022-07-22,1772.36,318.531,0.23184,23.3,88,3.78,29,23.12,0,1,val
2022-07-23,1346.07,318.531,0.17608,24.8,83,3.34,54,19.95,0,1,val
2022-07-24,1533.33,318.531,0.20057,24.9,88,4.78,32,22.2,0,1,val
2022-07-25,1595.3,318.531,0.20868,22.9,88,2.3,15,24.85,0,1,val
2022-07-26,1632.8,318.531,0.21358,23.7,82,1.82,12,25.12,0,1,val
2022-07-27,1147.05,318.531,0.15004,25.5,84,1.8,36,17.58,0,1,val
2022-07-28,1487.51,318.531,0.19458,26.1,83,2.67,31,19.62,0,1,val
2022-07-29,1371.55,318.531,0.17941,25.7,93,4.42,40,19.3,0,1,val
2022-07-30,306.84,318.531,0.04014,24.5,96,6.6,86,2.97,0,1,val
2022-07-31,451.62,318.531,0.05908,25.7,92,7.78,97,4.84,0,1,val
2022-08-01,618.94,323.159,0.0798,25.7,92,6.12,78,8.32,0,1,val
2022-08-02,1105.66,323.159,0.14256,26.1,88,1.03,62,8.55,0,1,val
2022-08-03,1561.24,323.159,0.2013,26.9,84,1.73,27,18.72,0,1,val
2022-08-04,1353.59,323.159,0.17453,26.8,83,1.86,23,17.76,0,1,val
2022-08-05,1490.82,323.159,0.19222,27.3,82,2.88,7,24.55,0,1,val
2022-08-06,1430.32,323.159,0.18442,26.8,87,1.45,29,16.29,0,1,val
2022-08-07,1539.48,323.159,0.19849,27.6,81,1.33,17,21.8,0,1,val
2022-08-08,1683.63,323.159,0.21708,27.7,76,4.55,29,25.79,0,1,val
2022-08-09,1656.33,323.159,0.21356,27.8,76,4.85,50,24.7,0,1,val
2022-08-10,1521.84,323.159,0.19622,27.3,77,4.06,57,20.25,0,1,val
2022-08-11,1068.64,323.159,0.13779,27.6,78,4.6,53,18.95,0,1,val
2022-08-12,1049.27,323.159,0.13529,26.4,86,3.16,58,6.79,0,1,val
2022-08-13,1562.65,323.159,0.20148,28.0,77,1.11,38,19.08,0,1,val
2022-08-14,1462.8,323.159,0.18861,28.5,75,3.24,53,15.96,0,1,val
2022-08-15,1454.52,323.159,0.18754,28.2,78,7.5,39,23.97,0,1,val
2022-08-16,971.1,323.159,0.12521,27.8,83,6.91,70,15.55,0,1,val
2022-08-17,158.67,323.159,0.02046,24.3,91,3.29,76,3.08,0,1,val
2022-08-18,1590.32,323.159,0.20505,24.1,85,1.85,39,21.7,0,1,val
2022-08-19,1502.45,323.159,0.19372,27.1,80,4.03,44,19.8,0,1,val
2022-08-20,537.14,323.159,0.06926,26.9,86,4.54,68,6.22,0,1,val
2022-08-21,1442.15,323.159,0.18594,24.2,90,2.79,37,21.74,0,1,val
2022-08-22,1489.25,323.159,0.19202,25.1,85,2.36,50,22.92,0,1,val
2022-08-23,1312.81,323.159,0.16927,25.5,79,1.78,76,7.17,0,1,val
2022-08-24,1343.3,323.159,0.1732,23.2,88,3.19,55,14.84,0,1,val
2022-08-25,1708.73,323.159,0.22032,22.3,81,3.36,19,23.15,0,1,val
2022-08-26,768.73,323.159,0.09912,21.6,88,2.41,50,7.01,0,1,val
2022-08-27,1524.9,323.159,0.19661,21.5,83,2.56,25,20.19,0,1,val
2022-08-28,1448.66,323.159,0.18678,20.4,83,3.18,38,12.75,0,1,val
2022-08-29,1240.44,323.159,0.15994,23.3,81,3.21,30,15.83,0,1,val
2022-08-30,1311.75,323.159,0.16913,25.0,86,1.95,46,15.1,0,1,val
2022-08-31,1044.77,323.159,0.13471,22.5,92,2.84,59,12.26,0,1,val
2022-09-01,615.7,338.319,0.07583,20.9,94,3.02,80,4.44,0,1,val
2022-09-02,139.12,338.319,0.01713,21.1,96,5.42,93,2.11,0,1,val
2022-09-03,533.62,338.319,0.06572,23.4,96,6.05,73,5.38,0,1,val
2022-09-04,444.14,338.319,0.0547,24.5,93,6.1,86,3.84,0,1,val
2022-09-05,182.84,338.319,0.02252,24.9,94,10.35,99,2.57,0,1,val
2022-09-06,1199.96,338.319,0.14778,21.1,91,8.42,56,14.27,0,1,val
2022-09-07,1848.99,338.319,0.22772,21.7,63,2.44,4,23.55,0,1,val
2022-09-08,1769.71,338.319,0.21795,20.8,80,2.94,18,23.63,0,1,val
2022-09-09,1279.04,338.319,0.15752,20.7,89,3.37,45,17.5,0,1,val
2022-09-10,834.89,338.319,0.10282,20.8,95,4.0,81,5.27,0,1,val
2022-09-11,727.39,338.319,0.08958,21.8,97,3.51,76,6.63,0,1,val
2022-09-12,324.42,338.319,0.03995,21.7,98,3.5,85,3.16,0,1,val
2022-09-13,137.29,338.319,0.01691,21.7,99,5.45,96,1.91,0,1,val
2022-09-14,766.67,338.319,0.09442,22.2,99,7.38,92,5.48,0,1,val
2022-09-15,439.43,338.319,0.05412,23.6,96,6.95,73,8.87,0,1,val
2022-09-16,1252.73,338.319,0.15428,25.3,86,3.76,28,15.96,0,1,val
2022-09-17,1118.68,338.319,0.13777,23.1,94,3.48,59,14.78,0,1,val
2022-09-18,1374.03,338.319,0.16922,22.8,94,3.63,76,7.83,0,1,val
2022-09-19,1522.23,338.319,0.18747,21.2,93,5.57,70,6.22,0,1,val
2022-09-20,965.57,338.319,0.11892,18.4,82,3.44,33,16.06,0,1,val
2022-09-21,1269.97,338.319,0.15641,17.9,80,3.94,41,13.91,0,1,val
2022-09-22,1102.75,338.319,0.13581,18.7,87,3.2,37,13.57,0,1,val
2022-09-23,1433.85,338.319,0.17659,18.2,87,3.19,31,16.94,0,1,val
2022-09-24,1687.08,338.319,0.20778,16.2,79,2.21,28,19.48,0,1,val
2022-09-25,1067.48,338.319,0.13147,18.2,84,2.81,50,11.46,0,1,val
2022-09-26,1361.14,338.319,0.16764,18.3,81,2.14,46,11.28,0,1,val
2022-09-27,1612.71,338.319,0.19862,18.8,84,2.19,38,16.99,0,1,val
2022-09-28,672.63,338.319,0.08284,19.7,91,2.44,66,7.43,0,1,val
2022-09-29,1311.5,338.319,0.16152,19.2,78,2.28,34,16.18,0,1,val
2022-09-30,1838.42,338.319,0.22642,19.0,66,1.61,4,20.21,0,1,val
2022-10-01,1800.79,354.942,0.21139,20.3,53,2.11,10,19.38,0,1,val
2022-10-02,1146.37,354.942,0.13457,22.4,68,2.54,11,15.89,0,1,val
2022-10-03,1401.31,354.942,0.1645,24.6,78,5.36,18,15.45,0,1,val
2022-10-04,455.17,354.942,0.05343,19.9,90,6.67,57,3.49,0,1,val
2022-10-05,1589.51,354.942,0.18659,15.2,83,2.93,46,14.9,0,1,val
2022-10-06,773.19,354.942,0.09076,14.4,87,2.76,76,8.64,0,1,val
2022-10-07,1234.76,354.942,0.14495,14.2,79,4.21,48,13.72,0,1,val
2022-10-08,440.79,354.942,0.05174,15.3,88,3.88,69,7.84,0,1,val
2022-10-09,427.36,354.942,0.05017,16.5,89,5.17,71,4.6,0,1,val
2022-10-10,1283.61,354.942,0.15068,13.4,75,6.84,62,9.44,0,1,val
2022-10-11,1599.87,354.942,0.18781,13.1,80,4.75,36,15.01,0,1,val
2022-10-12,1833.29,354.942,0.21521,14.0,83,2.93,21,18.19,0,1,val
2022-10-13,1490.05,354.942,0.17492,16.5,87,4.58,48,12.61,0,1,val
2022-10-14,1381.22,354.942,0.16214,16.4,91,2.87,49,12.86,0,1,val
2022-10-15,1698.48,354.942,0.19938,16.6,88,2.95,22,16.66,0,1,val
2022-10-16,993.5,354.942,0.11663,16.9,91,2.59,29,12.18,0,1,val
2022-10-17,1462.91,354.942,0.17173,12.7,81,4.75,22,16.17,0,1,val
2022-10-18,1853.09,354.942,0.21753,10.0,78,4.5,19,16.77,0,1,val
2022-10-19,1886.71,354.942,0.22148,9.9,77,2.35,3,18.26,0,1,val
2022-10-20,1807.78,354.942,0.21222,13.3,80,3.39,2,17.78,0,1,val
2022-10-21,1068.32,354.942,0.12541,16.2,81,1.89,33,11.08,0,1,val
2022-10-22,943.54,354.942,0.11076,16.7,84,1.96,36,9.76,0,1,val
2022-10-23,1642.62,354.942,0.19283,12.6,86,3.63,14,16.21,0,1,val
2022-10-24,1789.38,354.942,0.21006,10.4,74,4.68,9,15.67,0,1,val
2022-10-25,1652.94,354.942,0.19404,10.0,75,2.99,15,15.16,0,1,val
2022-10-26,1160.62,354.942,0.13625,14.0,83,3.64,51,9.3,0,1,val
2022-10-27,899.82,354.942,0.10563,13.9,77,2.18,25,14.15,0,1,val
2022-10-28,1575.88,354.942,0.18499,13.4,82,2.38,16,14.92,0,1,val
2022-10-29,1112.95,354.942,0.13065,14.8,87,3.47,43,10.54,0,1,val
2022-10-30,1411.85,354.942,0.16574,14.4,84,4.32,40,10.49,0,1,val
2022-10-31,1428.25,354.942,0.16766,13.9,84,3.84,31,12.65,0,1,val
2022-11-01,1654.59,362.465,0.1902,13.2,88,2.09,26,15.65,0,1,val
2022-11-02,1597.72,362.465,0.18366,12.5,88,2.14,15,14.83,0,1,val
2022-11-03,1763.39,362.465,0.20271,11.6,71,2.24,3,16.18,0,1,val
2022-11-04,1562.73,362.465,0.17964,8.8,84,4.2,26,14.66,0,1,val
2022-11-05,1633.15,362.465,0.18774,8.1,83,3.19,14,14.73,0,1,val
2022-11-06,1588.98,362.465,0.18266,8.5,77,2.02,5,15.21,0,1,val
2022-11-07,1571.0,362.465,0.18059,10.8,75,1.99,2,14.77,0,1,val
2022-11-08,1608.1,362.465,0.18486,11.6,73,2.09,0,14.93,0,1,val
2022-11-09,1488.72,362.465,0.17113,14.1,75,2.54,10,13.78,0,1,val
2022-11-10,631.98,362.465,0.07265,16.2,87,3.75,52,6.88,0,1,val
2022-11-11,929.21,362.465,0.10682,17.4,88,4.71,23,10.93,0,1,val
2022-11-12,382.39,362.465,0.04396,18.9,89,4.99,34,6.74,0,1,val
2022-11-13,642.25,362.465,0.07383,13.2,91,5.26,61,8.67,0,1,val
2022-11-14,1141.35,362.465,0.1312,9.8,86,3.23,35,10.72,0,1,val
2022-11-15,1484.42,362.465,0.17064,8.8,83,3.18,6,13.84,0,1,val
2022-11-16,1260.4,362.465,0.14489,10.1,80,3.46,11,13.04,0,1,val
2022-11-17,621.57,362.465,0.07145,10.6,74,1.8,64,4.69,0,1,val
2022-11-18,1294.64,362.465,0.14882,13.7,84,4.32,21,11.48,0,1,val
2022-11-19,728.83,362.465,0.08378,14.8,86,4.15,45,6.7,0,1,val
2022-11-20,105.25,362.465,0.0121,13.4,96,3.39,73,1.31,0,1,val
2022-11-21,1252.66,362.465,0.144,13.7,87,2.7,37,11.93,0,1,val
2022-11-22,161.47,362.465,0.01856,12.7,89,3.12,69,2.96,0,1,val
2022-11-23,985.22,362.465,0.11325,11.4,92,3.51,65,6.99,0,1,val
2022-11-24,1401.04,362.465,0.16105,10.1,71,1.73,17,11.6,0,1,val
2022-11-25,1239.09,362.465,0.14244,12.5,65,2.55,18,12.24,0,1,val
2022-11-26,1187.25,362.465,0.13648,11.0,85,2.95,12,10.38,0,1,val
2022-11-27,1103.3,362.465,0.12683,11.5,69,2.24,40,11.8,0,1,val
2022-11-28,649.93,362.465,0.07471,17.6,87,4.96,50,9.62,0,1,val
2022-11-29,245.52,362.465,0.02822,12.0,93,5.22,84,1.15,0,1,val
2022-11-30,197.56,362.465,0.02271,2.2,90,6.38,91,3.16,0,1,val
2022-12-01,668.36,368.121,0.07565,1.6,88,3.27,76,4.26,0,1,val
2022-12-02,1315.81,368.121,0.14893,3.8,79,2.5,42,10.07,0,1,val
2022-12-03,213.03,368.121,0.02411,7.2,89,1.94,66,3.18,0,1,val
2022-12-04,489.51,368.121,0.05541,4.7,82,3.12,84,3.79,0,1,val
2022-12-05,568.52,368.121,0.06435,2.0,82,3.72,37,7.17,0,1,val
2022-12-06,1123.62,368.121,0.12718,3.6,78,4.49,29,7.99,0,1,val
2022-12-07,1143.0,368.121,0.12937,6.4,79,3.79,21,11.15,0,1,val
2022-12-08,674.34,368.121,0.07633,6.1,75,2.12,46,7.03,0,1,val
2022-12-09,464.98,368.121,0.05263,7.9,70,1.7,45,6.27,0,1,val
2022-12-10,614.12,368.121,0.06951,7.8,85,1.95,50,6.89,0,1,val
2022-12-11,883.61,368.121,0.10001,5.4,81,3.84,51,8.47,0,1,val
2022-12-12,432.89,368.121,0.049,4.9,83,3.46,50,5.73,0,1,val
2022-12-13,952.09,368.121,0.10776,5.9,77,6.72,33,9.1,0,1,val
2022-12-14,563.93,368.121,0.06383,1.5,82,6.53,82,6.0,0,1,val
2022-12-15,1100.1,368.121,0.12452,2.7,79,2.27,20,11.32,0,1,val
2022-12-16,350.37,368.121,0.03966,2.6,89,3.15,73,2.97,0,1,val
2022-12-17,315.25,368.121,0.03568,0.3,84,6.58,84,1.77,0,1,val
2022-12-18,359.84,368.121,0.04073,-1.5,82,8.55,93,3.29,0,1,val
2022-12-19,715.11,368.121,0.08094,2.2,79,4.25,79,5.51,0,1,val
2022-12-20,1275.02,368.121,0.14432,5.1,76,2.77,30,10.68,0,1,val
2022-12-21,324.15,368.121,0.03669,6.3,87,3.99,79,3.36,0,1,val
2022-12-22,149.42,368.121,0.01691,0.3,85,7.01,92,2.2,0,1,val
2022-12-23,224.3,368.121,0.02539,-1.6,82,9.33,84,3.23,0,1,val
2022-12-24,210.05,368.121,0.02378,-0.2,91,6.63,96,1.24,0,1,val
2022-12-25,792.79,368.121,0.08973,2.1,89,4.42,58,7.6,0,1,val
2022-12-26,641.12,368.121,0.07257,2.1,88,3.12,39,6.83,0,1,val
2022-12-27,925.08,368.121,0.10471,2.5,89,2.83,37,10.55,0,1,val
2022-12-28,573.4,368.121,0.0649,2.0,83,3.51,36,6.62,0,1,val
2022-12-29,558.07,368.121,0.06317,2.3,82,3.8,52,9.0,0,1,val
2022-12-30,706.39,368.121,0.07995,2.2,79,3.24,25,10.39,0,1,val
2022-12-31,1410.9,368.121,0.1597,2.2,82,3.87,14,11.68,0,1,val
2023-01-01,803.94,371.961,0.09006,3.6,84,3.76,19,10.9,0,1,normal_2023
2023-01-02,1134.65,371.961,0.1271,0.7,85,3.47,32,9.96,0,1,normal_2023
2023-01-03,1097.45,371.961,0.12294,1.6,85,4.59,43,7.45,0,1,normal_2023
2023-01-04,1435.83,371.961,0.16084,1.9,86,2.83,9,11.93,0,1,normal_2023
2023-01-05,982.74,371.961,0.11009,4.1,83,2.91,10,11.33,0,1,normal_2023
2023-01-06,413.01,371.961,0.04626,5.7,81,3.33,29,7.52,0,1,normal_2023
2023-01-07,1363.11,371.961,0.15269,4.4,78,6.68,18,11.22,0,1,normal_2023
2023-01-08,1409.75,371.961,0.15792,5.8,70,2.57,0,12.47,0,1,normal_2023
2023-01-09,958.24,371.961,0.10734,7.2,77,3.74,21,10.57,0,1,normal_2023
2023-01-10,1299.36,371.961,0.14555,5.2,79,2.99,11,12.54,0,1,normal_2023
2023-01-11,1461.51,371.961,0.16372,7.7,74,2.78,1,12.45,0,1,normal_2023
2023-01-12,271.4,371.961,0.0304,11.3,79,3.87,34,4.15,0,1,normal_2023
2023-01-13,184.91,371.961,0.02071,15.2,94,5.62,86,2.58,0,1,normal_2023
2023-01-14,429.73,371.961,0.04814,8.8,99,2.89,100,2.87,0,1,normal_2023
2023-01-15,166.92,371.961,0.0187,2.9,95,5.13,93,2.7,0,1,normal_2023
2023-01-16,582.45,371.961,0.06525,-0.1,88,5.64,77,6.24,0,1,normal_2023
2023-01-17,349.67,371.961,0.03917,0.3,90,3.47,82,3.35,0,1,normal_2023
2023-01-18,631.12,371.961,0.0707,2.1,81,3.22,68,4.91,0,1,normal_2023
2023-01-19,661.96,371.961,0.07415,2.3,79,3.3,25,11.61,0,1,normal_2023
2023-01-20,1151.5,371.961,0.12899,2.3,80,5.53,34,9.45,0,1,normal_2023
2023-01-21,937.04,371.961,0.10497,-0.5,83,2.06,35,11.7,0,1,normal_2023
2023-01-22,182.58,371.961,0.02045,3.5,88,3.58,70,2.6,0,1,normal_2023
2023-01-23,1088.71,371.961,0.12196,4.9,85,3.71,52,10.36,0,1,normal_2023
2023-01-24,217.86,371.961,0.0244,-4.5,86,9.33,97,4.4,0,1,normal_2023
2023-01-25,1040.59,371.961,0.11657,-4.7,85,3.75,65,10.22,0,1,normal_2023
2023-01-26,928.66,371.961,0.10403,2.1,82,3.24,49,10.79,0,1,normal_2023
2023-01-27,392.03,371.961,0.04391,-0.1,85,7.45,90,3.06,0,1,normal_2023
2023-01-28,334.09,371.961,0.03742,-1.3,82,6.24,85,3.66,0,1,normal_2023
2023-01-29,413.55,371.961,0.04633,2.5,78,5.26,49,8.51,0,1,normal_2023
2023-01-30,1781.11,371.961,0.19952,2.3,76,4.13,16,14.26,0,1,normal_2023
2023-01-31,1691.66,371.961,0.1895,4.2,63,2.09,6,14.69,0,1,normal_2023
2023-02-01,1439.28,378.932,0.15826,6.4,82,4.56,40,13.59,0,1,normal_2023
2023-02-02,1646.82,378.932,0.18108,0.4,81,2.82,30,12.5,0,1,normal_2023
2023-02-03,1266.9,378.932,0.13931,0.5,87,3.58,26,12.92,0,1,normal_2023
2023-02-04,1747.19,378.932,0.19212,1.2,84,3.11,5,15.17,0,1,normal_2023
2023-02-05,1670.39,378.932,0.18367,2.6,75,2.05,12,14.52,0,1,normal_2023
2023-02-06,265.75,378.932,0.02922,5.1,75,3.06,72,4.86,0,1,normal_2023
2023-02-07,1236.84,378.932,0.136,7.1,85,2.3,45,13.14,0,1,normal_2023
2023-02-08,1862.53,378.932,0.2048,4.2,79,2.36,20,15.26,0,1,normal_2023
2023-02-09,395.09,378.932,0.04344,5.9,84,4.01,56,7.75,0,1,normal_2023
2023-02-10,1118.0,378.932,0.12293,5.6,96,3.85,80,4.83,0,1,normal_2023
2023-02-11,372.84,378.932,0.041,5.9,86,2.82,46,6.31,0,1,normal_2023
2023-02-12,316.54,378.932,0.03481,8.8,92,4.18,66,5.09,0,1,normal_2023
2023-02-13,377.41,378.932,0.0415,6.7,95,3.63,88,4.33,0,1,normal_2023
2023-02-14,1839.93,378.932,0.20232,2.8,87,3.73,43,15.2,0,1,normal_2023
2023-02-15,722.39,378.932,0.07943,1.2,93,2.07,72,3.0,0,1,normal_2023
2023-02-16,645.25,378.932,0.07095,3.7,93,1.52,69,6.37,0,1,normal_2023
2023-02-17,307.71,378.932,0.03384,6.6,88,1.13,54,7.97,0,1,normal_2023
2023-02-18,279.84,378.932,0.03077,11.7,92,2.25,54,7.37,0,1,normal_2023
2023-02-19,818.06,378.932,0.08995,5.4,91,6.14,54,8.45,0,1,normal_2023
2023-02-20,1813.07,378.932,0.19936,2.0,80,5.3,17,16.78,0,1,normal_2023
2023-02-21,2038.2,378.932,0.22412,-0.4,73,3.92,24,17.58,0,1,normal_2023
2023-02-22,871.53,378.932,0.09583,3.8,87,2.23,48,8.91,0,1,normal_2023
2023-02-23,822.52,378.932,0.09044,4.6,89,2.14,63,11.35,0,1,normal_2023
2023-02-24,1396.94,378.932,0.1536,4.4,82,3.26,29,15.63,0,1,normal_2023
2023-02-25,1753.53,378.932,0.19281,1.3,80,5.57,25,15.94,0,1,normal_2023
2023-02-26,1981.39,378.932,0.21787,1.0,74,2.52,4,19.07,0,1,normal_2023
2023-02-27,2058.49,378.932,0.22635,4.1,74,1.74,5,18.5,0,1,normal_2023
2023-02-28,2078.29,378.932,0.22852,7.4,67,1.57,13,18.89,0,1,normal_2023
2023-03-01,497.618,394.1,0.05261,8.2,85,4.54,42,8.81,0,1,normal_2023
2023-03-02,2207.639,394.1,0.23341,2.4,74,5.3,11,18.85,0,1,normal_2023
2023-03-03,1889.355,394.1,0.19975,3.7,66,2.28,21,18.8,0,1,normal_2023
2023-03-04,1689.518,394.1,0.17863,6.5,71,1.86,22,17.94,0,1,normal_2023
2023-03-05,1480.705,394.1,0.15655,8.1,71,2.48,13,16.51,0,1,normal_2023
2023-03-06,1825.028,394.1,0.19295,9.7,67,2.8,1,19.44,0,1,normal_2023
2023-03-07,1964.056,394.1,0.20765,13.1,51,2.32,1,19.45,0,1,normal_2023
2023-03-08,1615.634,394.1,0.17081,13.4,58,4.49,28,18.67,0,1,normal_2023
2023-03-09,1491.888,394.1,0.15773,15.0,77,5.89,46,17.88,0,1,normal_2023
2023-03-10,1959.19,394.1,0.20714,14.3,61,2.52,0,19.91,0,1,normal_2023
2023-03-11,1796.151,394.1,0.1899,14.9,56,2.33,44,19.03,0,1,normal_2023
2023-03-12,468.982,394.1,0.04958,9.4,85,5.12,58,4.81,0,1,normal_2023
2023-03-13,2314.383,394.1,0.24469,2.7,69,4.23,14,21.27,0,1,normal_2023
2023-03-14,1994.322,394.1,0.21085,7.9,61,1.39,0,21.06,0,1,normal_2023
2023-03-15,1692.216,394.1,0.17891,12.2,71,2.74,14,20.3,0,1,normal_2023
2023-03-16,2069.663,394.1,0.21882,7.6,74,2.34,34,20.26,0,1,normal_2023
2023-03-17,412.737,394.1,0.04364,7.4,88,3.4,78,3.79,0,1,normal_2023
2023-03-18,2034.11,394.1,0.21506,7.4,81,3.29,32,20.58,0,1,normal_2023
2023-03-19,1791.898,394.1,0.18945,6.6,81,2.05,32,19.98,0,1,normal_2023
2023-03-20,758.6,394.1,0.0802,9.0,72,1.53,52,15.07,0,1,normal_2023
2023-03-21,482.268,394.1,0.05099,12.4,95,3.63,85,3.54,0,1,normal_2023
2023-03-22,393.116,394.1,0.04156,14.9,95,3.86,81,6.04,0,1,normal_2023
2023-03-23,842.21,394.1,0.08904,12.7,97,3.01,93,3.51,0,1,normal_2023
2023-03-24,365.841,394.1,0.03868,8.6,91,1.99,77,2.86,0,1,normal_2023
2023-03-25,399.088,394.1,0.04219,10.0,96,3.02,91,5.22,0,1,normal_2023
2023-03-26,1863.722,394.1,0.19704,8.0,84,3.37,38,20.99,0,1,normal_2023
2023-03-27,2422.232,394.1,0.25609,5.6,70,2.92,19,23.23,0,1,normal_2023
2023-03-28,2205.9,394.1,0.23322,9.2,49,1.91,8,23.06,0,1,normal_2023
2023-03-29,2165.086,394.1,0.22891,10.7,65,2.32,42,22.14,0,1,normal_2023
2023-03-30,1394.506,394.1,0.14744,11.9,63,3.63,50,16.48,0,1,normal_2023
2023-03-31,2239.634,394.1,0.23679,12.9,70,3.34,31,19.38,0,1,normal_2023
2023-04-01,1886.128,407.434,0.19289,13.7,68,3.94,31,17.3,0,1,normal_2023
2023-04-02,2051.585,407.434,0.20981,12.2,85,4.54,22,23.44,0,1,normal_2023
2023-04-03,2126.392,407.434,0.21746,12.3,83,5.95,29,23.71,0,1,normal_2023
2023-04-04,496.385,407.434,0.05076,14.3,87,8.71,78,5.91,0,1,normal_2023
2023-04-05,225.085,407.434,0.02302,14.5,90,8.39,78,5.25,0,1,normal_2023
2023-04-06,688.24,407.434,0.07038,10.1,92,4.22,76,15.32,0,1,normal_2023
2023-04-07,1969.943,407.434,0.20146,8.9,86,4.99,46,23.17,0,1,normal_2023
2023-04-08,2231.347,407.434,0.22819,7.0,71,5.18,5,24.62,0,1,normal_2023
2023-04-09,2164.295,407.434,0.22133,9.7,52,3.08,2,24.98,0,1,normal_2023
2023-04-10,2304.067,407.434,0.23563,12.3,56,1.54,27,24.17,0,1,normal_2023
2023-04-11,1550.028,407.434,0.15852,15.7,80,7.2,34,22.24,0,1,normal_2023
2023-04-12,2373.531,407.434,0.24273,10.7,52,2.81,13,26.38,0,1,normal_2023
2023-04-13,2353.362,407.434,0.24067,13.9,46,1.95,34,25.1,0,1,normal_2023
2023-04-14,269.585,407.434,0.02757,13.5,83,6.28,80,3.66,0,1,normal_2023
2023-04-15,1464.895,407.434,0.14981,11.6,95,3.41,79,7.26,0,1,normal_2023
2023-04-16,2061.249,407.434,0.2108,11.4,70,5.05,20,21.83,0,1,normal_2023
2023-04-17,2442.151,407.434,0.24975,13.7,56,2.4,4,25.33,0,1,normal_2023
2023-04-18,1218.722,407.434,0.12463,20.3,75,9.74,37,23.9,0,1,normal_2023
2023-04-19,1157.403,407.434,0.11836,18.6,87,1.61,73,15.63,0,1,normal_2023
2023-04-20,2371.27,407.434,0.2425,17.1,81,1.9,38,24.58,0,1,normal_2023
2023-04-21,2296.579,407.434,0.23486,14.5,86,3.01,24,22.19,0,1,normal_2023
2023-04-22,2154.561,407.434,0.22034,12.0,77,5.73,18,25.11,0,1,normal_2023
2023-04-23,1452.746,407.434,0.14857,11.4,79,5.69,52,10.77,0,1,normal_2023
2023-04-24,454.531,407.434,0.04648,9.8,90,5.04,82,4.9,0,1,normal_2023
2023-04-25,310.741,407.434,0.03178,10.0,97,3.25,89,2.27,0,1,normal_2023
2023-04-26,2399.753,407.434,0.24541,9.5,79,4.65,10,24.96,0,1,normal_2023
2023-04-27,2325.103,407.434,0.23778,11.3,63,1.81,8,26.65,0,1,normal_2023
2023-04-28,1373.443,407.434,0.14046,15.5,68,2.36,39,16.54,0,1,normal_2023
2023-04-29,327.878,407.434,0.03353,14.9,90,4.02,65,5.4,0,1,normal_2023
2023-04-30,2258.279,407.434,0.23095,12.5,60,3.59,10,27.45,0,1,normal_2023
2023-05-01,2057.246,424.76,0.2018,15.1,51,3.72,0,27.53,0,1,normal_2023
2023-05-02,2178.249,424.76,0.21367,17.4,46,3.34,24,27.36,0,1,normal_2023
2023-05-03,325.333,424.76,0.03191,15.4,81,5.46,78,5.06,0,1,normal_2023
2023-05-04,131.074,424.76,0.01286,17.3,90,10.44,95,3.18,0,1,normal_2023
2023-05-05,151.153,424.76,0.01483,20.3,89,10.02,90,3.36,0,1,normal_2023
2023-05-06,1228.125,424.76,0.12047,17.4,92,3.98,58,16.82,0,1,normal_2023
2023-05-07,304.925,424.76,0.02991,12.3,98,5.03,88,2.11,0,1,normal_2023
2023-05-08,2128.687,424.76,0.20881,12.3,68,2.45,40,26.07,0,1,normal_2023
2023-05-09,2300.27,424.76,0.22564,14.5,59,2.57,12,28.03,0,1,normal_2023
2023-05-10,2332.324,424.76,0.22879,16.7,53,2.48,20,27.35,0,1,normal_2023
2023-05-11,2094.483,424.76,0.20546,17.3,56,2.5,36,20.01,0,1,normal_2023
2023-05-12,1004.111,424.76,0.0985,14.6,76,1.55,63,8.72,0,1,normal_2023
2023-05-13,872.194,424.76,0.08556,14.0,93,2.36,48,19.08,0,1,normal_2023
2023-05-14,2081.156,424.76,0.20415,15.7,77,1.51,16,20.93,0,1,normal_2023
2023-05-15,1432.811,424.76,0.14055,19.9,61,2.12,9,24.49,0,1,normal_2023
2023-05-16,2588.274,424.76,0.2539,23.6,50,2.62,5,28.02,0,1,normal_2023
2023-05-17,1755.545,424.76,0.17221,21.8,63,4.79,68,25.99,0,1,normal_2023
2023-05-18,806.24,424.76,0.07909,16.6,94,5.9,88,6.93,0,1,normal_2023
2023-05-19,1777.105,424.76,0.17432,16.4,94,3.27,71,11.34,0,1,normal_2023
2023-05-20,2035.624,424.76,0.19968,16.9,88,2.57,28,25.43,0,1,normal_2023
2023-05-21,1983.294,424.76,0.19455,16.0,85,2.65,8,27.14,0,1,normal_2023
2023-05-22,863.767,424.76,0.08473,14.1,81,1.82,61,7.41,0,1,normal_2023
2023-05-23,2665.664,424.76,0.26149,15.9,70,2.71,7,28.14,0,1,normal_2023
2023-05-24,1451.896,424.76,0.14242,17.1,62,2.1,44,17.63,0,1,normal_2023
2023-05-25,2542.766,424.76,0.24943,17.5,71,2.84,33,24.13,0,1,normal_2023
2023-05-26,1902.869,424.76,0.18666,19.2,82,2.16,40,20.05,0,1,normal_2023
2023-05-27,838.434,424.76,0.08225,19.8,87,7.19,79,9.02,0,1,normal_2023
2023-05-28,1093.962,424.76,0.10731,21.8,92,5.79,62,10.85,0,1,normal_2023
2023-05-29,1004.447,424.76,0.09853,23.2,88,3.44,58,11.35,0,1,normal_2023
2023-05-30,471.49,424.76,0.04625,19.8,98,2.24,83,4.4,0,1,normal_2023
2023-05-31,1546.125,424.76,0.15167,18.8,93,5.43,54,18.07,0,1,normal_2023
2023-06-01,520.377,425.259,0.05099,20.9,94,2.15,59,10.48,0,1,normal_2023
2023-06-02,2318.041,425.259,0.22712,20.2,89,2.46,42,20.62,0,1,normal_2023
2023-06-03,2723.527,425.259,0.26685,17.8,81,3.17,23,26.81,0,1,normal_2023
2023-06-04,1746.765,425.259,0.17115,19.8,52,2.7,51,14.96,0,1,normal_2023
2023-06-05,529.867,425.259,0.05192,17.1,82,2.48,80,4.3,0,1,normal_2023
2023-06-06,1036.99,425.259,0.1016,17.0,92,2.95,62,9.66,0,1,normal_2023
2023-06-07,2311.64,425.259,0.22649,19.3,74,1.34,35,24.41,0,1,normal_2023
2023-06-08,1198.114,425.259,0.11739,18.7,84,2.2,50,15.89,0,1,normal_2023
2023-06-09,2212.136,425.259,0.21674,21.5,78,2.83,32,25.72,0,1,normal_2023
2023-06-10,2306.627,425.259,0.226,22.6,71,3.24,6,27.69,0,1,normal_2023
2023-06-11,1676.068,425.259,0.16422,20.6,87,1.93,38,19.77,0,1,normal_2023
2023-06-12,1544.469,425.259,0.15133,19.4,95,1.93,64,10.81,0,1,normal_2023
2023-06-13,1673.607,425.259,0.16398,20.2,87,1.44,53,19.76,0,1,normal_2023
2023-06-14,2123.328,425.259,0.20804,20.1,75,1.99,23,24.8,0,1,normal_2023
2023-06-15,2394.318,425.259,0.23459,19.3,80,2.04,13,24.0,0,1,normal_2023
2023-06-16,2294.518,425.259,0.22482,19.8,75,1.53,42,24.35,0,1,normal_2023
2023-06-17,2339.833,425.259,0.22926,20.6,73,1.83,59,22.74,0,1,normal_2023
2023-06-18,1299.67,425.259,0.12734,20.1,79,1.58,79,8.72,0,1,normal_2023
2023-06-19,2360.932,425.259,0.23132,22.3,70,2.82,39,25.56,0,1,normal_2023
2023-06-20,556.333,425.259,0.05451,21.9,91,4.74,62,7.82,0,1,normal_2023
2023-06-21,873.996,425.259,0.08563,21.0,97,4.18,76,8.37,0,1,normal_2023
2023-06-22,2166.93,425.259,0.21231,20.9,84,4.3,58,24.4,0,1,normal_2023
2023-06-23,2515.728,425.259,0.24649,21.8,76,2.28,48,26.31,0,1,normal_2023
2023-06-24,1662.574,425.259,0.1629,21.7,85,4.51,66,18.67,0,1,normal_2023
2023-06-25,220.88,425.259,0.02164,21.9,91,4.76,91,2.53,0,1,normal_2023
2023-06-26,507.111,425.259,0.04969,24.8,88,6.88,69,18.42,0,1,normal_2023
2023-06-27,389.875,425.259,0.0382,24.0,89,5.17,96,2.12,0,1,normal_2023
2023-06-28,1250.932,425.259,0.12257,25.7,86,6.04,40,22.27,0,1,normal_2023
2023-06-29,679.431,425.259,0.06657,24.7,90,6.01,58,11.46,0,1,normal_2023
2023-06-30,197.866,425.259,0.01939,24.6,89,5.36,85,3.91,0,1,normal_2023
2023-07-01,922.482,427.433,0.08992,23.2,95,3.14,74,12.73,0,1,normal_2023
2023-07-02,1268.489,427.433,0.12365,23.9,93,1.46,57,14.38,0,1,normal_2023
2023-07-03,405.035,427.433,0.03948,24.3,94,2.14,82,3.96,0,1,normal_2023
2023-07-04,950.703,427.433,0.09268,25.5,89,1.37,76,6.37,0,1,normal_2023
2023-07-05,1947.441,427.433,0.18984,24.6,82,5.04,47,20.21,0,1,normal_2023
2023-07-06,2439.662,427.433,0.23782,25.0,67,1.8,20,27.42,0,1,normal_2023
2023-07-07,443.437,427.433,0.04323,24.6,88,3.26,81,7.04,0,1,normal_2023
2023-07-08,253.096,427.433,0.02467,25.3,93,3.07,73,5.64,0,1,normal_2023
2023-07-09,914.33,427.433,0.08913,26.5,85,3.58,57,11.07,0,1,normal_2023
2023-07-10,1362.787,427.433,0.13285,26.7,87,3.11,29,25.72,0,1,normal_2023
2023-07-11,1239.915,427.433,0.12087,26.3,86,5.76,44,21.63,0,1,normal_2023
2023-07-12,1529.146,427.433,0.14906,26.8,84,6.07,42,22.82,0,1,normal_2023
2023-07-13,858.95,427.433,0.08373,26.4,84,8.1,68,14.32,0,1,normal_2023
2023-07-14,880.167,427.433,0.0858,25.6,87,9.72,86,9.61,0,1,normal_2023
2023-07-15,1254.954,427.433,0.12233,26.5,87,7.29,47,17.35,0,1,normal_2023
2023-07-16,1214.79,427.433,0.11842,26.0,90,1.5,32,16.41,0,1,normal_2023
2023-07-17,1195.871,427.433,0.11657,24.9,90,1.9,61,6.44,0,1,normal_2023
2023-07-18,810.662,427.433,0.07902,25.4,91,3.53,77,6.64,0,1,normal_2023
2023-07-19,1342.04,427.433,0.13082,23.1,97,3.92,75,7.78,0,1,normal_2023
2023-07-20,833.292,427.433,0.08123,23.2,92,1.48,69,7.23,0,1,normal_2023
2023-07-21,1184.608,427.433,0.11548,23.4,73,5.37,79,5.67,0,1,normal_2023
2023-07-22,543.083,427.433,0.05294,23.5,89,6.22,85,2.37,0,1,normal_2023
2023-07-23,778.978,427.433,0.07594,25.0,89,3.37,73,7.42,0,1,normal_2023
2023-07-24,641.019,427.433,0.06249,24.7,91,1.26,81,2.65,0,1,normal_2023
2023-07-25,917.919,427.433,0.08948,24.3,88,2.66,69,7.47,0,1,normal_2023
2023-07-26,1870.898,427.433,0.18238,25.4,88,3.74,64,9.26,0,1,normal_2023
2023-07-27,1876.978,427.433,0.18297,26.5,86,5.12,40,23.77,0,1,normal_2023
2023-07-28,946.186,427.433,0.09224,25.2,92,4.33,68,10.17,0,1,normal_2023
2023-07-29,1732.945,427.433,0.16893,25.9,86,5.06,48,12.61,0,1,normal_2023
2023-07-30,2098.595,427.433,0.20457,26.5,83,3.67,11,22.15,0,1,normal_2023
2023-07-31,1875.024,427.433,0.18278,26.2,83,3.62,28,18.57,0,1,normal_2023
2023-08-01,2125.574,428.074,0.20689,26.0,88,3.53,31,19.66,0,1,normal_2023
2023-08-02,2209.57,428.074,0.21507,27.2,84,3.85,17,23.08,0,1,normal_2023
2023-08-03,2047.553,428.074,0.1993,27.1,87,5.53,13,23.99,0,1,normal_2023
2023-08-04,1733.166,428.074,0.1687,26.7,92,4.98,26,21.37,0,1,normal_2023
2023-08-05,2105.013,428.074,0.20489,26.9,86,3.63,17,21.85,0,1,normal_2023
2023-08-06,1965.816,428.074,0.19134,26.2,94,3.22,33,18.75,0,1,normal_2023
2023-08-07,2070.661,428.074,0.20155,26.4,95,3.08,48,17.17,0,1,normal_2023
2023-08-08,1660.938,428.074,0.16167,26.0,96,4.77,53,14.54,0,1,normal_2023
2023-08-09,291.985,428.074,0.02842,25.1,97,6.63,88,2.99,0,1,normal_2023
2023-08-10,1941.524,428.074,0.18898,25.0,93,6.63,62,13.91,0,1,normal_2023
2023-08-11,2140.983,428.074,0.20839,26.2,80,3.69,18,24.65,0,1,normal_2023
2023-08-12,1897.802,428.074,0.18472,25.2,82,2.77,31,20.06,0,1,normal_2023
2023-08-13,1949.876,428.074,0.18979,25.4,84,1.66,28,16.14,0,1,normal_2023
2023-08-14,1875.257,428.074,0.18253,25.7,83,3.32,10,22.44,0,1,normal_2023
2023-08-15,1761.996,428.074,0.1715,25.2,91,2.66,29,20.92,0,1,normal_2023
2023-08-16,1762.276,428.074,0.17153,24.9,88,2.19,25,19.47,0,1,normal_2023
2023-08-17,1336.211,428.074,0.13006,24.6,87,2.03,37,15.18,0,1,normal_2023
2023-08-18,1720.982,428.074,0.16751,24.2,93,2.54,39,13.85,0,1,normal_2023
2023-08-19,1587.559,428.074,0.15453,24.9,92,2.08,36,16.02,0,1,normal_2023
2023-08-20,2040.038,428.074,0.19857,25.2,85,1.83,24,15.95,0,1,normal_2023
2023-08-21,1847.151,428.074,0.17979,26.4,83,2.33,15,20.73,0,1,normal_2023
2023-08-22,1477.352,428.074,0.1438,25.8,89,2.31,33,13.78,0,1,normal_2023
2023-08-23,468.525,428.074,0.0456,25.1,91,1.63,74,5.07,0,1,normal_2023
2023-08-24,924.297,428.074,0.08997,24.1,91,2.08,67,4.34,0,1,normal_2023
2023-08-25,1998.494,428.074,0.19452,24.1,82,2.79,19,18.64,0,1,normal_2023
2023-08-26,2259.814,428.074,0.21996,23.4,84,2.07,13,22.17,0,1,normal_2023
2023-08-27,2009.767,428.074,0.19562,24.7,83,2.46,33,19.18,0,1,normal_2023
2023-08-28,1618.879,428.074,0.15757,25.6,89,4.82,70,16.52,0,1,normal_2023
2023-08-29,1277.758,428.074,0.12437,25.6,90,1.51,65,8.6,0,1,normal_2023
2023-08-30,424.354,428.074,0.0413,23.0,96,1.52,82,2.96,0,1,normal_2023
2023-08-31,1696.791,428.074,0.16516,22.0,89,1.76,48,9.85,0,1,normal_2023
2023-09-01,879.536,428.074,0.08561,23.2,92,2.05,69,8.23,0,1,normal_2023
2023-09-02,1850.974,428.074,0.18016,24.4,90,3.0,49,10.7,0,1,normal_2023
2023-09-03,1844.118,428.074,0.1795,24.7,85,3.8,58,7.25,0,1,normal_2023
2023-09-04,1987.773,428.074,0.19348,25.2,88,3.17,17,20.57,0,1,normal_2023
2023-09-05,2022.981,428.074,0.19691,24.3,87,2.52,40,16.68,0,1,normal_2023
2023-09-06,2394.736,428.074,0.23309,24.0,85,2.35,20,21.72,0,1,normal_2023
2023-09-07,2279.102,428.074,0.22184,23.0,84,3.35,20,23.05,0,1,normal_2023
2023-09-08,2307.618,428.074,0.22461,22.1,83,2.86,19,20.67,0,1,normal_2023
2023-09-09,1963.292,428.074,0.1911,21.8,81,2.43,25,18.49,0,1,normal_2023
2023-09-10,1651.171,428.074,0.16072,21.9,83,2.65,34,13.71,0,1,normal_2023
2023-09-11,1848.911,428.074,0.17996,22.5,83,1.97,36,14.17,0,1,normal_2023
2023-09-12,1245.365,428.074,0.12122,22.5,89,1.71,48,9.55,0,1,normal_2023
2023-09-13,1471.971,428.074,0.14327,24.2,85,1.91,59,10.05,0,1,normal_2023
2023-09-14,407.672,428.074,0.03968,21.7,95,2.4,82,2.95,0,1,normal_2023
2023-09-15,2039.633,428.074,0.19853,24.9,87,2.12,32,14.28,0,1,normal_2023
2023-09-16,947.127,428.074,0.09219,24.0,91,1.36,74,3.93,0,1,normal_2023
2023-09-17,959.724,428.074,0.09341,23.5,92,1.38,70,7.0,0,1,normal_2023
2023-09-18,1588.212,428.074,0.15459,22.8,90,2.15,34,13.95,0,1,normal_2023
2023-09-19,1699.899,428.074,0.16546,22.4,84,2.18,35,12.58,0,1,normal_2023
2023-09-20,753.775,428.074,0.07337,23.9,86,4.39,75,4.35,0,1,normal_2023
2023-09-21,1699.039,428.074,0.16538,21.3,91,5.27,77,9.61,0,1,normal_2023
2023-09-22,924.105,428.074,0.08995,19.9,88,1.92,54,10.08,0,1,normal_2023
2023-09-23,1460.067,428.074,0.14212,20.9,85,3.51,55,13.26,0,1,normal_2023
2023-09-24,1444.23,428.074,0.14057,21.3,81,5.23,52,10.46,0,1,normal_2023
2023-09-25,1216.296,428.074,0.11839,22.2,89,2.87,54,9.91,0,1,normal_2023
2023-09-26,1475.08,428.074,0.14358,22.7,85,2.97,31,15.0,0,1,normal_2023
2023-09-27,1869.978,428.074,0.18201,21.5,88,3.32,26,17.5,0,1,normal_2023
2023-09-28,1495.856,428.074,0.1456,20.9,91,3.04,42,9.65,0,1,normal_2023
2023-09-29,2055.505,428.074,0.20007,20.2,85,2.03,10,18.82,0,1,normal_2023
2023-09-30,538.299,428.074,0.0524,17.4,87,1.99,49,5.84,0,1,normal_2023
2023-10-01,2105.479,437.967,0.20031,17.8,80,3.02,25,18.19,0,1,normal_2023
2023-10-02,2245.324,437.967,0.21361,17.1,68,2.47,25,19.1,0,1,normal_2023
2023-10-03,462.076,437.967,0.04396,18.6,82,3.33,54,5.89,0,1,normal_2023
2023-10-04,2174.506,437.967,0.20687,18.2,84,2.73,17,18.7,0,1,normal_2023
2023-10-05,1892.275,437.967,0.18002,15.8,78,4.26,30,18.38,0,1,normal_2023
2023-10-06,1353.522,437.967,0.12877,14.6,73,1.61,38,12.03,0,1,normal_2023
2023-10-07,417.141,437.967,0.03969,15.2,83,1.88,65,5.31,0,1,normal_2023
2023-10-08,1019.373,437.967,0.09698,17.1,90,4.88,66,5.4,0,1,normal_2023
2023-10-09,1345.217,437.967,0.12798,17.6,88,2.79,31,14.58,0,1,normal_2023
2023-10-10,1955.768,437.967,0.18607,16.4,83,3.18,34,16.55,0,1,normal_2023
2023-10-11,1715.101,437.967,0.16317,16.6,84,3.17,35,9.81,0,1,normal_2023
2023-10-12,2132.122,437.967,0.20284,16.8,76,3.37,23,18.17,0,1,normal_2023
2023-10-13,1400.13,437.967,0.1332,16.7,82,2.49,57,7.73,0,1,normal_2023
2023-10-14,1816.996,437.967,0.17286,16.7,82,3.52,34,13.79,0,1,normal_2023
2023-10-15,1762.103,437.967,0.16764,16.3,78,4.76,30,14.04,0,1,normal_2023
2023-10-16,1864.0,437.967,0.17733,14.9,82,4.25,13,15.88,0,1,normal_2023
2023-10-17,2192.323,437.967,0.20857,14.0,82,3.17,1,18.43,0,1,normal_2023
2023-10-18,2055.551,437.967,0.19556,15.7,75,2.08,6,17.25,0,1,normal_2023
2023-10-19,1703.97,437.967,0.16211,17.3,75,2.23,34,12.9,0,1,normal_2023
2023-10-20,1256.201,437.967,0.11951,13.6,80,5.23,53,10.47,0,1,normal_2023
2023-10-21,2224.361,437.967,0.21162,12.8,77,4.48,36,16.14,0,1,normal_2023
2023-10-22,1859.893,437.967,0.17694,13.2,80,2.44,14,15.04,0,1,normal_2023
2023-10-23,1876.226,437.967,0.1785,13.6,78,2.31,8,15.35,0,1,normal_2023
2023-10-24,1667.322,437.967,0.15862,15.0,68,2.33,19,14.57,0,1,normal_2023
2023-10-25,1848.614,437.967,0.17587,16.4,79,2.64,7,15.97,0,1,normal_2023
2023-10-26,1698.091,437.967,0.16155,16.9,78,3.49,4,15.86,0,1,normal_2023
2023-10-27,2069.515,437.967,0.19689,14.1,85,4.32,20,16.25,0,1,normal_2023
2023-10-28,1963.421,437.967,0.18679,13.1,82,2.48,1,16.55,0,1,normal_2023
2023-10-29,1741.006,437.967,0.16563,15.0,79,2.38,10,15.29,0,1,normal_2023
2023-10-30,1650.307,437.967,0.157,15.3,83,2.5,8,14.67,0,1,normal_2023
2023-10-31,1999.8,437.967,0.19025,15.3,63,2.15,0,16.07,0,1,normal_2023
2023-11-01,1927.275,439.149,0.18286,18.5,50,2.26,0,15.79,0,1,normal_2023
2023-11-02,1998.579,439.149,0.18963,19.6,57,2.05,0,15.66,0,1,normal_2023
2023-11-03,1654.013,439.149,0.15693,18.3,78,1.73,8,14.17,0,1,normal_2023
2023-11-04,1143.738,439.149,0.10852,18.7,90,2.01,34,9.68,0,1,normal_2023
2023-11-05,515.047,439.149,0.04887,19.4,88,6.33,68,2.87,0,1,normal_2023
2023-11-06,411.433,439.149,0.03904,16.3,85,8.27,62,5.01,0,1,normal_2023
2023-11-07,1599.573,439.149,0.15177,11.0,82,4.73,29,13.14,0,1,normal_2023
2023-11-08,1644.98,439.149,0.15608,11.5,80,1.55,13,14.77,0,1,normal_2023
2023-11-09,827.735,439.149,0.07854,16.1,80,1.71,56,8.67,0,1,normal_2023
2023-11-10,963.377,439.149,0.09141,10.2,88,4.04,73,5.22,0,1,normal_2023
2023-11-11,1632.506,439.149,0.15489,6.1,79,3.59,49,12.33,0,1,normal_2023
2023-11-12,794.41,439.149,0.07537,6.8,85,4.73,87,3.67,0,1,normal_2023
2023-11-13,1122.61,439.149,0.10651,5.6,86,4.2,60,7.37,0,1,normal_2023
2023-11-14,1023.023,439.149,0.09706,7.9,84,2.58,47,10.02,0,1,normal_2023
2023-11-15,1687.113,439.149,0.16007,9.2,82,2.02,50,9.86,0,1,normal_2023
2023-11-16,241.168,439.149,0.02288,9.7,85,4.3,65,4.09,0,1,normal_2023
2023-11-17,923.441,439.149,0.08762,6.8,84,6.33,59,8.89,0,1,normal_2023
2023-11-18,617.479,439.149,0.05859,5.0,86,7.25,75,5.04,0,1,normal_2023
2023-11-19,1733.305,439.149,0.16446,9.5,82,4.74,8,13.6,0,1,normal_2023
2023-11-20,1991.397,439.149,0.18894,9.1,81,2.65,11,13.87,0,1,normal_2023
2023-11-21,1679.688,439.149,0.15937,10.3,71,1.61,5,13.35,0,1,normal_2023
2023-11-22,1741.34,439.149,0.16522,12.0,76,2.09,7,13.03,0,1,normal_2023
2023-11-23,1315.595,439.149,0.12482,14.3,82,5.63,28,11.62,0,1,normal_2023
2023-11-24,654.872,439.149,0.06213,4.7,82,6.45,69,5.8,0,1,normal_2023
2023-11-25,1477.109,439.149,0.14015,2.6,81,2.78,28,12.33,0,1,normal_2023
2023-11-26,1643.861,439.149,0.15597,5.8,77,1.66,12,11.7,0,1,normal_2023
2023-11-27,934.124,439.149,0.08863,9.9,84,4.15,42,7.12,0,1,normal_2023
2023-11-28,998.529,439.149,0.09474,7.0,81,4.62,37,7.36,0,1,normal_2023
2023-11-29,961.938,439.149,0.09127,7.1,81,3.06,42,7.81,0,1,normal_2023
2023-11-30,302.239,439.149,0.02868,3.0,88,5.76,93,3.0,0,1,normal_2023
2023-12-01,,441.0,,3.9,85,5.69,88,3.03,1,0,normal_2023
2023-12-02,,441.0,,4.9,82,2.99,41,9.76,1,0,normal_2023
2023-12-03,,441.0,,6.2,81,3.18,26,11.13,1,0,normal_2023
2023-12-04,,441.0,,6.3,81,1.87,24,11.5,1,0,normal_2023
2023-12-05,,441.0,,7.7,84,2.17,21,11.38,1,0,normal_2023
2023-12-06,,441.0,,10.5,78,5.3,32,9.15,1,0,normal_2023
2023-12-07,,441.0,,8.3,71,4.5,7,12.37,1,0,normal_2023
2023-12-08,,441.0,,13.7,71,6.24,0,12.15,1,0,normal_2023
2023-12-09,,441.0,,14.5,75,2.57,31,10.43,1,0,normal_2023
2023-12-10,,441.0,,15.3,83,3.63,36,9.26,1,0,normal_2023
2023-12-11,,441.0,,14.6,95,6.98,80,2.76,1,0,normal_2023
2023-12-12,,441.0,,8.8,97,4.18,95,1.39,1,0,normal_2023
2023-12-13,,441.0,,11.3,88,3.68,47,9.95,1,0,normal_2023
2023-12-14,,441.0,,14.1,91,3.11,65,1.78,1,0,normal_2023
2023-12-15,,441.0,,13.1,95,6.6,65,2.62,1,0,normal_2023
2023-12-16,,441.0,,2.4,91,8.7,96,1.73,1,0,normal_2023
2023-12-17,,441.0,,-0.6,84,6.04,94,1.84,1,0,normal_2023
2023-12-18,,441.0,,0.9,88,1.99,80,5.08,1,0,normal_2023
2023-12-19,,441.0,,2.7,86,2.46,71,6.36,1,0,normal_2023
2023-12-20,,441.0,,1.1,85,7.43,77,3.59,1,0,normal_2023
2023-12-21,,441.0,,-1.8,83,7.01,90,3.11,1,0,normal_2023
2023-12-22,,441.0,,-1.5,87,5.83,91,2.17,1,0,normal_2023
2023-12-23,,441.0,,1.0,90,2.63,91,3.84,1,0,normal_2023
2023-12-24,,441.0,,3.0,83,4.1,88,3.56,1,0,normal_2023
2023-12-25,,441.0,,2.4,82,4.2,62,7.57,1,0,normal_2023
2023-12-26,,441.0,,4.4,84,3.38,22,10.94,1,0,normal_2023
2023-12-27,,441.0,,6.1,85,1.95,34,8.28,1,0,normal_2023
2023-12-28,,441.0,,6.1,87,2.82,43,7.79,1,0,normal_2023
2023-12-29,,441.0,,3.9,85,1.72,6,11.65,1,0,normal_2023
2023-12-30,,441.0,,7.4,75,1.85,30,8.74,1,0,normal_2023
2023-12-31,,441.0,,6.5,88,6.54,81,4.47,1,0,normal_2023
2024-01-01,708.178,443.0,0.06661,5.3,87,1.73,57,8.05,0,0,drift_2024
2024-01-02,1094.191,443.0,0.10291,6.1,88,2.63,35,10.38,0,0,drift_2024
2024-01-03,939.241,443.0,0.08834,4.7,85,4.83,74,4.36,0,0,drift_2024
2024-01-04,1602.981,443.0,0.15077,3.9,79,2.8,5,12.21,0,0,drift_2024
2024-01-05,863.023,443.0,0.08117,6.9,72,2.63,15,10.38,0,0,drift_2024
2024-01-06,1801.578,443.0,0.16945,5.0,85,3.18,21,11.85,0,0,drift_2024
2024-01-07,789.51,443.0,0.07426,2.3,79,5.71,64,6.56,0,0,drift_2024
2024-01-08,1101.071,443.0,0.10356,0.7,85,2.09,37,10.16,0,1,drift_2024
2024-01-09,249.467,443.0,0.02346,5.9,81,2.79,35,8.66,0,1,drift_2024
2024-01-10,1231.534,443.0,0.11583,3.7,88,4.89,68,6.0,0,1,drift_2024
2024-01-11,1550.297,443.0,0.14581,2.9,85,3.79,8,12.65,0,1,drift_2024
2024-01-12,951.122,443.0,0.08946,6.1,86,4.2,24,10.03,0,1,drift_2024
2024-01-13,1902.032,443.0,0.1789,3.2,74,2.14,0,12.86,0,1,drift_2024
2024-01-14,1701.937,443.0,0.16008,8.2,73,3.74,17,12.83,0,1,drift_2024
2024-01-15,1934.76,443.0,0.18198,2.0,86,4.89,35,11.83,0,1,drift_2024
2024-01-16,1887.783,443.0,0.17756,2.6,77,2.27,17,12.43,0,1,drift_2024
2024-01-17,1076.286,443.0,0.10123,9.9,76,2.52,44,8.58,0,1,drift_2024
2024-01-18,362.459,443.0,0.03409,10.2,95,2.77,85,1.83,0,1,drift_2024
2024-01-19,280.218,443.0,0.02636,9.0,97,5.07,91,1.33,0,1,drift_2024
2024-01-20,121.12,443.0,0.01139,9.7,98,5.81,88,1.62,0,1,drift_2024
2024-01-21,312.879,443.0,0.02943,5.9,97,3.71,99,2.55,0,1,drift_2024
2024-01-22,465.291,443.0,0.04376,-1.2,91,7.71,97,2.95,0,1,drift_2024
2024-01-23,477.104,443.0,0.04487,-2.9,87,8.58,99,2.55,0,1,drift_2024
2024-01-24,322.714,443.0,0.03035,-0.6,87,8.43,95,7.0,0,1,drift_2024
2024-01-25,582.158,443.0,0.05476,0.6,89,5.34,90,6.64,0,1,drift_2024
2024-01-26,1117.67,443.0,0.10512,2.3,84,3.88,66,5.13,0,1,drift_2024
2024-01-27,1438.664,443.0,0.13531,2.7,83,3.28,38,9.12,0,1,drift_2024
2024-01-28,1670.772,443.0,0.15715,2.5,81,4.52,45,11.99,0,1,drift_2024
2024-01-29,1552.083,443.0,0.14598,1.9,84,2.85,10,12.1,0,1,drift_2024
2024-01-30,307.614,443.0,0.02893,5.3,85,2.52,46,3.82,0,1,drift_2024
2024-01-31,806.068,443.0,0.07582,10.6,96,2.32,66,7.37,0,1,drift_2024
2024-02-01,123.995,444.0,0.01164,6.5,98,2.25,95,1.75,0,1,drift_2024
2024-02-02,252.605,444.0,0.02371,6.1,99,1.96,99,2.12,0,1,drift_2024
2024-02-03,,444.0,,7.3,97,3.45,90,2.54,1,0,drift_2024
2024-02-04,619.266,444.0,0.05811,8.3,95,4.77,91,4.15,0,1,drift_2024
2024-02-05,692.573,444.0,0.06499,7.5,96,5.42,83,4.55,0,1,drift_2024
2024-02-06,751.211,444.0,0.0705,4.4,89,3.31,85,4.15,0,1,drift_2024
2024-02-07,1298.802,444.0,0.12188,1.9,86,4.0,49,12.33,0,1,drift_2024
2024-02-08,1028.242,444.0,0.09649,0.6,86,3.15,33,7.92,0,1,drift_2024
2024-02-09,1294.724,444.0,0.1215,2.1,84,4.13,36,8.52,0,1,drift_2024
2024-02-10,838.398,444.0,0.07868,3.7,83,3.85,49,9.32,0,1,drift_2024
2024-02-11,1483.187,444.0,0.13919,4.6,73,6.1,12,10.05,0,1,drift_2024
2024-02-12,2203.006,444.0,0.20674,5.7,74,2.22,1,16.25,0,1,drift_2024
2024-02-13,1938.448,444.0,0.18191,9.7,70,2.94,4,15.09,0,1,drift_2024
2024-02-14,521.763,444.0,0.04896,13.6,86,3.96,58,8.54,0,1,drift_2024
2024-02-15,738.579,444.0,0.06931,7.2,93,4.16,55,1.68,0,1,drift_2024
2024-02-16,1837.301,444.0,0.17242,3.3,84,2.18,31,12.33,0,1,drift_2024
2024-02-17,2282.591,444.0,0.21421,7.4,76,2.44,1,16.98,0,1,drift_2024
2024-02-18,291.78,444.0,0.02738,12.7,85,5.69,44,8.09,0,1,drift_2024
2024-02-19,1005.256,444.0,0.09434,13.7,95,6.34,72,4.62,0,1,drift_2024
2024-02-20,169.608,444.0,0.01592,8.6,98,3.41,91,2.8,0,1,drift_2024
2024-02-21,218.601,444.0,0.02051,11.8,96,5.79,93,1.78,0,1,drift_2024
2024-02-22,163.968,444.0,0.01539,7.9,99,4.28,98,0.71,0,1,drift_2024
2024-02-23,306.974,444.0,0.02881,5.2,98,3.69,97,2.17,0,1,drift_2024
2024-02-24,294.259,444.0,0.02761,5.5,93,5.42,82,3.7,0,1,drift_2024
2024-02-25,562.229,444.0,0.05276,5.0,94,4.07,96,2.55,0,1,drift_2024
2024-02-26,2124.042,444.0,0.19933,3.9,82,2.99,48,17.5,0,1,drift_2024
2024-02-27,1501.967,444.0,0.14095,5.8,82,4.6,40,12.72,0,1,drift_2024
2024-02-28,931.32,444.0,0.0874,7.0,82,5.0,54,15.4,0,1,drift_2024
2024-02-29,245.028,444.0,0.02299,5.8,97,4.34,93,1.48,0,1,drift_2024
2024-03-01,1203.32,444.0,0.11292,0.5,83,6.7,70,10.71,0,1,drift_2024
2024-03-02,1792.446,444.0,0.16821,0.3,78,4.57,46,16.26,0,1,drift_2024
2024-03-03,,444.0,,4.8,76,4.61,32,12.27,1,0,drift_2024
2024-03-04,847.696,444.0,0.07955,7.4,80,4.36,56,10.18,0,1,drift_2024
2024-03-05,168.445,444.0,0.01581,9.3,98,5.46,97,1.21,0,1,drift_2024
2024-03-06,661.821,444.0,0.06211,7.4,92,3.59,74,8.82,0,1,drift_2024
2024-03-07,2077.414,444.0,0.19495,4.5,86,3.77,53,15.37,0,1,drift_2024
2024-03-08,2210.212,444.0,0.20741,3.3,78,5.32,33,16.79,0,1,drift_2024
2024-03-09,2529.071,444.0,0.23734,2.2,80,4.15,18,20.28,0,1,drift_2024
2024-03-10,2450.382,444.0,0.22995,3.5,70,2.09,4,20.73,0,1,drift_2024
2024-03-11,720.653,444.0,0.06763,7.0,76,1.39,65,7.87,0,1,drift_2024
2024-03-12,1333.754,444.0,0.12516,6.3,90,4.26,51,12.18,0,1,drift_2024
2024-03-13,2650.719,444.0,0.24875,5.1,76,3.17,17,21.25,0,1,drift_2024
2024-03-14,1999.789,444.0,0.18767,7.0,73,2.34,32,14.77,0,1,drift_2024
2024-03-15,2603.11,444.0,0.24429,8.8,66,1.78,1,20.78,0,1,drift_2024
2024-03-16,,444.0,,11.0,72,1.48,33,16.12,1,0,drift_2024
2024-03-17,,444.0,,9.0,91,3.23,64,8.06,1,0,drift_2024
2024-03-18,2463.44,444.0,0.23118,7.1,73,2.55,20,21.17,0,1,drift_2024
2024-03-19,2130.965,444.0,0.19998,8.2,77,5.59,35,19.49,0,1,drift_2024
2024-03-20,,444.0,,4.2,74,6.79,22,18.81,1,0,drift_2024
2024-03-21,2820.074,444.0,0.26465,4.4,76,2.91,3,22.46,0,1,drift_2024
2024-03-22,1820.322,444.0,0.17083,10.5,72,6.7,23,20.37,0,1,drift_2024
2024-03-23,1540.03,444.0,0.14452,15.3,88,3.52,54,16.19,0,1,drift_2024
2024-03-24,327.767,444.0,0.03076,12.8,98,5.34,83,4.04,0,1,drift_2024
2024-03-25,371.439,444.0,0.03486,13.3,96,5.58,80,4.92,0,1,drift_2024
2024-03-26,1268.848,444.0,0.11907,8.6,95,4.05,87,3.57,0,1,drift_2024
2024-03-27,1856.393,444.0,0.17421,9.9,80,2.79,33,16.91,0,1,drift_2024
2024-03-28,182.26,444.0,0.0171,11.6,91,6.17,92,3.19,0,1,drift_2024
2024-03-29,2241.901,444.0,0.21039,13.2,71,5.77,14,22.79,0,1,drift_2024
2024-03-30,1974.988,444.0,0.18534,16.2,69,4.07,40,20.5,0,1,drift_2024
2024-03-31,897.634,444.0,0.08424,13.0,78,1.6,60,11.56,0,1,drift_2024
2024-04-01,2488.923,445.0,0.23305,14.9,56,2.28,5,23.58,0,1,drift_2024
2024-04-02,422.847,445.0,0.03959,15.1,74,5.21,88,7.2,0,1,drift_2024
2024-04-03,,445.0,,15.8,97,2.52,82,5.19,1,0,drift_2024
2024-04-04,421.355,445.0,0.03945,12.3,98,1.93,91,5.42,0,1,drift_2024
2024-04-05,,445.0,,12.1,86,3.31,53,19.3,1,0,drift_2024
2024-04-06,,445.0,,11.4,78,1.82,54,11.16,1,0,drift_2024
2024-04-07,,445.0,,14.2,59,2.02,43,22.1,1,0,drift_2024
2024-04-08,,445.0,,12.8,71,3.38,75,6.02,1,0,drift_2024
2024-04-09,,445.0,,12.9,76,2.85,11,21.45,1,0,drift_2024
2024-04-10,,445.0,,12.5,77,3.92,16,23.62,1,0,drift_2024
2024-04-11,720.025,445.0,0.06742,13.1,80,2.44,65,6.39,0,1,drift_2024
2024-04-12,1963.009,445.0,0.1838,15.3,77,2.53,56,14.86,0,1,drift_2024
2024-04-13,2539.879,445.0,0.23782,15.9,79,2.23,35,19.36,0,1,drift_2024
2024-04-14,1547.567,445.0,0.1449,16.4,83,6.31,58,19.5,0,1,drift_2024
2024-04-15,1180.143,445.0,0.1105,17.0,89,6.84,49,18.03,0,1,drift_2024
2024-04-16,2393.234,445.0,0.22409,14.1,78,2.96,21,24.64,0,1,drift_2024
2024-04-17,1232.577,445.0,0.11541,13.1,65,1.61,74,13.7,0,1,drift_2024
2024-04-18,2746.939,445.0,0.2572,13.5,67,2.98,8,26.06,0,1,drift_2024
2024-04-19,2168.912,445.0,0.20308,16.0,60,1.29,44,22.23,0,1,drift_2024
2024-04-20,601.044,445.0,0.05628,15.4,85,5.92,67,12.73,0,1,drift_2024
2024-04-21,473.292,445.0,0.04432,13.6,97,1.64,81,5.62,0,1,drift_2024
2024-04-22,640.537,445.0,0.05998,14.1,98,2.82,90,6.9,0,1,drift_2024
2024-04-23,695.22,445.0,0.0651,13.5,95,3.62,80,6.7,0,1,drift_2024
2024-04-24,2375.477,445.0,0.22242,13.0,85,4.68,24,24.67,0,1,drift_2024
2024-04-25,2694.412,445.0,0.25229,14.3,74,2.0,28,26.0,0,1,drift_2024
2024-04-26,1416.41,445.0,0.13262,14.6,76,1.6,56,13.82,0,1,drift_2024
2024-04-27,2615.641,445.0,0.24491,16.9,71,1.92,11,25.95,0,1,drift_2024
2024-04-28,1971.722,445.0,0.18462,18.6,68,2.27,57,21.45,0,1,drift_2024
2024-04-29,394.332,445.0,0.03692,17.4,97,3.58,89,4.37,0,1,drift_2024
2024-04-30,1850.374,445.0,0.17326,14.4,93,2.53,74,17.47,0,1,drift_2024
2024-05-01,870.2,446.0,0.0813,12.3,93,3.0,69,5.08,0,1,drift_2024
2024-05-02,2562.368,446.0,0.23938,13.5,79,3.24,42,23.01,0,1,drift_2024
2024-05-03,2773.847,446.0,0.25914,15.5,67,2.88,11,27.07,0,1,drift_2024
2024-05-04,1509.679,446.0,0.14104,17.3,86,5.48,52,17.6,0,1,drift_2024
2024-05-05,174.854,446.0,0.01634,19.6,91,10.36,91,2.83,0,1,drift_2024
2024-05-06,1921.133,446.0,0.17948,16.2,87,5.16,45,21.28,0,1,drift_2024
2024-05-07,2666.219,446.0,0.24909,14.4,87,6.79,29,25.82,0,1,drift_2024
2024-05-08,1194.114,446.0,0.11156,12.0,93,3.49,71,6.75,0,1,drift_2024
2024-05-09,2823.113,446.0,0.26374,13.4,75,2.47,1,27.58,0,1,drift_2024
2024-05-10,2805.169,446.0,0.26207,16.1,57,1.08,0,27.59,0,1,drift_2024
2024-05-11,1067.055,446.0,0.09969,17.7,82,6.93,53,14.41,0,1,drift_2024
2024-05-12,818.124,446.0,0.07643,14.8,83,3.8,74,7.75,0,1,drift_2024
2024-05-13,2797.763,446.0,0.26138,14.3,74,2.47,5,28.13,0,1,drift_2024
2024-05-14,2785.172,446.0,0.2602,16.4,60,2.4,1,27.81,0,1,drift_2024
2024-05-15,2334.196,446.0,0.21807,14.6,64,5.15,19,25.66,0,1,drift_2024
2024-05-16,2913.956,446.0,0.27223,14.9,61,7.72,0,28.52,0,1,drift_2024
2024-05-17,,446.0,,19.3,45,4.06,6,28.91,1,0,drift_2024
2024-05-18,,446.0,,17.7,60,1.3,2,28.12,1,0,drift_2024
2024-05-19,,446.0,,18.5,58,1.36,0,28.48,1,0,drift_2024
2024-05-20,2365.295,446.0,0.22097,18.7,58,2.07,57,23.3,0,1,drift_2024
2024-05-21,2222.22,446.0,0.20761,18.5,70,2.58,30,26.51,0,1,drift_2024
2024-05-22,1524.724,446.0,0.14244,19.0,71,2.89,69,17.23,0,1,drift_2024
2024-05-23,2405.359,446.0,0.22472,18.8,75,1.55,59,18.32,0,1,drift_2024
2024-05-24,2739.788,446.0,0.25596,19.1,68,1.96,16,27.14,0,1,drift_2024
2024-05-25,2458.286,446.0,0.22966,19.7,69,3.66,1,27.31,0,1,drift_2024
2024-05-26,662.814,446.0,0.06192,20.9,82,3.53,39,13.55,0,1,drift_2024
2024-05-27,1424.788,446.0,0.13311,17.6,77,3.06,76,17.9,0,1,drift_2024
2024-05-28,2844.619,446.0,0.26575,15.6,81,2.87,30,27.24,0,1,drift_2024
2024-05-29,2622.609,446.0,0.24501,17.5,72,1.81,13,26.51,0,1,drift_2024
2024-05-30,1764.626,446.0,0.16486,17.4,68,2.11,66,15.52,0,1,drift_2024
2024-05-31,1383.917,446.0,0.12929,16.9,85,1.85,51,17.52,0,1,drift_2024
2024-06-01,1829.476,446.0,0.17092,16.2,83,4.11,25,22.38,0,1,drift_2024
2024-06-02,1635.706,446.0,0.15281,17.1,74,2.92,39,24.49,0,1,drift_2024
2024-06-03,1793.468,446.0,0.16755,18.8,63,2.18,35,19.32,0,1,drift_2024
2024-06-04,1872.713,446.0,0.17495,17.5,77,2.91,17,26.02,0,1,drift_2024
2024-06-05,1197.088,446.0,0.11184,16.8,83,3.34,53,18.69,0,1,drift_2024
2024-06-06,672.34,446.0,0.06281,17.4,88,2.97,60,9.4,0,1,drift_2024
2024-06-07,1046.187,446.0,0.09774,18.8,88,2.83,67,10.91,0,1,drift_2024
2024-06-08,667.088,446.0,0.06232,19.9,95,2.06,72,7.4,0,1,drift_2024
2024-06-09,1118.166,446.0,0.10446,19.3,92,2.27,60,12.46,0,1,drift_2024
2024-06-10,2082.998,446.0,0.1946,21.5,67,1.93,29,24.7,0,1,drift_2024
2024-06-11,1636.137,446.0,0.15285,20.7,75,1.36,35,24.64,0,1,drift_2024
2024-06-12,1470.183,446.0,0.13735,20.9,80,1.01,20,23.44,0,1,drift_2024
2024-06-13,2033.53,446.0,0.18998,21.1,81,1.49,11,25.49,0,1,drift_2024
2024-06-14,1405.82,446.0,0.13134,21.9,84,1.12,34,15.58,0,1,drift_2024
2024-06-15,1372.69,446.0,0.12824,22.3,85,2.03,31,19.87,0,1,drift_2024
2024-06-16,1725.674,446.0,0.16122,20.7,93,3.17,48,19.18,0,1,drift_2024
2024-06-17,489.329,446.0,0.04571,18.7,83,1.84,71,6.27,0,1,drift_2024
2024-06-18,2231.426,446.0,0.20847,21.0,65,2.68,6,27.9,0,1,drift_2024
2024-06-19,1353.036,446.0,0.1264,23.3,61,3.08,74,23.1,0,1,drift_2024
2024-06-20,91.072,446.0,0.00851,21.1,93,4.92,90,2.32,0,1,drift_2024
2024-06-21,1051.035,446.0,0.09819,22.9,92,0.99,52,13.88,0,1,drift_2024
2024-06-22,216.698,446.0,0.02024,23.8,92,4.71,79,4.5,0,1,drift_2024
2024-06-23,785.512,446.0,0.07338,22.4,90,2.65,76,7.77,0,1,drift_2024
2024-06-24,1245.473,446.0,0.11636,23.7,79,2.59,56,18.66,0,1,drift_2024
2024-06-25,563.809,446.0,0.05267,19.8,86,1.93,75,8.01,0,1,drift_2024
2024-06-26,1053.713,446.0,0.09844,20.6,78,1.49,70,16.04,0,1,drift_2024
2024-06-27,157.854,446.0,0.01475,21.0,91,2.3,88,2.97,0,1,drift_2024
2024-06-28,868.459,446.0,0.08113,22.0,93,1.81,73,9.61,0,1,drift_2024
2024-06-29,123.455,446.0,0.01153,23.3,92,4.08,83,2.94,0,1,drift_2024
2024-06-30,241.055,446.0,0.02252,24.6,91,7.04,86,4.07,0,1,drift_2024
2024-07-01,596.702,449.0,0.05537,23.8,94,2.14,72,6.76,0,1,drift_2024
2024-07-02,708.788,449.0,0.06577,25.8,89,9.34,65,23.6,0,1,drift_2024
2024-07-03,1065.947,449.0,0.09892,26.5,89,5.22,32,21.29,0,1,drift_2024
2024-07-04,1629.117,449.0,0.15118,27.6,81,2.36,12,22.76,0,1,drift_2024
2024-07-05,1591.365,449.0,0.14768,27.5,83,3.74,21,19.4,0,1,drift_2024
2024-07-06,1558.792,449.0,0.14465,27.4,78,8.34,65,25.7,0,1,drift_2024
2024-07-07,932.331,449.0,0.08652,27.5,82,7.12,46,21.0,0,1,drift_2024
2024-07-08,1126.044,449.0,0.1045,27.3,82,7.2,58,18.57,0,1,drift_2024
2024-07-09,1201.812,449.0,0.11153,26.9,84,7.33,58,18.93,0,1,drift_2024
2024-07-10,237.211,449.0,0.02201,24.8,93,5.95,82,4.24,0,1,drift_2024
2024-07-11,366.817,449.0,0.03404,21.4,96,2.9,85,7.07,0,1,drift_2024
2024-07-12,1190.249,449.0,0.11045,21.4,93,1.77,55,13.26,0,1,drift_2024
2024-07-13,318.587,449.0,0.02956,22.8,90,2.25,70,6.38,0,1,drift_2024
2024-07-14,539.77,449.0,0.05009,25.1,90,2.08,87,8.25,0,1,drift_2024
2024-07-15,513.593,449.0,0.04766,24.3,91,1.21,71,7.51,0,1,drift_2024
2024-07-16,1049.939,449.0,0.09743,26.8,82,5.26,54,17.33,0,1,drift_2024
2024-07-17,1258.195,449.0,0.11676,26.5,85,4.65,58,20.93,0,1,drift_2024
2024-07-18,742.702,449.0,0.06892,26.7,84,5.08,61,9.55,0,1,drift_2024
2024-07-19,766.024,449.0,0.07109,26.8,84,3.33,71,6.76,0,1,drift_2024
2024-07-20,1418.573,449.0,0.13164,27.5,82,5.46,36,17.97,0,1,drift_2024
2024-07-21,1350.613,449.0,0.12534,27.7,82,3.76,45,12.83,0,1,drift_2024
2024-07-22,1642.124,449.0,0.15239,27.8,79,2.97,34,25.8,0,1,drift_2024
2024-07-23,1538.094,449.0,0.14273,27.7,83,2.54,43,21.09,0,1,drift_2024
2024-07-24,1496.921,449.0,0.13891,27.2,85,1.8,43,16.44,0,1,drift_2024
2024-07-25,1536.132,449.0,0.14255,26.2,90,6.05,52,15.41,0,1,drift_2024
2024-07-26,685.368,449.0,0.0636,26.2,91,6.36,91,1.9,0,1,drift_2024
2024-07-27,1137.051,449.0,0.10552,26.6,89,5.84,64,12.61,0,1,drift_2024
2024-07-28,1682.221,449.0,0.15611,27.8,82,3.88,8,26.59,0,1,drift_2024
2024-07-29,1807.75,449.0,0.16776,27.1,80,1.3,12,23.65,0,1,drift_2024
2024-07-30,1748.478,449.0,0.16226,27.1,81,2.57,11,23.62,0,1,drift_2024
2024-07-31,1833.357,449.0,0.17013,26.6,86,1.3,17,19.94,0,1,drift_2024
2024-08-01,1662.944,448.0,0.15466,27.2,85,1.49,19,19.54,0,1,drift_2024
2024-08-02,1601.112,448.0,0.14891,27.8,85,1.66,13,21.96,0,1,drift_2024
2024-08-03,1502.699,448.0,0.13976,28.2,82,2.18,16,20.82,0,1,drift_2024
2024-08-04,1487.82,448.0,0.13838,27.6,87,1.77,15,19.86,0,1,drift_2024
2024-08-05,1243.311,448.0,0.11564,27.1,90,1.54,47,11.1,0,1,drift_2024
2024-08-06,1486.278,448.0,0.13823,27.6,86,2.87,22,18.44,0,1,drift_2024
2024-08-07,1853.78,448.0,0.17241,27.5,81,2.13,10,23.85,0,1,drift_2024
2024-08-08,1637.977,448.0,0.15234,26.8,88,2.65,28,20.89,0,1,drift_2024
2024-08-09,1559.376,448.0,0.14503,26.6,88,2.09,43,19.03,0,1,drift_2024
2024-08-10,1431.564,448.0,0.13314,26.0,86,1.97,41,13.2,0,1,drift_2024
2024-08-11,1448.68,448.0,0.13474,26.8,83,2.42,37,12.11,0,1,drift_2024
2024-08-12,1862.936,448.0,0.17326,26.9,77,3.14,7,25.41,0,1,drift_2024
2024-08-13,1722.187,448.0,0.16017,26.4,86,3.39,25,21.62,0,1,drift_2024
2024-08-14,963.421,448.0,0.0896,25.3,93,2.76,64,10.51,0,1,drift_2024
2024-08-15,978.895,448.0,0.09104,25.2,91,2.7,65,7.3,0,1,drift_2024
2024-08-16,1414.438,448.0,0.13155,24.8,87,2.0,69,7.56,0,1,drift_2024
2024-08-17,1198.282,448.0,0.11145,25.8,90,2.65,27,18.56,0,1,drift_2024
2024-08-18,1180.413,448.0,0.10979,26.1,88,3.07,51,16.05,0,1,drift_2024
2024-08-19,1668.067,448.0,0.15514,27.2,85,3.48,17,21.35,0,1,drift_2024
2024-08-20,924.274,448.0,0.08596,26.9,89,5.61,67,6.84,0,1,drift_2024
2024-08-21,1204.646,448.0,0.11204,27.6,88,2.01,44,16.93,0,1,drift_2024
2024-08-22,1212.165,448.0,0.11274,27.3,88,2.9,20,19.92,0,1,drift_2024
2024-08-23,1388.081,448.0,0.1291,26.6,86,2.44,27,19.51,0,1,drift_2024
2024-08-24,1430.53,448.0,0.13305,25.7,87,1.86,30,15.9,0,1,drift_2024
2024-08-25,1626.611,448.0,0.15128,25.6,87,2.08,22,20.56,0,1,drift_2024
2024-08-26,1527.291,448.0,0.14205,25.6,87,2.08,28,18.18,0,1,drift_2024
2024-08-27,1254.112,448.0,0.11664,25.6,90,2.72,40,13.12,0,1,drift_2024
2024-08-28,914.625,448.0,0.08507,25.3,95,5.84,63,12.37,0,1,drift_2024
2024-08-29,1573.831,448.0,0.14638,25.2,93,4.57,53,11.87,0,1,drift_2024
2024-08-30,1937.406,448.0,0.18019,25.5,89,3.63,28,21.74,0,1,drift_2024
2024-08-31,2033.119,448.0,0.18909,23.8,84,3.17,7,24.06,0,1,drift_2024
2024-09-01,1515.155,447.0,0.14123,24.2,81,1.87,25,19.15,0,1,drift_2024
2024-09-02,1642.315,447.0,0.15309,24.1,81,2.05,41,16.84,0,1,drift_2024
2024-09-03,978.941,447.0,0.09125,24.4,87,3.09,62,9.92,0,1,drift_2024
2024-09-04,1431.045,447.0,0.13339,24.8,87,4.32,22,20.81,0,1,drift_2024
2024-09-05,1632.839,447.0,0.1522,24.7,85,2.64,22,18.36,0,1,drift_2024
2024-09-06,1432.344,447.0,0.13351,25.0,84,1.84,30,13.84,0,1,drift_2024
2024-09-07,1299.191,447.0,0.1211,24.9,83,1.82,42,13.0,0,1,drift_2024
2024-09-08,996.886,447.0,0.09292,24.3,93,1.75,46,10.49,0,1,drift_2024
2024-09-09,1545.538,447.0,0.14407,25.6,88,3.32,20,19.58,0,1,drift_2024
2024-09-10,1268.454,447.0,0.11824,26.0,91,4.8,43,15.18,0,1,drift_2024
2024-09-11,897.958,447.0,0.0837,25.6,92,5.36,75,5.97,0,1,drift_2024
2024-09-12,1463.809,447.0,0.13645,26.9,82,4.17,37,15.69,0,1,drift_2024
2024-09-13,1635.016,447.0,0.15241,25.6,84,2.13,22,16.52,0,1,drift_2024
2024-09-14,1725.98,447.0,0.16089,25.3,88,2.21,14,20.78,0,1,drift_2024
2024-09-15,1192.032,447.0,0.11111,26.0,95,4.54,59,10.62,0,1,drift_2024
2024-09-16,731.531,447.0,0.06819,26.4,93,4.62,59,7.76,0,1,drift_2024
2024-09-17,803.054,447.0,0.07486,26.0,92,2.23,46,7.34,0,1,drift_2024
2024-09-18,1502.82,447.0,0.14008,26.7,87,3.85,19,17.9,0,1,drift_2024
2024-09-19,1248.212,447.0,0.11635,26.4,89,6.57,49,15.44,0,1,drift_2024
2024-09-20,550.591,447.0,0.05132,25.8,91,4.5,90,2.01,0,1,drift_2024
2024-09-21,205.297,447.0,0.01914,25.4,91,3.94,81,3.51,0,1,drift_2024
2024-09-22,616.742,447.0,0.05749,22.3,96,3.3,84,5.04,0,1,drift_2024
2024-09-23,1210.52,447.0,0.11284,21.7,87,4.97,47,13.56,0,1,drift_2024
2024-09-24,1192.461,447.0,0.11115,21.2,88,4.12,38,13.74,0,1,drift_2024
2024-09-25,927.443,447.0,0.08645,22.6,90,3.31,40,12.7,0,1,drift_2024
2024-09-26,1534.311,447.0,0.14302,22.8,86,2.53,26,17.92,0,1,drift_2024
2024-09-27,1557.027,447.0,0.14514,21.2,88,2.39,47,17.79,0,1,drift_2024
2024-09-28,1432.963,447.0,0.13357,22.2,88,4.35,39,15.12,0,1,drift_2024
2024-09-29,1269.09,447.0,0.1183,21.7,86,5.1,40,11.26,0,1,drift_2024
2024-09-30,1239.747,447.0,0.11556,21.9,89,3.19,34,13.0,0,1,drift_2024
2024-10-01,870.776,448.0,0.08099,20.7,90,2.91,50,8.7,0,1,drift_2024
2024-10-02,1301.612,448.0,0.12106,15.7,74,3.68,40,13.78,0,1,drift_2024
2024-10-03,684.26,448.0,0.06364,14.1,83,1.97,68,3.86,0,1,drift_2024
2024-10-04,1501.023,448.0,0.1396,16.9,84,3.05,28,19.29,0,1,drift_2024
2024-10-05,1474.023,448.0,0.13709,18.4,86,3.71,34,14.1,0,1,drift_2024
2024-10-06,701.181,448.0,0.06521,17.8,94,2.25,71,3.57,0,1,drift_2024
2024-10-07,503.75,448.0,0.04685,14.8,90,1.95,70,5.36,0,1,drift_2024
2024-10-08,1504.695,448.0,0.13995,17.1,86,2.61,45,12.6,0,1,drift_2024
2024-10-09,462.992,448.0,0.04306,16.3,92,2.33,61,4.06,0,1,drift_2024
2024-10-10,1015.012,448.0,0.0944,17.7,85,3.07,55,10.27,0,1,drift_2024
2024-10-11,1512.863,448.0,0.14071,17.1,87,2.25,26,15.64,0,1,drift_2024
2024-10-12,1330.52,448.0,0.12375,18.0,85,2.88,25,15.93,0,1,drift_2024
2024-10-13,1424.123,448.0,0.13245,18.6,80,3.93,35,12.46,0,1,drift_2024
2024-10-14,554.005,448.0,0.05153,20.2,86,2.98,61,4.94,0,1,drift_2024
2024-10-15,761.71,448.0,0.07084,19.9,92,2.16,48,8.19,0,1,drift_2024
2024-10-16,1118.411,448.0,0.10402,19.3,93,2.23,64,11.08,0,1,drift_2024
2024-10-17,470.387,448.0,0.04375,19.4,91,4.31,66,4.07,0,1,drift_2024
2024-10-18,690.971,448.0,0.06426,23.5,88,4.47,40,11.0,0,1,drift_2024
2024-10-19,700.08,448.0,0.06511,18.9,95,5.24,87,4.14,0,1,drift_2024
2024-10-20,529.503,448.0,0.04925,15.4,87,6.79,75,7.32,0,1,drift_2024
2024-10-21,376.257,448.0,0.03499,18.5,92,4.2,57,6.15,0,1,drift_2024
2024-10-22,734.104,448.0,0.06828,20.3,96,3.48,83,5.34,0,1,drift_2024
2024-10-23,1195.554,448.0,0.11119,14.1,84,5.44,36,14.07,0,1,drift_2024
2024-10-24,1810.18,448.0,0.16836,13.0,76,2.41,4,17.55,0,1,drift_2024
2024-10-25,1334.809,448.0,0.12415,17.8,86,5.79,24,14.72,0,1,drift_2024
2024-10-26,380.848,448.0,0.03542,18.8,93,4.44,64,4.72,0,1,drift_2024
2024-10-27,199.8,448.0,0.01858,16.8,96,2.7,81,1.26,0,1,drift_2024
2024-10-28,596.25,448.0,0.05545,14.4,89,2.52,59,4.8,0,1,drift_2024
2024-10-29,1016.339,448.0,0.09453,16.4,88,3.55,68,9.44,0,1,drift_2024
2024-10-30,1170.41,448.0,0.10886,15.7,86,2.76,50,14.06,0,1,drift_2024
2024-10-31,597.78,448.0,0.0556,17.3,84,4.92,62,11.95,0,1,drift_2024
2024-11-01,24.172,448.0,0.00225,16.1,97,5.8,97,0.67,0,1,drift_2024
2024-11-02,658.981,448.0,0.06129,17.0,94,4.12,64,6.9,0,1,drift_2024
2024-11-03,1311.904,448.0,0.12201,16.4,84,3.5,8,14.43,0,1,drift_2024
2024-11-04,997.653,448.0,0.09279,15.3,81,3.12,18,9.86,0,1,drift_2024
2024-11-05,1198.683,448.0,0.11148,11.3,83,4.6,28,11.74,0,1,drift_2024
2024-11-06,1419.908,448.0,0.13206,10.5,78,4.53,28,13.13,0,1,drift_2024
2024-11-07,1420.041,448.0,0.13207,10.6,81,2.47,14,14.17,0,1,drift_2024
2024-11-08,1048.884,448.0,0.09755,14.2,82,3.54,34,11.57,0,1,drift_2024
2024-11-09,690.671,448.0,0.06424,14.7,83,3.7,44,9.45,0,1,drift_2024
2024-11-10,204.078,448.0,0.01898,15.8,98,3.5,89,1.08,0,1,drift_2024
2024-11-11,1478.595,448.0,0.13752,13.9,82,2.01,10,13.92,0,1,drift_2024
2024-11-12,1362.946,448.0,0.12676,13.4,90,2.55,28,11.78,0,1,drift_2024
2024-11-13,1099.735,448.0,0.10228,14.3,85,3.21,10,11.91,0,1,drift_2024
2024-11-14,1086.144,448.0,0.10102,16.0,82,3.16,38,9.97,0,1,drift_2024
2024-11-15,260.019,448.0,0.02418,16.7,91,2.76,67,6.88,0,1,drift_2024
2024-11-16,678.606,448.0,0.06311,18.0,93,3.0,63,8.87,0,1,drift_2024
2024-11-17,1283.45,448.0,0.11937,12.2,85,4.26,56,8.13,0,1,drift_2024
2024-11-18,1576.278,448.0,0.1466,5.6,72,4.14,16,12.91,0,1,drift_2024
2024-11-19,747.214,448.0,0.0695,9.1,86,2.32,59,5.63,0,1,drift_2024
2024-11-20,212.787,448.0,0.01979,8.5,89,2.11,70,2.79,0,1,drift_2024
2024-11-21,1305.562,448.0,0.12143,9.5,81,2.67,32,10.31,0,1,drift_2024
2024-11-22,1138.471,448.0,0.10588,9.3,79,4.1,21,10.63,0,1,drift_2024
2024-11-23,1294.252,448.0,0.12037,6.7,81,2.31,25,11.58,0,1,drift_2024
2024-11-24,693.185,448.0,0.06447,8.8,88,2.43,45,2.26,0,1,drift_2024
2024-11-25,603.915,448.0,0.05617,13.1,84,7.11,55,8.84,0,1,drift_2024
2024-11-26,581.15,448.0,0.05405,9.7,86,7.41,76,5.53,0,1,drift_2024
2024-11-27,512.074,448.0,0.04763,5.6,80,7.56,77,3.87,0,1,drift_2024
2024-11-28,562.451,448.0,0.05231,6.1,80,7.23,61,9.93,0,1,drift_2024
2024-11-29,344.208,448.0,0.03201,6.2,80,7.49,71,4.54,0,1,drift_2024
2024-11-30,1311.758,448.0,0.122,8.7,79,4.75,35,9.88,0,1,drift_2024
2024-12-01,693.495,450.0,0.06421,10.0,77,2.71,15,9.68,0,1,drift_2024
2024-12-02,1187.489,450.0,0.10995,11.8,79,3.94,8,12.32,0,1,drift_2024
2024-12-03,1073.607,450.0,0.09941,6.7,87,3.78,45,11.16,0,1,drift_2024
2024-12-04,1150.071,450.0,0.10649,4.4,82,2.93,11,11.98,0,1,drift_2024
2024-12-05,757.909,450.0,0.07018,6.9,77,4.99,40,8.56,0,1,drift_2024
2024-12-06,528.323,450.0,0.04892,6.9,77,4.34,52,4.64,0,1,drift_2024
2024-12-07,1046.986,450.0,0.09694,5.7,80,3.41,52,10.46,0,1,drift_2024
2024-12-08,728.001,450.0,0.06741,3.7,84,5.47,69,7.1,0,1,drift_2024
2024-12-09,591.355,450.0,0.05476,5.1,83,3.64,38,9.33,0,1,drift_2024
2024-12-10,1106.229,450.0,0.10243,4.8,85,2.84,25,10.9,0,1,drift_2024
2024-12-11,527.56,450.0,0.04885,4.7,85,3.09,39,6.86,0,1,drift_2024
2024-12-12,1221.2,450.0,0.11307,4.0,85,3.45,30,10.65,0,1,drift_2024
2024-12-13,480.552,450.0,0.0445,3.0,85,4.12,64,3.17,0,1,drift_2024
2024-12-14,601.719,450.0,0.05571,3.0,80,5.54,78,3.78,0,1,drift_2024
2024-12-15,321.495,450.0,0.02977,4.3,78,6.17,71,4.9,0,1,drift_2024
2024-12-16,444.956,450.0,0.0412,5.5,79,4.47,75,4.96,0,1,drift_2024
2024-12-17,634.167,450.0,0.05872,5.3,77,3.07,69,2.78,0,1,drift_2024
2024-12-18,580.577,450.0,0.05376,2.7,84,5.54,84,4.4,0,1,drift_2024
2024-12-19,1341.378,450.0,0.1242,1.4,77,3.65,45,11.97,0,1,drift_2024
2024-12-20,390.993,450.0,0.0362,4.2,84,2.8,64,4.87,0,1,drift_2024
2024-12-21,256.922,450.0,0.02379,3.8,83,7.05,82,3.68,0,1,drift_2024
2024-12-22,628.64,450.0,0.05821,1.6,85,5.62,67,6.04,0,1,drift_2024
2024-12-23,850.735,450.0,0.07877,2.6,86,3.38,43,8.07,0,1,drift_2024
2024-12-24,1143.368,450.0,0.10587,3.9,83,3.66,20,11.33,0,1,drift_2024
2024-12-25,794.876,450.0,0.0736,4.7,84,3.18,24,10.93,0,1,drift_2024
2024-12-26,1075.087,450.0,0.09955,5.1,83,5.89,41,10.43,0,1,drift_2024
2024-12-27,825.311,450.0,0.07642,2.8,83,6.32,60,7.52,0,1,drift_2024
2024-12-28,537.382,450.0,0.04976,1.6,83,6.84,87,2.94,0,1,drift_2024
2024-12-29,1003.841,450.0,0.09295,3.7,79,3.94,41,10.35,0,1,drift_2024
2024-12-30,1231.673,450.0,0.11404,6.1,78,3.63,30,11.5,0,1,drift_2024
2024-12-31,1417.226,450.0,0.13122,4.2,81,5.18,20,11.32,0,1,drift_2024
