날짜(KST),시도명,일 발전량 합계(MWh),관측 발전량 부분합(MWh),관측 시간 수,발전량 유효 시간 수,발전량 상태,설비용량 평균(MW),기온 평균,기온 최저,기온 최고,습도 평균,풍속 평균,전운량 평균(10분위),설비용량 유효 시간 수,기온 유효 시간 수,습도 유효 시간 수,풍속 유효 시간 수,전운량 유효 시간 수,주요 변수 완전 여부
2019-01-01,제주,168.21,168.21,24,24,완전,176.769,5.654166666666666,4.8,6.6,60.0,5.1875,9.041666666666666,24,24,24,24,24,1
2019-01-02,제주,208.31,208.31,24,24,완전,176.769,5.116666666666666,4.6,5.9,60.166666666666664,4.05,8.833333333333334,24,24,24,24,24,1
2019-01-03,제주,735.16,735.16,24,24,완전,176.769,5.208333333333333,3.6,7.7,60.166666666666664,2.7291666666666665,4.541666666666667,24,24,24,24,24,1
2019-01-04,제주,145.74,145.74,24,24,완전,176.769,5.708333333333333,2.8,9.9,75.29166666666667,2.0083333333333333,7.541666666666667,24,24,24,24,24,1
2019-01-05,제주,456.84,456.84,24,24,완전,176.769,6.970833333333334,5.7,8.7,69.83333333333333,3.1666666666666665,6.416666666666667,24,24,24,24,24,1
2019-01-06,제주,719.03,719.03,24,24,완전,176.769,5.6125,4.7,7.4,64.20833333333333,2.6333333333333333,6.666666666666667,24,24,24,24,24,1
2019-01-07,제주,668.74,668.74,24,24,완전,176.769,5.7250000000000005,3.2,8.2,65.83333333333333,2.1374999999999997,5.541666666666667,24,24,24,24,24,1
2019-01-08,제주,421.02,421.02,24,24,완전,176.769,6.704166666666667,4.5,8.2,63.125,4.233333333333333,9.416666666666666,24,24,24,24,24,1
2019-01-09,제주,428.45,428.45,24,24,완전,176.769,4.420833333333333,2.3,5.8,55.583333333333336,3.1791666666666667,8.5,24,24,24,24,24,1
2019-01-10,제주,387.54,387.54,24,24,완전,176.769,6.766666666666667,5.6,7.8,64.79166666666667,2.8708333333333336,9.625,24,24,24,24,24,1
2019-01-11,제주,164.36,164.36,24,24,완전,176.769,7.65,5.9,9.2,69.45833333333333,2.4166666666666665,9.25,24,24,24,24,24,1
2019-01-12,제주,523.04,523.04,24,24,완전,176.769,8.991666666666667,8.2,10.1,74.91666666666667,2.704166666666667,7.291666666666667,24,24,24,24,24,1
2019-01-13,제주,516.24,516.24,24,24,완전,176.769,8.116666666666667,6.7,9.3,65.5,3.483333333333333,4.708333333333333,24,24,24,24,24,1
2019-01-14,제주,667.81,667.81,24,24,완전,176.769,7.225,5.7,9.2,66.16666666666667,2.0875,5.541666666666667,24,24,24,24,24,1
2019-01-15,제주,552.76,552.76,24,24,완전,176.769,7.183333333333334,4.1,9.5,62.25,4.095833333333333,7.791666666666667,24,24,24,24,24,1
2019-01-16,제주,347.81,347.81,24,24,완전,176.769,3.079166666666667,2.2,3.9,62.875,4.391666666666667,9.083333333333334,24,24,24,24,24,1
2019-01-17,제주,289.15,289.15,24,24,완전,176.769,5.445833333333333,4.0,6.3,56.375,4.354166666666667,8.5,24,24,24,24,24,1
2019-01-18,제주,804.2,804.2,24,24,완전,176.769,6.533333333333334,4.1,9.6,61.625,2.004166666666667,3.2083333333333335,24,24,24,24,24,1
2019-01-19,제주,88.88,88.88,24,24,완전,176.769,8.383333333333333,4.0,12.5,73.75,2.1416666666666666,6.416666666666667,24,24,24,24,24,1
2019-01-20,제주,521.38,521.38,24,24,완전,176.769,7.1875,4.2,11.7,68.25,5.4750000000000005,7.958333333333333,24,24,24,24,24,1
2019-01-21,제주,710.55,710.55,24,24,완전,176.769,5.958333333333333,4.0,7.8,59.541666666666664,4.516666666666667,7.291666666666667,24,24,24,24,24,1
2019-01-22,제주,634.01,634.01,24,24,완전,176.769,8.254166666666666,6.3,10.5,56.541666666666664,3.4958333333333336,4.666666666666667,24,24,24,24,24,1
2019-01-23,제주,780.84,780.84,24,24,완전,176.769,8.6875,6.8,11.4,57.041666666666664,3.4875000000000003,1.0416666666666667,24,24,24,24,24,1
2019-01-24,제주,882.62,882.62,24,24,완전,176.769,6.5249999999999995,3.7,9.0,55.291666666666664,2.0416666666666665,0.0416666666666666,24,24,24,24,24,1
2019-01-25,제주,534.77,534.77,24,24,완전,176.769,5.804166666666667,3.8,9.2,59.875,3.9416666666666664,4.958333333333333,24,24,24,24,24,1
2019-01-26,제주,682.22,682.22,24,24,완전,176.769,4.175,3.1,5.6,57.208333333333336,5.8374999999999995,5.083333333333333,24,24,24,24,24,1
2019-01-27,제주,891.09,891.09,24,24,완전,176.769,5.441666666666666,2.5,8.2,62.083333333333336,2.3958333333333335,4.041666666666667,24,24,24,24,24,1
2019-01-28,제주,372.59,372.59,24,24,완전,176.769,7.9875,5.4,10.3,56.791666666666664,4.466666666666667,7.208333333333333,24,24,24,24,24,1
2019-01-29,제주,711.73,711.73,24,24,완전,176.769,6.016666666666667,3.1,9.0,62.666666666666664,2.0458333333333334,2.875,24,24,24,24,24,1
2019-01-30,제주,198.8,198.8,24,24,완전,176.769,8.129166666666666,6.8,9.5,68.79166666666667,1.625,9.5,24,24,24,24,24,1
2019-01-31,제주,74.25,74.25,24,24,완전,176.769,5.179166666666666,3.4,8.1,77.375,4.825,9.0,24,24,24,24,24,1
2019-02-01,제주,526.53,526.53,24,24,완전,182.222,4.783333333333333,3.5,6.2,57.875,4.858333333333333,7.958333333333333,24,24,24,24,24,1
2019-02-02,제주,560.55,560.55,24,24,완전,182.222,8.700000000000001,5.0,11.5,58.125,2.2,6.208333333333333,24,24,24,24,24,1
2019-02-03,제주,158.1,158.1,24,24,완전,182.222,13.545833333333334,8.9,18.3,82.16666666666667,5.241666666666666,9.875,24,24,24,24,24,1
2019-02-04,제주,954.13,954.13,24,24,완전,182.222,7.283333333333334,5.3,9.3,51.791666666666664,3.516666666666667,3.0833333333333335,24,24,24,24,24,1
2019-02-05,제주,832.8,832.8,24,24,완전,182.222,8.975,4.3,13.4,56.166666666666664,2.858333333333333,3.8333333333333335,24,24,24,24,24,1
2019-02-06,제주,521.89,521.89,24,24,완전,182.222,11.883333333333333,9.5,14.9,63.0,1.9291666666666665,6.541666666666667,24,24,24,24,24,1
2019-02-07,제주,132.89,132.89,24,24,완전,182.222,7.070833333333333,2.5,12.1,72.0,3.4166666666666665,7.166666666666667,24,24,24,24,24,1
2019-02-08,제주,718.54,718.54,24,24,완전,182.222,3.3333333333333335,1.6,5.0,55.5,2.8541666666666665,7.666666666666667,24,24,24,24,24,1
2019-02-09,제주,334.76,334.76,24,24,완전,182.222,3.1,1.7,4.7,61.625,4.4375,9.166666666666666,24,24,24,24,24,1
2019-02-10,제주,313.16,313.16,24,24,완전,182.222,3.0708333333333333,2.1,4.2,56.541666666666664,3.2416666666666667,8.875,24,24,24,24,24,1
2019-02-11,제주,316.69,316.69,24,24,완전,182.222,3.7291666666666665,3.2,4.3,61.375,4.416666666666667,8.833333333333334,24,24,24,24,24,1
2019-02-12,제주,885.01,885.01,24,24,완전,182.222,5.2,1.1,8.1,55.333333333333336,2.3125,4.916666666666667,24,24,24,24,24,1
2019-02-13,제주,957.99,957.99,24,24,완전,182.222,6.995833333333334,5.8,8.5,50.416666666666664,3.25,3.7916666666666665,24,24,24,24,24,1
2019-02-14,제주,446.29,446.29,24,24,완전,182.222,5.470833333333334,4.4,6.9,56.958333333333336,2.3041666666666667,7.083333333333333,24,24,24,24,24,1
2019-02-15,제주,115.61,115.61,24,24,완전,182.222,6.241666666666667,4.3,7.7,72.125,2.275,8.666666666666666,24,24,24,24,24,1
2019-02-16,제주,377.36,377.36,24,24,완전,182.222,4.4875,3.2,6.8,63.458333333333336,4.7250000000000005,9.458333333333334,24,24,24,24,24,1
2019-02-17,제주,767.9,767.9,24,24,완전,182.222,4.204166666666667,3.2,6.3,58.958333333333336,3.170833333333333,7.875,24,24,24,24,24,1
2019-02-18,제주,193.17,193.17,24,24,완전,182.222,6.6875,3.0,9.4,65.25,2.0708333333333333,9.458333333333334,24,24,24,24,24,1
2019-02-19,제주,329.53000000000003,329.53000000000003,24,24,완전,182.222,9.279166666666669,6.4,12.5,88.25,4.029166666666667,9.375,24,24,24,24,24,1
2019-02-20,제주,608.53,608.53,24,24,완전,182.222,6.908333333333334,4.9,9.1,69.16666666666667,2.35,7.826086956521739,24,24,24,24,23,0
2019-02-21,제주,792.6700000000001,792.6700000000001,24,24,완전,182.222,7.133333333333333,5.7,8.6,61.041666666666664,2.5124999999999997,7.086956521739131,24,24,24,24,23,0
2019-02-22,제주,212.51,212.51,24,24,완전,182.222,8.366666666666665,6.5,10.7,71.04166666666667,1.9333333333333331,9.833333333333334,24,24,24,24,24,1
2019-02-23,제주,824.35,824.35,24,24,완전,182.222,9.025,4.4,13.2,63.041666666666664,2.495833333333333,4.5,24,24,24,24,24,1
2019-02-24,제주,967.29,967.29,24,24,완전,182.222,11.229166666666666,8.7,13.5,53.916666666666664,2.4458333333333333,3.0833333333333335,24,24,24,24,24,1
2019-02-25,제주,972.57,972.57,24,24,완전,182.222,9.591666666666669,7.8,12.5,59.5,2.720833333333333,3.7916666666666665,24,24,24,24,24,1
2019-02-26,제주,1024.03,1024.03,24,24,완전,182.222,8.708333333333334,5.6,11.4,52.291666666666664,1.8583333333333336,3.4166666666666665,24,24,24,24,24,1
2019-02-27,제주,93.06,93.06,24,24,완전,182.222,10.691666666666668,9.5,11.8,74.625,2.154166666666667,10.0,24,24,24,24,24,1
2019-02-28,제주,570.6,570.6,24,24,완전,182.222,10.645833333333334,8.4,12.4,67.125,3.266666666666667,7.333333333333333,24,24,24,24,24,1
2019-03-01,제주,907.08,907.08,24,24,완전,195.303,9.3375,6.4,11.8,59.625,2.183333333333333,5.291666666666667,24,24,24,24,24,1
2019-03-02,제주,164.51,164.51,24,24,완전,195.303,10.733333333333334,7.5,14.2,66.54166666666667,2.120833333333333,9.458333333333334,24,24,24,24,24,1
2019-03-03,제주,168.28,168.28,24,24,완전,195.303,11.816666666666668,10.6,12.9,73.04166666666667,2.9125,9.958333333333334,24,24,24,24,24,1
2019-03-04,제주,705.67,705.67,24,24,완전,195.303,10.158333333333331,8.7,11.8,72.25,3.4333333333333336,5.916666666666667,24,24,24,24,24,1
2019-03-05,제주,504.71,504.71,24,24,완전,195.303,10.2875,6.4,12.8,58.625,1.975,5.25,24,24,24,24,24,1
2019-03-06,제주,493.04,493.04,24,24,완전,195.303,10.716666666666669,8.7,13.2,77.625,3.358333333333333,7.0,24,24,24,24,24,1
2019-03-07,제주,1022.85,1022.85,24,24,완전,195.303,8.304166666666667,7.6,10.4,71.91666666666667,4.720833333333333,3.5,24,24,24,24,24,1
2019-03-08,제주,1114.46,1114.46,24,24,완전,195.303,8.2,3.8,11.7,62.958333333333336,1.6375,2.0416666666666665,24,24,24,24,24,1
2019-03-09,제주,382.02,382.02,24,24,완전,195.303,11.070833333333333,6.7,16.1,59.625,2.4208333333333334,8.625,24,24,24,24,24,1
2019-03-10,제주,127.77,127.77,24,24,완전,195.303,11.1375,9.7,12.8,91.95833333333331,4.091666666666667,9.083333333333334,24,24,24,24,24,1
2019-03-11,제주,779.32,779.32,24,24,완전,195.303,10.0625,7.2,13.1,72.33333333333333,4.145833333333333,4.708333333333333,24,24,24,24,24,1
2019-03-12,제주,1005.28,1005.28,24,24,완전,195.303,10.695833333333333,6.5,15.4,60.791666666666664,5.325,3.3333333333333335,24,24,24,24,24,1
2019-03-13,제주,1190.47,1190.47,24,24,완전,195.303,8.095833333333333,5.3,11.2,46.5,5.075,1.5416666666666667,24,24,24,24,24,1
2019-03-14,제주,654.61,654.61,24,24,완전,195.303,9.995833333333334,7.2,13.3,44.5,3.1916666666666664,4.083333333333333,24,24,24,24,24,1
2019-03-15,제주,878.86,878.86,24,24,완전,195.303,10.379166666666666,6.3,15.3,58.791666666666664,4.908333333333333,3.375,24,24,24,24,24,1
2019-03-16,제주,1084.48,1084.48,24,24,완전,195.303,9.441666666666666,6.1,13.7,52.458333333333336,4.2749999999999995,3.1666666666666665,24,24,24,24,24,1
2019-03-17,제주,1168.5,1168.5,24,24,완전,195.303,11.670833333333334,8.7,13.9,56.5,2.908333333333333,2.0,24,24,24,24,24,1
2019-03-18,제주,346.71999999999997,346.71999999999997,24,24,완전,195.303,10.4875,7.1,13.9,59.375,1.9666666666666668,8.666666666666666,24,24,24,24,24,1
2019-03-19,제주,1101.84,1101.84,24,24,완전,195.303,12.304166666666667,9.3,15.6,68.83333333333333,2.3541666666666665,2.4166666666666665,24,24,24,24,24,1
2019-03-20,제주,290.53000000000003,290.53000000000003,24,24,완전,195.303,15.333333333333334,10.4,21.2,61.666666666666664,3.845833333333333,7.916666666666667,24,24,24,24,24,1
2019-03-21,제주,551.9399999999999,551.9399999999999,24,24,완전,195.303,11.483333333333334,7.7,19.9,82.875,5.0,9.0,24,24,24,24,24,1
2019-03-22,제주,1153.95,1153.95,24,24,완전,195.303,7.741666666666667,6.4,10.4,61.416666666666664,3.6666666666666665,6.0,24,24,24,24,24,1
2019-03-23,제주,1013.19,1013.19,24,24,완전,195.303,8.549999999999999,6.6,11.3,50.75,4.883333333333334,4.583333333333333,24,24,24,24,24,1
2019-03-24,제주,1224.51,1224.51,24,24,완전,195.303,7.270833333333333,3.8,10.6,53.166666666666664,2.7916666666666665,2.8333333333333335,24,24,24,24,24,1
2019-03-25,제주,347.36,347.36,24,24,완전,195.303,9.6125,6.5,12.9,51.625,2.2625,8.833333333333334,24,24,24,24,24,1
2019-03-26,제주,1089.55,1089.55,24,24,완전,195.303,13.708333333333334,10.2,16.4,67.91666666666667,3.545833333333333,1.7916666666666667,24,24,24,24,24,1
2019-03-27,제주,1133.63,1133.63,24,24,완전,195.303,16.191666666666666,10.4,21.3,45.625,2.6083333333333334,3.2083333333333335,24,24,24,24,24,1
2019-03-28,제주,818.33,818.33,24,24,완전,195.303,14.829166666666666,12.8,17.0,78.04166666666667,2.5,8.083333333333334,24,24,24,24,24,1
2019-03-29,제주,988.13,988.13,24,24,완전,195.303,14.045833333333334,12.2,16.4,67.54166666666667,1.8958333333333333,4.75,24,24,24,24,24,1
2019-03-30,제주,907.92,907.92,24,24,완전,195.303,11.691666666666668,8.1,14.5,58.625,4.508333333333334,6.625,24,24,24,24,24,1
2019-03-31,제주,1121.41,1121.41,24,24,완전,195.303,8.5,7.2,10.4,42.166666666666664,6.441666666666666,5.333333333333333,24,24,24,24,24,1
2019-04-01,제주,1214.27,1214.27,24,24,완전,201.48300000000003,10.1,7.2,13.1,46.583333333333336,4.75,1.375,24,24,24,24,24,1
2019-04-02,제주,1160.18,1160.18,24,24,완전,201.48300000000003,10.808333333333332,9.0,13.4,55.791666666666664,3.225,3.5416666666666665,24,24,24,24,24,1
2019-04-03,제주,1287.14,1287.14,24,24,완전,201.48300000000003,10.416666666666666,6.9,14.4,39.333333333333336,2.5166666666666666,1.5416666666666667,24,24,24,24,24,1
2019-04-04,제주,1115.15,1115.15,24,24,완전,201.48300000000003,10.808333333333332,6.2,14.4,47.291666666666664,3.0666666666666664,4.333333333333333,24,24,24,24,24,1
2019-04-05,제주,1110.03,1110.03,24,24,완전,201.48300000000003,14.191666666666668,12.0,17.8,64.0,3.9166666666666665,4.458333333333333,24,24,24,24,24,1
2019-04-06,제주,1092.75,1092.75,24,24,완전,201.48300000000003,14.916666666666666,11.2,19.9,71.70833333333333,2.1666666666666665,1.5833333333333333,24,24,24,24,24,1
2019-04-07,제주,863.76,863.76,24,24,완전,201.48300000000003,16.166666666666668,13.5,20.7,71.83333333333333,2.529166666666667,2.75,24,24,24,24,24,1
2019-04-08,제주,1139.55,1139.55,24,24,완전,201.48300000000003,14.641666666666666,11.8,18.0,71.54166666666667,1.5416666666666667,3.6666666666666665,24,24,24,24,24,1
2019-04-09,제주,458.34,458.34,24,24,완전,201.48300000000003,15.15,14.2,16.9,69.25,5.208333333333333,8.291666666666666,24,24,24,24,24,1
2019-04-10,제주,257.02,257.02,24,24,완전,201.48300000000003,10.8125,9.7,14.2,87.625,4.054166666666666,9.208333333333334,24,24,24,24,24,1
2019-04-11,제주,400.08,400.08,24,24,완전,201.48300000000003,11.416666666666666,9.8,12.9,75.75,2.4166666666666665,9.666666666666666,24,24,24,24,24,1
2019-04-12,제주,1286.73,1286.73,24,24,완전,201.48300000000003,12.9625,9.5,15.9,58.416666666666664,2.1374999999999997,2.625,24,24,24,24,24,1
2019-04-13,제주,988.94,988.94,24,24,완전,201.48300000000003,13.5375,9.6,17.0,50.291666666666664,2.125,4.458333333333333,24,24,24,24,24,1
2019-04-14,제주,519.43,519.43,24,24,완전,201.48300000000003,13.679166666666667,11.1,16.6,67.375,2.3666666666666667,7.708333333333333,24,24,24,24,24,1
2019-04-15,제주,1318.5,1318.5,24,24,완전,201.48300000000003,12.8875,9.2,16.6,43.5,2.0375,1.5833333333333333,24,24,24,24,24,1
2019-04-16,제주,912.25,912.25,24,24,완전,201.48300000000003,16.479166666666668,11.1,25.0,45.375,1.9708333333333332,7.375,24,24,24,24,24,1
2019-04-17,제주,654.38,654.38,24,24,완전,201.48300000000003,16.054166666666667,14.3,18.1,71.125,2.904166666666667,5.625,24,24,24,24,24,1
2019-04-18,제주,1239.84,1239.84,24,24,완전,201.48300000000003,16.4875,12.3,20.9,69.83333333333333,2.2916666666666665,0.9583333333333334,24,24,24,24,24,1
2019-04-19,제주,975.18,975.18,24,24,완전,201.48300000000003,16.958333333333332,14.4,21.3,75.125,3.016666666666667,2.7916666666666665,24,24,24,24,24,1
2019-04-20,제주,1187.05,1187.05,24,24,완전,201.48300000000003,17.125,14.6,19.5,76.375,3.2416666666666667,2.0,24,24,24,24,24,1
2019-04-21,제주,1037.9,1037.9,24,24,완전,201.48300000000003,18.308333333333337,15.2,22.8,69.625,1.6958333333333335,5.083333333333333,24,24,24,24,24,1
2019-04-22,제주,1055.83,1055.83,24,24,완전,201.48300000000003,19.375,16.6,22.6,69.75,3.4958333333333336,6.208333333333333,24,24,24,24,24,1
2019-04-23,제주,312.51,312.51,24,24,완전,201.48300000000003,19.166666666666668,17.5,21.6,78.66666666666667,3.795833333333333,7.875,24,24,24,24,24,1
2019-04-24,제주,517.47,517.47,24,24,완전,201.48300000000003,18.420833333333334,15.9,20.8,86.08333333333333,3.658333333333333,6.625,24,24,24,24,24,1
2019-04-25,제주,550.91,550.91,24,24,완전,201.48300000000003,15.9375,14.3,17.3,90.83333333333331,2.183333333333333,9.666666666666666,24,24,24,24,24,1
2019-04-26,제주,572.26,572.26,24,24,완전,201.48300000000003,12.529166666666669,11.5,15.9,75.83333333333333,4.429166666666666,9.458333333333334,24,24,24,24,24,1
2019-04-27,제주,871.61,871.61,24,24,완전,201.48300000000003,13.945833333333333,11.7,16.3,64.66666666666667,3.8041666666666663,6.916666666666667,24,24,24,24,24,1
2019-04-28,제주,405.0,405.0,24,24,완전,201.48300000000003,14.820833333333333,12.6,17.4,63.666666666666664,2.9333333333333336,9.0,24,24,24,24,24,1
2019-04-29,제주,250.93,250.93,24,24,완전,201.48300000000003,15.8625,14.5,19.5,93.41666666666669,3.654166666666667,9.833333333333334,24,24,24,24,24,1
2019-04-30,제주,388.79,388.79,24,24,완전,201.48300000000003,15.5875,14.6,17.0,91.95833333333331,2.3333333333333335,9.125,24,24,24,24,24,1
2019-05-01,제주,860.71,860.71,24,24,완전,205.629,14.620833333333332,12.6,18.2,79.91666666666667,3.533333333333333,7.791666666666667,24,24,24,24,24,1
2019-05-02,제주,1341.6,1341.6,24,24,완전,205.629,16.854166666666668,13.2,20.4,45.0,3.1958333333333333,1.0416666666666667,24,24,24,24,24,1
2019-05-03,제주,1313.11,1313.11,24,24,완전,205.629,18.729166666666668,16.2,21.9,48.916666666666664,2.5124999999999997,0.0,24,24,24,24,24,1
2019-05-04,제주,1054.11,1054.11,24,24,완전,205.629,19.0625,15.0,23.0,48.416666666666664,1.4041666666666668,5.0,24,24,24,24,24,1
2019-05-05,제주,1223.59,1223.59,24,24,완전,205.629,19.2125,17.0,21.8,52.0,2.066666666666667,3.8333333333333335,24,24,24,24,24,1
2019-05-06,제주,1318.37,1318.37,24,24,완전,205.629,16.1375,13.8,18.6,53.916666666666664,3.266666666666667,3.75,24,24,24,24,24,1
2019-05-07,제주,1343.79,1343.79,24,24,완전,205.629,15.608333333333334,12.9,18.4,48.583333333333336,2.5416666666666665,2.5833333333333335,24,24,24,24,24,1
2019-05-08,제주,997.88,997.88,24,24,완전,205.629,15.975,12.1,18.9,42.166666666666664,1.7583333333333335,7.666666666666667,24,24,24,24,24,1
2019-05-09,제주,1268.87,1268.87,24,24,완전,205.629,17.316666666666666,14.8,19.9,44.541666666666664,2.0208333333333335,5.958333333333333,24,24,24,24,24,1
2019-05-10,제주,1235.41,1235.41,24,24,완전,205.629,17.4875,14.5,20.3,46.125,1.9,4.458333333333333,24,24,24,24,24,1
2019-05-11,제주,1258.46,1258.46,24,24,완전,205.629,18.4875,15.4,22.2,43.875,2.1125,2.6666666666666665,24,24,24,24,24,1
2019-05-12,제주,1173.53,1173.53,24,24,완전,205.629,18.741666666666667,15.8,21.0,60.791666666666664,1.9916666666666665,4.541666666666667,24,24,24,24,24,1
2019-05-13,제주,486.89,486.89,24,24,완전,205.629,19.958333333333332,17.7,23.6,74.20833333333333,2.2583333333333333,8.958333333333334,24,24,24,24,24,1
2019-05-14,제주,955.84,955.84,24,24,완전,205.629,20.570833333333333,18.6,23.1,79.375,2.779166666666667,6.875,24,24,24,24,24,1
2019-05-15,제주,1191.93,1191.93,24,24,완전,205.629,21.070833333333333,17.1,26.4,70.79166666666667,2.8791666666666664,7.434782608695652,24,24,24,24,23,0
2019-05-16,제주,1052.35,1052.35,24,24,완전,205.629,23.09166666666667,18.1,27.7,57.125,2.3041666666666667,5.958333333333333,24,24,24,24,24,1
2019-05-17,제주,527.6899999999999,527.6899999999999,24,24,완전,205.629,21.508333333333336,18.5,26.0,70.20833333333333,3.3874999999999997,8.583333333333334,24,24,24,24,24,1
2019-05-18,제주,385.36,385.36,24,24,완전,205.629,20.516666666666666,18.2,23.0,91.5,5.216666666666667,8.958333333333334,24,24,24,24,24,1
2019-05-19,제주,411.98,411.98,24,24,완전,205.629,21.7875,19.0,26.1,83.33333333333333,4.479166666666667,7.833333333333333,24,24,24,24,24,1
2019-05-20,제주,704.1899999999999,704.1899999999999,24,24,완전,205.629,17.633333333333333,15.4,19.2,70.04166666666667,4.1499999999999995,8.125,24,24,24,24,24,1
2019-05-21,제주,1382.18,1382.18,24,24,완전,205.629,18.841666666666665,14.5,22.4,44.166666666666664,3.4375,3.0416666666666665,24,24,24,24,24,1
2019-05-22,제주,1252.47,1252.47,24,24,완전,205.629,23.129166666666663,19.7,27.1,30.291666666666668,4.1625000000000005,1.2916666666666667,24,24,24,24,24,1
2019-05-23,제주,1255.93,1255.93,24,24,완전,205.629,26.104166666666668,22.4,30.5,27.5,4.604166666666667,0.1666666666666666,24,24,24,24,24,1
2019-05-24,제주,1217.13,1217.13,24,24,완전,205.629,28.5875,24.8,32.5,18.541666666666668,4.7875000000000005,1.625,24,24,24,24,24,1
2019-05-25,제주,1152.33,1152.33,24,24,완전,205.629,23.679166666666664,21.7,27.0,47.75,2.7291666666666665,6.521739130434782,24,24,24,24,23,0
2019-05-26,제주,445.6,445.6,24,24,완전,205.629,22.5375,20.6,24.7,63.25,2.0375,9.041666666666666,24,24,24,24,24,1
2019-05-27,제주,131.0,131.0,24,24,완전,205.629,21.820833333333336,16.0,25.0,79.83333333333333,4.279166666666667,10.0,24,24,24,24,23,0
2019-05-28,제주,1363.35,1363.35,24,24,완전,205.629,18.683333333333337,15.7,21.7,59.291666666666664,2.654166666666667,5.136363636363637,24,24,24,24,22,0
2019-05-29,제주,1295.43,1295.43,24,24,완전,205.629,22.3125,19.2,26.4,43.25,2.8083333333333336,3.375,24,24,24,24,24,1
2019-05-30,제주,947.04,947.04,24,24,완전,205.629,21.666666666666668,18.2,25.4,49.833333333333336,1.7291666666666667,7.125,24,24,24,24,24,1
2019-05-31,제주,408.94,408.94,24,24,완전,205.629,18.179166666666667,16.2,21.3,72.75,3.0416666666666665,9.083333333333334,24,24,24,24,24,1
2019-06-01,제주,1117.5,1117.5,24,24,완전,209.912,18.9375,16.1,22.2,77.20833333333333,1.9458333333333335,7.791666666666667,24,24,24,24,24,1
2019-06-02,제주,919.28,919.28,24,24,완전,209.912,20.129166666666663,17.9,23.2,69.625,1.7541666666666669,6.958333333333333,24,24,24,24,24,1
2019-06-03,제주,1242.33,1242.33,24,24,완전,209.912,21.1375,18.0,23.9,59.416666666666664,1.6416666666666666,4.041666666666667,24,24,24,24,24,1
2019-06-04,제주,665.63,665.63,24,24,완전,209.912,22.525,19.7,27.7,71.83333333333333,2.5875,5.666666666666667,24,24,24,24,24,1
2019-06-05,제주,1259.15,1259.15,24,24,완전,209.912,22.504166666666663,19.7,25.8,75.45833333333333,1.7374999999999998,2.1666666666666665,24,24,24,24,24,1
2019-06-06,제주,645.24,645.24,24,24,완전,209.912,23.09583333333333,19.2,27.7,82.625,3.079166666666667,6.541666666666667,24,24,24,24,24,1
2019-06-07,제주,513.68,513.68,24,24,완전,209.912,20.17083333333333,18.3,25.1,88.04166666666667,6.208333333333333,9.416666666666666,24,24,24,24,24,1
2019-06-08,제주,335.77,335.77,24,24,완전,209.912,19.825,17.6,22.4,86.875,2.8208333333333333,9.0,24,24,24,24,24,1
2019-06-09,제주,998.16,998.16,24,24,완전,209.912,20.058333333333337,17.2,23.0,76.20833333333333,3.0041666666666664,6.0,24,24,24,24,24,1
2019-06-10,제주,846.87,846.87,24,24,완전,209.912,20.291666666666668,17.6,24.4,71.75,3.358333333333333,4.958333333333333,24,24,24,24,24,1
2019-06-11,제주,848.05,848.05,24,24,완전,209.912,20.266666666666666,18.7,22.2,71.66666666666667,2.7624999999999997,5.375,24,24,24,24,24,1
2019-06-12,제주,1055.41,1055.41,24,24,완전,209.912,19.933333333333337,17.7,22.4,77.25,2.1333333333333333,5.043478260869565,24,24,24,24,23,0
2019-06-13,제주,958.32,958.32,24,24,완전,209.912,21.679166666666664,17.6,27.0,71.125,2.654166666666667,5.708333333333333,24,24,24,24,24,1
2019-06-14,제주,254.42,254.42,24,24,완전,209.912,19.708333333333332,17.6,21.3,93.66666666666669,2.8166666666666664,9.958333333333334,24,24,24,24,24,1
2019-06-15,제주,1165.35,1165.35,24,24,완전,209.912,19.991666666666667,18.2,21.8,87.29166666666667,3.6833333333333336,6.458333333333333,24,24,24,24,24,1
2019-06-16,제주,1078.0,1078.0,24,24,완전,209.912,20.483333333333334,18.8,23.3,79.70833333333333,3.4166666666666665,5.5,24,24,24,24,24,1
2019-06-17,제주,1102.69,1102.69,24,24,완전,209.912,20.645833333333332,17.9,22.4,76.70833333333333,1.7333333333333334,5.958333333333333,24,24,24,24,24,1
2019-06-18,제주,423.75,423.75,24,24,완전,209.912,21.6,20.6,23.3,81.45833333333333,1.5833333333333333,9.625,24,24,24,24,24,1
2019-06-19,제주,898.73,898.73,24,24,완전,209.912,21.6125,19.6,23.9,84.08333333333333,2.5416666666666665,5.416666666666667,24,24,24,24,24,1
2019-06-20,제주,978.23,978.23,24,24,완전,209.912,22.0625,20.0,23.9,81.70833333333333,1.6166666666666665,5.333333333333333,24,24,24,24,24,1
2019-06-21,제주,1067.17,1067.17,24,24,완전,209.912,22.72083333333333,20.5,25.5,79.16666666666667,1.7166666666666668,3.875,24,24,24,24,24,1
2019-06-22,제주,708.28,708.28,24,24,완전,209.912,22.15,20.0,24.8,82.83333333333333,3.0500000000000003,5.416666666666667,24,24,24,24,24,1
2019-06-23,제주,783.1,783.1,24,24,완전,209.912,21.245833333333337,19.4,23.4,80.0,2.9,3.4583333333333335,24,24,24,24,24,1
2019-06-24,제주,1195.4,1195.4,24,24,완전,209.912,21.666666666666668,19.1,24.1,73.79166666666667,2.2291666666666665,2.0,24,24,24,24,24,1
2019-06-25,제주,1170.48,1170.48,24,24,완전,209.912,23.9625,19.4,28.2,63.291666666666664,3.329166666666667,4.875,24,24,24,24,24,1
2019-06-26,제주,189.9,189.9,24,24,완전,209.912,22.183333333333337,19.9,24.8,94.58333333333331,2.4791666666666665,9.916666666666666,24,24,24,24,24,1
2019-06-27,제주,693.78,693.78,24,24,완전,209.912,23.270833333333332,22.3,25.9,92.5,2.8874999999999997,7.875,24,24,24,24,24,1
2019-06-28,제주,948.8,948.8,24,24,완전,209.912,23.304166666666664,21.1,25.1,82.04166666666667,1.7708333333333333,3.75,24,24,24,24,24,1
2019-06-29,제주,127.8,127.8,24,24,완전,209.912,25.21666666666667,22.7,29.5,82.875,3.5833333333333335,8.708333333333334,24,24,24,24,24,1
2019-06-30,제주,509.38,509.38,24,24,완전,209.912,23.27916666666667,21.6,25.2,89.70833333333333,2.575,9.25,24,24,24,24,24,1
2019-07-01,제주,461.14,461.14,24,24,완전,219.952,23.525,22.4,25.5,89.33333333333333,1.3541666666666667,9.125,24,24,24,24,24,1
2019-07-02,제주,478.39,478.39,24,24,완전,219.952,23.2,22.0,24.9,85.45833333333333,1.9083333333333332,8.458333333333334,24,24,24,24,24,1
2019-07-03,제주,563.18,563.18,24,24,완전,219.952,22.55,21.7,24.1,86.54166666666667,2.1166666666666667,8.75,24,24,24,24,24,1
2019-07-04,제주,1220.9,1220.9,24,24,완전,219.952,22.416666666666668,20.6,25.1,81.875,1.6041666666666667,4.916666666666667,24,24,24,24,24,1
2019-07-05,제주,867.12,867.12,24,24,완전,219.952,24.045833333333334,21.7,26.2,68.91666666666667,2.370833333333333,6.166666666666667,24,24,24,24,24,1
2019-07-06,제주,870.89,870.89,24,24,완전,219.952,23.75,20.9,26.7,77.58333333333333,3.108333333333333,5.375,24,24,24,24,24,1
2019-07-07,제주,522.0,522.0,24,24,완전,219.952,23.35,22.2,25.8,78.95833333333333,3.954166666666667,8.791666666666666,24,24,24,24,24,1
2019-07-08,제주,369.28,369.28,24,24,완전,219.952,21.733333333333334,20.9,22.6,87.95833333333333,3.1374999999999997,9.208333333333334,24,24,24,24,24,1
2019-07-09,제주,292.5,292.5,24,24,완전,219.952,21.875,21.0,23.3,87.66666666666667,2.8375,9.083333333333334,24,24,24,24,24,1
2019-07-10,제주,142.85,142.85,24,24,완전,219.952,21.504166666666663,20.6,21.9,96.58333333333331,3.625,10.0,24,24,24,24,24,1
2019-07-11,제주,1001.18,1001.18,24,24,완전,219.952,23.0875,20.7,26.0,88.75,3.954166666666667,7.125,24,24,24,24,24,1
2019-07-12,제주,834.77,834.77,24,24,완전,219.952,23.433333333333337,21.7,25.2,86.45833333333333,2.225,8.041666666666666,24,24,24,24,24,1
2019-07-13,제주,282.31,282.31,24,24,완전,219.952,21.71666666666667,20.6,22.9,92.16666666666669,2.1750000000000003,9.958333333333334,24,24,24,24,24,1
2019-07-14,제주,1112.71,1112.71,24,24,완전,219.952,24.03333333333333,21.6,26.6,85.75,1.7083333333333333,7.083333333333333,24,24,24,24,24,1
2019-07-15,제주,943.7,943.7,24,24,완전,219.952,24.304166666666664,22.3,26.1,86.70833333333333,2.1791666666666667,4.041666666666667,24,24,24,24,24,1
2019-07-16,제주,1051.06,1051.06,24,24,완전,219.952,24.666666666666668,22.4,26.6,79.58333333333333,3.0749999999999997,2.7083333333333335,24,24,24,24,24,1
2019-07-17,제주,451.76,451.76,24,24,완전,219.952,25.058333333333337,23.0,27.7,83.45833333333333,2.8625000000000003,8.666666666666666,24,24,24,24,24,1
2019-07-18,제주,218.11,218.11,24,24,완전,219.952,24.28333333333333,23.1,25.2,96.91666666666669,2.2333333333333334,9.958333333333334,24,24,24,24,24,1
2019-07-19,제주,141.99,141.99,24,24,완전,219.952,24.1,22.6,25.1,99.54166666666669,3.704166666666667,10.0,24,24,24,24,24,1
2019-07-20,제주,135.39,135.39,24,24,완전,219.952,25.883333333333336,24.6,27.6,87.83333333333333,5.0874999999999995,10.0,24,24,24,24,24,1
2019-07-21,제주,1046.74,1046.74,24,24,완전,219.952,27.15833333333333,25.1,29.7,81.375,4.179166666666666,5.916666666666667,24,24,24,24,24,1
2019-07-22,제주,749.22,749.22,24,24,완전,219.952,26.69545454545454,24.4,31.8,88.375,2.0875,7.291666666666667,24,22,24,24,24,0
2019-07-23,제주,947.15,947.15,24,24,완전,219.952,27.304166666666664,24.7,30.2,84.66666666666667,2.2291666666666665,6.25,24,24,24,24,24,1
2019-07-24,제주,492.35,492.35,24,24,완전,219.952,28.0125,26.1,30.4,78.79166666666667,2.2291666666666665,5.375,24,24,24,24,24,1
2019-07-25,제주,580.26,580.26,24,24,완전,219.952,27.916666666666668,26.2,30.8,85.625,2.2125,4.708333333333333,24,24,24,24,24,1
2019-07-26,제주,682.73,682.73,24,24,완전,219.952,27.933333333333337,25.4,30.3,86.45833333333333,1.9458333333333335,5.708333333333333,24,24,24,24,24,1
2019-07-27,제주,342.15,342.15,24,24,완전,219.952,28.129166666666663,26.6,30.2,87.58333333333333,1.7375,7.875,24,24,24,24,24,1
2019-07-28,제주,979.13,979.13,24,24,완전,219.952,28.9375,27.2,31.7,77.95833333333333,2.5124999999999997,3.4583333333333335,24,24,24,24,24,1
2019-07-29,제주,1055.33,1055.33,24,24,완전,219.952,28.641666666666666,26.5,31.2,74.25,2.2083333333333335,4.791666666666667,24,24,24,24,24,1
2019-07-30,제주,848.99,848.99,24,24,완전,219.952,30.366666666666664,27.4,35.2,70.08333333333333,2.5166666666666666,3.25,24,24,24,24,24,1
2019-07-31,제주,1177.6,1177.6,24,24,완전,219.952,29.5875,28.1,32.0,76.5,2.3041666666666667,2.4166666666666665,24,24,24,24,24,1
2019-08-01,제주,1179.08,1179.08,24,24,완전,226.694,28.975,27.4,32.0,82.20833333333333,1.975,2.2916666666666665,24,24,24,24,24,1
2019-08-02,제주,1211.57,1211.57,24,24,완전,226.694,28.7625,26.8,30.3,81.375,2.845833333333333,2.5416666666666665,24,24,24,24,24,1
2019-08-03,제주,693.92,693.92,24,24,완전,226.694,28.679166666666664,25.6,31.5,77.0,2.5749999999999997,6.916666666666667,24,24,24,24,24,1
2019-08-04,제주,1034.25,1034.25,24,24,완전,226.694,27.983333333333334,26.8,29.9,83.54166666666667,3.3958333333333335,2.9166666666666665,24,24,24,24,24,1
2019-08-05,제주,1083.85,1083.85,24,24,완전,226.694,27.84583333333333,25.6,30.9,78.375,2.4166666666666665,4.041666666666667,24,24,24,24,24,1
2019-08-06,제주,1160.97,1160.97,24,24,완전,226.694,28.575,26.2,31.0,72.75,2.220833333333333,4.583333333333333,24,24,24,24,24,1
2019-08-07,제주,1176.6,1176.6,24,24,완전,226.694,29.6625,27.0,33.9,69.45833333333333,1.9791666666666667,1.6666666666666667,24,24,24,24,24,1
2019-08-08,제주,1093.19,1093.19,24,24,완전,226.694,30.84583333333333,28.2,34.1,67.41666666666667,2.845833333333333,4.166666666666667,24,24,24,24,24,1
2019-08-09,제주,844.85,844.85,24,24,완전,226.694,30.1125,27.8,32.8,71.5,3.3333333333333335,7.75,24,24,24,24,24,1
2019-08-10,제주,626.51,626.51,24,24,완전,226.694,29.575,28.9,30.6,72.125,4.795833333333333,8.958333333333334,24,24,24,24,24,1
2019-08-11,제주,147.72,147.72,24,24,완전,226.694,28.77916666666667,27.9,29.4,82.5,5.708333333333333,10.0,24,24,24,24,24,1
2019-08-12,제주,461.63,461.63,24,24,완전,226.694,29.541666666666668,27.3,33.2,83.20833333333333,2.5083333333333333,7.208333333333333,24,24,24,24,24,1
2019-08-13,제주,1070.89,1070.89,24,24,완전,226.694,29.308333333333337,27.0,30.9,80.95833333333333,2.4217391304347826,2.5416666666666665,24,24,24,23,24,0
2019-08-14,제주,1129.77,1129.77,24,24,완전,226.694,28.729166666666668,26.9,31.2,82.45833333333333,2.4583333333333335,6.375,24,24,24,24,24,1
2019-08-15,제주,744.5799999999999,744.5799999999999,24,24,완전,226.694,27.1375,26.5,27.9,88.45833333333333,4.1000000000000005,8.375,24,24,24,24,24,1
2019-08-16,제주,1063.1,1063.1,24,24,완전,226.694,27.7875,25.9,30.1,78.66666666666667,4.3500000000000005,4.875,24,24,24,24,24,1
2019-08-17,제주,1202.34,1202.34,24,24,완전,226.694,28.7625,25.8,32.5,67.41666666666667,3.1041666666666665,0.5833333333333334,24,24,24,24,24,1
2019-08-18,제주,712.86,712.86,24,24,완전,226.694,27.304166666666664,26.3,28.8,68.875,2.0375,6.333333333333333,24,24,24,24,24,1
2019-08-19,제주,945.4,945.4,24,24,완전,226.694,26.366666666666664,24.8,28.5,77.83333333333333,1.8208333333333335,6.0,24,24,24,24,24,1
2019-08-20,제주,705.88,705.88,24,24,완전,226.694,27.120833333333337,25.8,29.0,87.83333333333333,3.408333333333333,7.458333333333333,24,24,24,24,24,1
2019-08-21,제주,623.68,623.68,24,24,완전,226.694,27.879166666666663,25.8,30.9,84.25,1.3541666666666667,6.375,24,24,24,24,24,1
2019-08-22,제주,821.11,821.11,24,24,완전,226.694,28.233333333333334,26.1,30.7,84.45833333333333,3.2624999999999997,7.291666666666667,24,24,24,24,24,1
2019-08-23,제주,865.92,865.92,24,24,완전,226.694,27.433333333333337,26.2,29.9,71.95833333333333,2.0208333333333335,7.416666666666667,24,24,24,24,24,1
2019-08-24,제주,695.41,695.41,24,24,완전,226.694,26.9,25.3,28.6,56.333333333333336,2.0791666666666666,8.083333333333334,24,24,24,24,24,1
2019-08-25,제주,473.54,473.54,24,24,완전,226.694,25.704166666666666,23.6,27.4,63.25,2.154166666666667,9.666666666666666,24,24,24,24,24,1
2019-08-26,제주,290.51,290.51,24,24,완전,226.694,25.708333333333332,23.5,28.1,83.16666666666667,2.6916666666666664,9.208333333333334,24,24,24,24,24,1
2019-08-27,제주,125.63,125.63,24,24,완전,226.694,27.175,24.7,30.4,87.58333333333333,2.8208333333333333,9.875,24,24,24,24,24,1
2019-08-28,제주,215.76,215.76,24,24,완전,226.694,24.8625,23.2,26.8,92.625,1.95,10.0,24,24,24,24,24,1
2019-08-29,제주,181.88,181.88,24,24,완전,226.694,23.120833333333337,21.5,24.8,89.16666666666667,2.433333333333333,9.958333333333334,24,24,24,24,24,1
2019-08-30,제주,1256.48,1256.48,24,24,완전,226.694,25.645833333333332,22.8,28.2,70.95833333333333,2.558333333333333,3.2083333333333335,24,24,24,24,24,1
2019-08-31,제주,1189.54,1189.54,24,24,완전,226.694,24.554166666666664,20.8,27.8,64.08333333333333,2.1083333333333334,4.75,24,24,24,24,24,1
2019-09-01,제주,257.72,257.72,24,24,완전,233.03,23.525,20.6,26.2,77.58333333333333,1.9583333333333333,9.75,24,24,24,24,24,1
2019-09-02,제주,445.34,445.34,24,24,완전,233.03,23.920833333333334,21.9,26.4,93.70833333333331,2.408333333333333,9.416666666666666,24,24,24,24,24,1
2019-09-03,제주,335.75,335.75,24,24,완전,233.03,24.65,22.6,26.1,94.58333333333331,2.1625,9.625,24,24,24,24,24,1
2019-09-04,제주,171.61,171.61,24,24,완전,233.03,24.7875,24.0,26.7,91.41666666666669,1.4541666666666666,8.708333333333334,24,24,24,24,24,1
2019-09-05,제주,573.33,573.33,24,24,완전,233.03,25.90833333333333,23.7,29.7,88.58333333333333,1.6541666666666668,7.708333333333333,24,24,24,24,24,1
2019-09-06,제주,217.1,217.1,24,24,완전,233.03,26.6125,25.3,28.4,90.625,4.058333333333334,9.583333333333334,24,24,24,24,24,1
2019-09-07,제주,569.72,569.72,24,24,완전,233.03,27.725,24.9,30.1,79.58333333333333,6.879166666666666,7.541666666666667,24,24,24,24,24,1
2019-09-08,제주,287.08,287.08,24,24,완전,233.03,24.475,23.5,26.1,94.20833333333331,1.8875,8.833333333333334,24,24,24,24,24,1
2019-09-09,제주,376.95,376.95,24,24,완전,233.03,25.945833333333336,23.7,28.5,93.79166666666669,2.8333333333333335,9.041666666666666,24,24,24,24,24,1
2019-09-10,제주,934.67,934.67,24,24,완전,233.03,26.875,24.2,29.3,79.70833333333333,1.7458333333333331,6.333333333333333,24,24,24,24,24,1
2019-09-11,제주,775.16,775.16,24,24,완전,233.03,26.133333333333336,24.1,28.5,88.0,1.8333333333333333,6.565217391304348,24,24,24,24,23,0
2019-09-12,제주,486.98,486.98,24,24,완전,233.03,24.241666666666664,23.4,25.0,87.125,3.2291666666666665,9.041666666666666,24,24,24,24,24,1
2019-09-13,제주,859.56,859.56,24,24,완전,233.03,24.0125,22.2,26.6,74.54166666666667,3.033333333333333,4.958333333333333,24,24,24,24,24,1
2019-09-14,제주,1300.12,1300.12,24,24,완전,233.03,24.2125,21.8,26.3,75.25,2.2041666666666666,1.9166666666666667,24,24,24,24,24,1
2019-09-15,제주,1039.52,1039.52,24,24,완전,233.03,24.695833333333336,22.9,26.2,83.5,1.9708333333333332,3.75,24,24,24,24,24,1
2019-09-16,제주,1088.13,1088.13,24,24,완전,233.03,24.679166666666664,23.6,26.5,83.5,1.9041666666666668,5.208333333333333,24,24,24,24,24,1
2019-09-17,제주,1061.78,1061.78,24,24,완전,233.03,24.004166666666663,22.1,25.4,68.33333333333333,2.8000000000000003,3.7916666666666665,24,24,24,24,24,1
2019-09-18,제주,1255.44,1255.44,24,24,완전,233.03,23.579166666666666,20.8,27.3,69.0,2.3874999999999997,3.375,24,24,24,24,24,1
2019-09-19,제주,1236.33,1236.33,24,24,완전,233.03,22.65833333333333,19.4,25.2,65.33333333333333,3.158333333333333,3.25,24,24,24,24,24,1
2019-09-20,제주,932.36,932.36,24,24,완전,233.03,22.554166666666664,20.0,24.6,70.66666666666667,3.891666666666667,5.958333333333333,24,24,24,24,24,1
2019-09-21,제주,71.16,71.16,24,24,완전,233.03,20.4625,19.3,21.7,90.79166666666669,5.2375,9.958333333333334,24,24,24,24,24,1
2019-09-22,제주,124.19,124.19,24,24,완전,233.03,20.516666666666666,19.7,21.4,92.29166666666669,9.091666666666669,9.541666666666666,24,24,24,24,24,1
2019-09-23,제주,827.44,827.44,24,24,완전,233.03,21.254166666666663,18.8,23.8,73.29166666666667,2.6666666666666665,6.583333333333333,24,24,24,18,24,0
2019-09-24,제주,1234.13,1234.13,24,24,완전,233.03,20.354166666666668,16.8,24.6,64.83333333333333,1.9,2.1666666666666665,24,24,24,24,24,1
2019-09-25,제주,1041.17,1041.17,24,24,완전,233.03,21.40416666666667,18.4,24.7,65.29166666666667,2.533333333333333,6.833333333333333,24,24,24,24,24,1
2019-09-26,제주,807.66,807.66,24,24,완전,233.03,23.7125,21.6,27.0,83.875,3.6791666666666663,5.791666666666667,24,24,24,24,24,1
2019-09-27,제주,336.79,336.79,24,24,완전,233.03,23.775,22.9,25.1,94.20833333333331,3.1625,7.708333333333333,24,24,24,24,24,1
2019-09-28,제주,620.3,620.3,24,24,완전,233.03,23.95,23.1,25.2,97.83333333333331,1.9416666666666669,8.208333333333334,24,24,24,24,24,1
2019-09-29,제주,620.74,620.74,24,24,완전,233.03,23.958333333333332,22.9,26.1,95.25,1.5625,8.291666666666666,24,24,24,24,24,1
2019-09-30,제주,579.05,579.05,24,24,완전,233.03,23.745833333333337,22.5,25.8,90.91666666666669,1.25,7.958333333333333,24,24,24,24,24,1
2019-10-01,제주,134.61,134.61,24,24,완전,242.817,23.458333333333332,20.9,26.2,90.83333333333331,2.35,10.0,24,24,24,24,24,1
2019-10-02,제주,187.42,187.42,24,24,완전,242.817,24.4625,20.6,27.0,89.125,5.104166666666667,9.583333333333334,24,24,24,24,24,1
2019-10-03,제주,709.6800000000001,709.6800000000001,24,24,완전,242.817,23.4625,21.9,25.3,87.33333333333333,5.058333333333334,7.3478260869565215,24,24,24,24,23,0
2019-10-04,제주,913.23,913.23,24,24,완전,242.817,23.108333333333334,21.3,25.8,80.91666666666667,2.066666666666667,3.375,24,24,24,24,24,1
2019-10-05,제주,646.18,646.18,24,24,완전,242.817,21.204166666666666,19.1,23.0,77.25,2.9499999999999997,8.25,24,24,24,24,24,1
2019-10-06,제주,646.3100000000001,646.3100000000001,24,24,완전,242.817,20.741666666666667,17.1,24.3,76.45833333333333,2.7083333333333335,6.0,24,24,24,24,24,1
2019-10-07,제주,252.69,252.69,24,24,완전,242.817,21.7875,20.4,23.5,75.58333333333333,3.3083333333333336,8.833333333333334,24,24,24,24,24,1
2019-10-08,제주,896.75,896.75,24,24,완전,242.817,20.720833333333335,17.9,23.5,63.583333333333336,3.6875,5.458333333333333,24,24,24,24,24,1
2019-10-09,제주,1370.21,1370.21,24,24,완전,242.817,17.625,14.3,21.0,52.583333333333336,1.8458333333333332,0.5833333333333334,24,24,24,24,24,1
2019-10-10,제주,1268.87,1268.87,24,24,완전,242.817,18.625,14.1,22.5,49.75,1.9833333333333336,0.9583333333333334,24,24,24,24,24,1
2019-10-11,제주,1259.33,1259.33,24,24,완전,242.817,20.75,17.3,23.7,55.25,2.095833333333333,1.125,24,24,24,24,24,1
2019-10-12,제주,1218.11,1218.11,24,24,완전,242.817,21.358333333333334,18.9,24.5,63.583333333333336,2.3541666666666665,1.5833333333333333,24,24,24,24,24,1
2019-10-13,제주,1015.54,1015.54,24,24,완전,242.817,19.775,17.1,21.7,62.666666666666664,3.0666666666666664,2.75,24,24,24,24,24,1
2019-10-14,제주,1039.83,1039.83,24,24,완전,242.817,19.316666666666663,16.8,21.8,68.0,2.9125,4.458333333333333,24,24,24,24,24,1
2019-10-15,제주,782.43,782.43,24,24,완전,242.817,17.3125,15.3,18.9,70.83333333333333,2.3916666666666666,7.666666666666667,24,24,24,24,24,1
2019-10-16,제주,1231.41,1231.41,24,24,완전,242.817,18.041666666666668,15.9,21.1,62.125,2.2624999999999997,3.2083333333333335,24,24,24,24,24,1
2019-10-17,제주,854.87,854.87,24,24,완전,242.817,18.941666666666663,16.3,21.1,68.625,3.1166666666666667,8.0,24,24,24,24,24,1
2019-10-18,제주,202.16,202.16,24,24,완전,242.817,19.254166666666663,18.2,20.4,86.95833333333333,3.341666666666667,9.916666666666666,24,24,24,24,24,1
2019-10-19,제주,1153.79,1153.79,24,24,완전,242.817,19.95,18.1,22.2,76.58333333333333,2.3291666666666666,5.541666666666667,24,24,24,24,24,1
2019-10-20,제주,850.03,850.03,24,24,완전,242.817,18.925,15.6,21.6,73.45833333333333,2.2583333333333333,3.7916666666666665,24,24,24,24,24,1
2019-10-21,제주,1110.21,1110.21,24,24,완전,242.817,19.783333333333335,17.5,22.0,65.75,2.858333333333333,4.083333333333333,24,24,24,24,24,1
2019-10-22,제주,848.04,848.04,24,24,완전,242.817,20.495833333333337,18.7,22.0,69.125,2.9250000000000003,7.333333333333333,24,24,24,24,24,1
2019-10-23,제주,434.18,434.18,24,24,완전,242.817,20.358333333333334,19.3,21.5,77.41666666666667,3.079166666666667,9.291666666666666,24,24,24,24,24,1
2019-10-24,제주,591.23,591.23,24,24,완전,242.817,20.2875,19.1,21.7,71.33333333333333,3.475,7.75,24,24,24,24,24,1
2019-10-25,제주,1058.05,1058.05,24,24,완전,242.817,20.0125,16.9,23.2,69.58333333333333,2.5208333333333335,4.0,24,24,24,24,24,1
2019-10-26,제주,924.13,924.13,24,24,완전,242.817,16.7625,15.6,19.4,64.08333333333333,4.379166666666666,8.458333333333334,24,24,24,24,24,1
2019-10-27,제주,1105.49,1105.49,24,24,완전,242.817,16.175,14.3,18.0,57.333333333333336,2.733333333333333,5.541666666666667,24,24,24,24,24,1
2019-10-28,제주,920.13,920.13,24,24,완전,242.817,15.454166666666666,11.9,18.7,63.916666666666664,1.9375,4.666666666666667,24,24,24,24,24,1
2019-10-29,제주,966.63,966.63,24,24,완전,242.817,17.974999999999998,16.2,20.5,58.666666666666664,3.141666666666667,3.25,24,24,24,24,24,1
2019-10-30,제주,1212.23,1212.23,24,24,완전,242.817,16.537499999999998,14.2,18.9,58.666666666666664,2.6791666666666667,3.5,24,24,24,24,24,1
2019-10-31,제주,1254.13,1254.13,24,24,완전,242.817,16.245833333333334,12.3,20.6,61.041666666666664,2.3208333333333333,0.0416666666666666,24,24,24,24,24,1
2019-11-01,제주,1142.13,1142.13,24,24,완전,249.778,18.291666666666668,15.6,21.6,68.08333333333333,2.370833333333333,1.875,24,24,24,24,24,1
2019-11-02,제주,804.66,804.66,24,24,완전,249.778,18.491666666666667,15.8,21.8,74.08333333333333,2.4875000000000003,5.375,24,24,24,24,24,1
2019-11-03,제주,370.62,370.62,24,24,완전,249.778,17.570833333333333,15.6,19.8,75.08333333333333,1.7166666666666668,7.375,24,24,24,24,24,1
2019-11-04,제주,642.72,642.72,24,24,완전,249.778,16.900000000000002,13.7,20.2,74.75,2.3333333333333335,3.9583333333333335,24,24,24,24,24,1
2019-11-05,제주,909.6,909.6,24,24,완전,249.778,17.55,15.7,19.7,66.66666666666667,2.1750000000000003,4.875,24,24,24,24,24,1
2019-11-06,제주,1167.87,1167.87,24,24,완전,249.778,15.616666666666667,12.3,18.7,62.625,2.0541666666666667,1.875,24,24,24,24,24,1
2019-11-07,제주,758.72,758.72,24,24,완전,249.778,16.145833333333332,13.7,18.9,61.708333333333336,2.8208333333333333,6.708333333333333,24,24,24,24,24,1
2019-11-08,제주,1161.13,1161.13,24,24,완전,249.778,13.808333333333332,12.9,15.8,59.291666666666664,3.1125000000000003,3.875,24,24,24,24,24,1
2019-11-09,제주,1225.23,1225.23,24,24,완전,249.778,14.466666666666669,12.0,17.5,54.541666666666664,3.045833333333333,0.125,24,24,24,24,24,1
2019-11-10,제주,583.4,583.4,24,24,완전,249.778,15.183333333333332,10.5,19.0,62.791666666666664,3.1666666666666665,5.708333333333333,24,24,24,24,24,1
2019-11-11,제주,738.67,738.67,24,24,완전,249.778,17.191666666666666,15.5,19.0,59.5,5.2749999999999995,6.083333333333333,24,24,24,24,24,1
2019-11-12,제주,938.08,938.08,24,24,완전,249.778,14.829166666666666,12.3,17.3,60.958333333333336,1.6833333333333331,4.208333333333333,24,24,24,24,24,1
2019-11-13,제주,229.92,229.92,24,24,완전,249.778,14.9875,11.8,18.1,67.125,2.7291666666666665,8.375,24,24,24,24,24,1
2019-11-14,제주,1043.04,1043.04,24,24,완전,249.778,11.691666666666668,8.4,14.6,52.791666666666664,4.245833333333334,3.9166666666666665,24,24,24,24,24,1
2019-11-15,제주,1154.01,1154.01,24,24,완전,249.778,11.904166666666669,7.1,16.6,50.458333333333336,2.0749999999999997,0.0,24,24,24,24,24,1
2019-11-16,제주,935.56,935.56,24,24,완전,249.778,15.6125,10.8,21.2,59.833333333333336,2.1625,1.4583333333333333,24,24,24,24,24,1
2019-11-17,제주,523.97,523.97,24,24,완전,249.778,19.570833333333333,15.3,23.3,64.58333333333333,2.2041666666666666,7.75,24,24,24,24,24,1
2019-11-18,제주,197.14,197.14,24,24,완전,249.778,14.591666666666669,11.2,22.6,72.20833333333333,5.3500000000000005,9.833333333333334,24,24,24,24,24,1
2019-11-19,제주,468.49,468.49,24,24,완전,249.778,10.708333333333334,10.0,11.7,54.916666666666664,5.233333333333333,8.916666666666666,24,24,24,24,24,1
2019-11-20,제주,1187.56,1187.56,24,24,완전,249.778,10.0625,7.9,11.4,55.291666666666664,3.3000000000000003,4.333333333333333,24,24,24,24,24,1
2019-11-21,제주,905.35,905.35,24,24,완전,249.778,12.558333333333332,7.8,16.5,65.375,2.733333333333333,3.0416666666666665,24,24,24,24,24,1
2019-11-22,제주,606.19,606.19,24,24,완전,249.778,16.916666666666668,13.9,20.4,75.375,2.9291666666666667,3.9583333333333335,24,24,24,24,24,1
2019-11-23,제주,776.06,776.06,24,24,완전,249.778,17.883333333333333,14.8,21.3,74.79166666666667,3.0749999999999997,2.75,24,24,24,24,24,1
2019-11-24,제주,352.92,352.92,24,24,완전,249.778,17.729166666666668,13.9,19.4,92.41666666666669,2.6416666666666666,8.625,24,24,24,24,24,1
2019-11-25,제주,312.75,312.75,24,24,완전,249.778,10.4,9.4,13.8,64.95833333333333,3.7416666666666663,8.875,24,24,24,24,24,1
2019-11-26,제주,172.47,172.47,24,24,완전,249.778,13.066666666666668,9.7,15.3,77.33333333333333,2.6041666666666665,9.833333333333334,24,24,24,24,24,1
2019-11-27,제주,77.67,77.67,24,24,완전,249.778,11.475,9.5,14.5,75.125,4.608333333333333,9.958333333333334,24,24,24,24,24,1
2019-11-28,제주,931.53,931.53,24,24,완전,249.778,10.7375,8.9,12.4,64.41666666666667,3.6291666666666664,7.833333333333333,24,24,24,24,24,1
2019-11-29,제주,1141.64,1141.64,24,24,완전,249.778,10.0375,7.3,11.9,55.5,2.8666666666666667,2.2083333333333335,24,24,24,24,24,1
2019-11-30,제주,938.22,938.22,24,24,완전,249.778,12.070833333333333,7.0,17.5,57.5,2.1333333333333333,3.7083333333333335,24,24,24,24,24,1
2019-12-01,제주,54.67,54.67,24,24,완전,261.3,12.3875,11.3,15.1,88.33333333333333,2.7708333333333335,10.0,24,24,24,24,24,1
2019-12-02,제주,497.67,497.67,24,24,완전,261.3,10.095833333333331,8.1,11.6,64.45833333333333,5.879166666666666,9.208333333333334,24,24,24,24,24,1
2019-12-03,제주,269.27,269.27,24,24,완전,261.3,9.266666666666667,7.7,10.3,53.708333333333336,3.9,8.458333333333334,24,24,24,24,24,1
2019-12-04,제주,615.81,615.81,24,24,완전,261.3,11.35,10.1,13.7,51.833333333333336,3.5375,6.541666666666667,24,24,24,24,24,1
2019-12-05,제주,459.65,459.65,24,24,완전,261.3,8.975,6.5,11.2,55.166666666666664,4.445833333333334,7.208333333333333,24,24,24,24,24,1
2019-12-06,제주,387.01,387.01,24,24,완전,261.3,4.2375,3.3,5.8,56.958333333333336,4.1625000000000005,8.5,24,24,24,24,24,1
2019-12-07,제주,779.16,779.16,24,24,완전,261.3,7.154166666666666,4.5,9.4,55.083333333333336,3.720833333333333,7.083333333333333,24,24,24,24,24,1
2019-12-08,제주,799.97,799.97,24,24,완전,261.3,8.9,6.4,10.1,58.041666666666664,2.954166666666667,7.458333333333333,24,24,24,24,24,1
2019-12-09,제주,808.51,808.51,24,24,완전,261.3,10.416666666666666,6.0,15.1,58.958333333333336,2.4250000000000003,3.0416666666666665,24,24,24,24,24,1
2019-12-10,제주,771.52,771.52,24,24,완전,261.3,13.195833333333333,8.8,18.0,56.416666666666664,2.7125,3.375,24,24,24,24,24,1
2019-12-11,제주,795.12,795.12,24,24,완전,261.3,13.083333333333334,9.7,17.6,62.916666666666664,3.995833333333333,4.75,24,24,24,24,24,1
2019-12-12,제주,946.68,946.68,24,24,완전,261.3,8.65,6.0,9.9,53.708333333333336,3.766666666666667,5.5,24,24,24,24,24,1
2019-12-13,제주,718.2,718.2,24,24,완전,261.3,8.279166666666667,4.8,12.1,65.625,1.6708333333333334,3.5833333333333335,24,24,24,24,24,1
2019-12-14,제주,742.81,742.81,24,24,완전,261.3,10.1375,7.2,12.7,65.75,2.625,6.583333333333333,24,24,24,24,24,1
2019-12-15,제주,431.43,431.43,24,24,완전,261.3,12.070833333333333,6.9,17.3,66.25,2.4583333333333335,5.333333333333333,24,24,24,24,24,1
2019-12-16,제주,701.22,701.22,24,24,완전,261.3,14.770833333333334,12.5,17.7,63.375,2.504166666666667,5.5,24,24,24,24,24,1
2019-12-17,제주,180.72,180.72,24,24,완전,261.3,14.15,11.3,17.6,90.125,3.0666666666666664,9.875,24,24,24,24,24,1
2019-12-18,제주,792.5,792.5,24,24,완전,261.3,9.016666666666667,7.5,10.9,67.125,4.033333333333333,8.833333333333334,24,24,24,24,24,1
2019-12-19,제주,539.76,539.76,24,24,완전,261.3,7.845833333333334,7.0,8.7,61.208333333333336,3.5708333333333333,9.041666666666666,24,24,24,24,24,1
2019-12-20,제주,456.64,456.64,24,24,완전,261.3,8.541666666666666,7.0,11.1,56.458333333333336,3.0083333333333333,8.541666666666666,24,24,24,24,24,1
2019-12-21,제주,190.31,190.31,24,24,완전,261.3,7.9,5.9,9.9,60.916666666666664,1.7,8.583333333333334,24,24,24,24,24,1
2019-12-22,제주,174.94,174.94,24,24,완전,261.3,9.716666666666669,6.9,11.3,70.33333333333333,2.1416666666666666,7.75,24,24,24,24,24,1
2019-12-23,제주,574.02,574.02,24,24,완전,261.3,9.291666666666666,6.9,11.8,66.375,3.029166666666667,4.625,24,24,24,24,24,1
2019-12-24,제주,683.47,683.47,24,24,완전,261.3,9.170833333333333,7.4,11.5,63.416666666666664,2.316666666666667,5.25,24,24,24,24,24,1
2019-12-25,제주,232.4,232.4,24,24,완전,261.3,11.120833333333332,7.3,15.0,76.875,2.125,6.458333333333333,24,24,24,24,24,1
2019-12-26,제주,100.71,100.71,24,24,완전,261.3,10.341666666666669,7.6,13.1,80.875,4.1875,9.916666666666666,24,24,24,24,24,1
2019-12-27,제주,293.37,293.37,24,24,완전,261.3,6.7,5.9,7.2,56.041666666666664,5.429166666666667,9.0,24,24,24,24,24,1
2019-12-28,제주,696.46,696.46,24,24,완전,261.3,7.7,6.3,9.4,56.291666666666664,2.0500000000000003,5.130434782608695,24,24,24,24,23,0
2019-12-29,제주,65.08,65.08,24,24,완전,261.3,11.3875,7.5,14.4,79.5,2.841666666666667,9.5,24,24,24,24,24,1
2019-12-30,제주,395.89,395.89,24,24,완전,261.3,11.975,7.1,13.5,78.95833333333333,3.5208333333333335,8.875,24,24,24,24,24,1
2019-12-31,제주,529.45,529.45,24,24,완전,261.3,3.1166666666666667,2.0,6.3,61.375,5.420833333333333,8.666666666666666,24,24,24,24,24,1
2020-01-01,제주,759.62,759.62,24,24,완전,263.225,4.779166666666667,2.4,6.8,62.541666666666664,2.475,9.0,24,24,24,24,24,1
2020-01-02,제주,290.46999999999997,290.46999999999997,24,24,완전,263.225,7.925,5.7,9.1,66.29166666666667,1.9333333333333331,8.291666666666666,24,24,24,24,24,1
2020-01-03,제주,524.75,524.75,24,24,완전,263.225,9.0125,7.4,11.1,66.625,2.283333333333333,7.083333333333333,24,24,24,24,24,1
2020-01-04,제주,1032.99,1032.99,24,24,완전,263.225,7.9375,5.1,11.3,66.625,2.1958333333333333,2.125,24,24,24,24,24,1
2020-01-05,제주,847.1899999999999,847.1899999999999,24,24,완전,263.225,8.320833333333333,4.6,11.1,62.625,2.0166666666666666,5.208333333333333,24,24,24,24,24,1
2020-01-06,제주,107.79,107.79,24,24,완전,263.225,13.904166666666669,10.2,18.7,61.875,2.0958333333333337,9.958333333333334,24,24,24,24,24,1
2020-01-07,제주,174.89,174.89,24,24,완전,263.225,19.508333333333333,13.7,23.1,71.08333333333333,6.645833333333333,8.916666666666666,24,24,24,24,24,1
2020-01-08,제주,363.49,363.49,24,24,완전,263.225,8.620833333333334,6.9,12.8,69.83333333333333,7.283333333333334,9.041666666666666,24,24,24,24,24,1
2020-01-09,제주,236.29,236.29,24,24,완전,263.225,7.358333333333333,6.9,8.0,65.58333333333333,3.1791666666666667,9.541666666666666,24,24,24,24,24,1
2020-01-10,제주,1038.33,1038.33,24,24,완전,263.225,7.933333333333334,4.3,10.5,62.916666666666664,1.9333333333333331,4.958333333333333,24,24,24,24,24,1
2020-01-11,제주,314.24,314.24,24,24,완전,263.225,8.154166666666667,7.0,8.8,59.708333333333336,3.1833333333333336,8.833333333333334,24,24,24,24,24,1
2020-01-12,제주,421.34,421.34,24,24,완전,263.225,7.479166666666667,7.0,8.0,58.958333333333336,5.104166666666667,8.916666666666666,24,24,24,24,24,1
2020-01-13,제주,667.75,667.75,24,24,완전,263.225,7.1125,6.3,8.1,55.791666666666664,4.145833333333333,8.875,24,24,24,24,24,1
2020-01-14,제주,252.27,252.27,24,24,완전,263.225,4.7,3.6,6.2,74.08333333333333,2.3125,8.958333333333334,24,24,24,24,24,1
2020-01-15,제주,528.41,528.41,24,24,완전,263.225,5.770833333333333,4.8,6.9,61.583333333333336,3.529166666666667,8.291666666666666,24,24,24,24,24,1
2020-01-16,제주,470.74,470.74,24,24,완전,263.225,6.170833333333333,4.7,7.9,57.041666666666664,2.0083333333333333,9.5,24,24,24,24,24,1
2020-01-17,제주,915.56,915.56,24,24,완전,263.225,6.95,6.1,8.7,53.0,3.2375000000000003,5.791666666666667,24,24,24,24,24,1
2020-01-18,제주,863.51,863.51,24,24,완전,263.225,6.929166666666667,6.3,7.8,58.041666666666664,3.9125,5.75,24,24,24,24,24,1
2020-01-19,제주,221.86,221.86,24,24,완전,263.225,8.3375,6.2,9.9,58.458333333333336,3.9291666666666663,8.458333333333334,24,24,24,24,24,1
2020-01-20,제주,895.3100000000001,895.3100000000001,24,24,완전,263.225,8.5375,7.4,10.5,50.875,4.454166666666667,6.041666666666667,24,24,24,24,24,1
2020-01-21,제주,1225.92,1225.92,24,24,완전,263.225,7.383333333333333,5.2,10.1,56.666666666666664,2.775,3.2916666666666665,24,24,24,24,24,1
2020-01-22,제주,76.35,76.35,24,24,완전,263.225,11.004166666666668,8.7,13.3,82.33333333333333,1.1291666666666669,10.0,24,24,24,24,24,1
2020-01-23,제주,410.94,410.94,24,24,완전,263.225,11.458333333333334,10.6,13.3,88.91666666666667,2.254166666666667,9.333333333333334,24,24,24,24,24,1
2020-01-24,제주,580.03,580.03,24,24,완전,263.225,11.108333333333334,9.6,12.6,65.625,2.3625000000000003,9.291666666666666,24,24,24,24,24,1
2020-01-25,제주,181.3,181.3,24,24,완전,263.225,12.083333333333334,10.7,13.5,77.41666666666667,3.3304347826086955,10.0,24,24,24,23,24,0
2020-01-26,제주,249.2,249.2,24,24,완전,263.225,11.695833333333333,10.7,12.9,72.125,3.8833333333333337,9.666666666666666,24,24,24,24,24,1
2020-01-27,제주,153.81,153.81,24,24,완전,263.225,10.041666666666666,8.5,11.3,85.41666666666667,6.816666666666666,10.0,24,24,24,24,24,1
2020-01-28,제주,434.6,434.6,24,24,완전,263.225,9.920833333333333,9.2,10.8,73.625,3.3375,9.416666666666666,24,24,24,24,24,1
2020-01-29,제주,718.73,718.73,24,24,완전,263.225,9.6125,8.7,10.9,67.41666666666667,4.1625000000000005,7.583333333333333,24,24,24,24,24,1
2020-01-30,제주,513.64,513.64,24,24,완전,263.225,8.391666666666667,7.7,9.6,63.375,5.3625,8.458333333333334,24,24,24,24,24,1
2020-01-31,제주,533.54,533.54,24,24,완전,263.225,7.279166666666666,6.1,7.9,55.875,3.6875,8.75,24,24,24,24,24,1
2020-02-01,제주,1099.42,1099.42,24,24,완전,266.195,7.949999999999999,4.7,10.4,60.0,2.5500000000000003,3.9166666666666665,24,24,24,24,24,1
2020-02-02,제주,1022.49,1022.49,24,24,완전,266.195,7.995833333333334,6.1,10.2,60.958333333333336,2.533333333333333,3.875,24,24,24,24,24,1
2020-02-03,제주,709.28,709.28,24,24,완전,266.195,7.0125,5.5,8.8,65.66666666666667,3.029166666666667,6.25,24,24,24,24,24,1
2020-02-04,제주,1367.06,1367.06,24,24,완전,266.195,5.379166666666666,2.8,7.8,61.375,1.8,1.9166666666666667,24,24,24,24,24,1
2020-02-05,제주,1050.46,1050.46,24,24,완전,266.195,3.85,1.4,7.6,62.958333333333336,3.6875,6.708333333333333,24,24,24,24,24,1
2020-02-06,제주,1189.5,1189.5,24,24,완전,266.195,2.9791666666666665,1.1,5.0,55.208333333333336,2.4166666666666665,5.833333333333333,24,24,24,24,24,1
2020-02-07,제주,989.53,989.53,24,24,완전,266.195,6.304166666666667,4.8,8.9,57.958333333333336,2.375,8.666666666666666,24,24,24,24,24,1
2020-02-08,제주,405.16,405.16,24,24,완전,266.195,6.954166666666667,4.9,8.4,60.083333333333336,5.116666666666666,8.333333333333334,24,24,24,24,24,1
2020-02-09,제주,512.61,512.61,24,24,완전,266.195,6.7124999999999995,4.9,8.6,56.958333333333336,4.195833333333334,7.166666666666667,24,24,24,24,24,1
2020-02-10,제주,1022.6,1022.6,24,24,완전,266.195,10.495833333333334,6.4,13.2,66.0,3.6791666666666663,2.4583333333333335,24,24,24,24,24,1
2020-02-11,제주,518.2,518.2,24,24,완전,266.195,10.879166666666668,7.0,14.7,57.333333333333336,1.6583333333333332,7.25,24,24,24,24,24,1
2020-02-12,제주,203.68,203.68,24,24,완전,266.195,13.245833333333332,11.3,16.0,84.0,3.2708333333333335,9.75,24,24,24,24,24,1
2020-02-13,제주,1112.04,1112.04,24,24,완전,266.195,12.3375,11.3,14.2,74.625,2.2291666666666665,7.125,24,24,24,24,24,1
2020-02-14,제주,1330.33,1330.33,24,24,완전,266.195,13.541666666666666,11.3,15.5,75.95833333333333,1.6125,5.875,24,24,24,24,24,1
2020-02-15,제주,594.73,594.73,24,24,완전,266.195,16.595833333333335,12.4,20.6,71.79166666666667,2.8083333333333336,8.583333333333334,24,24,24,24,24,1
2020-02-16,제주,337.47,337.47,24,24,완전,266.195,6.133333333333334,3.4,12.5,74.20833333333333,7.258333333333333,9.708333333333334,24,24,24,24,24,1
2020-02-17,제주,263.97,263.97,24,24,완전,266.195,3.0208333333333335,1.2,4.0,69.45833333333333,8.7125,8.333333333333334,24,24,24,24,24,1
2020-02-18,제주,1062.51,1062.51,24,24,완전,266.195,4.683333333333334,0.8,7.3,59.833333333333336,5.258333333333334,5.375,24,24,24,24,24,1
2020-02-19,제주,1121.79,1121.79,24,24,완전,266.195,6.329166666666667,2.4,10.1,58.666666666666664,2.025,4.0,24,24,24,24,22,0
2020-02-20,제주,1427.65,1427.65,24,24,완전,266.195,9.754166666666666,6.9,12.8,60.5,2.1958333333333333,2.8333333333333335,24,24,24,24,24,1
2020-02-21,제주,936.63,936.63,24,24,완전,266.195,12.004166666666668,6.6,16.2,55.458333333333336,2.3208333333333333,4.375,24,24,24,24,24,1
2020-02-22,제주,1224.64,1224.64,24,24,완전,266.195,11.204166666666666,8.1,14.3,61.166666666666664,5.066666666666666,4.875,24,24,24,24,24,1
2020-02-23,제주,1550.76,1550.76,24,24,완전,266.195,7.879166666666666,6.1,10.6,55.875,2.7541666666666664,1.875,24,24,24,24,24,1
2020-02-24,제주,1184.19,1184.19,24,24,완전,266.195,10.879166666666668,5.6,15.5,51.416666666666664,1.7583333333333335,4.583333333333333,24,24,24,24,24,1
2020-02-25,제주,243.13,243.13,24,24,완전,266.195,16.695833333333333,11.7,21.1,76.54166666666667,4.995833333333334,9.541666666666666,24,24,24,24,24,1
2020-02-26,제주,505.3,505.3,24,24,완전,266.195,11.695833333333333,9.2,12.6,84.16666666666667,2.6916666666666664,8.208333333333334,24,24,24,24,24,1
2020-02-27,제주,1019.97,1019.97,24,24,완전,266.195,9.716666666666669,6.9,13.2,65.54166666666667,2.733333333333333,4.0,24,24,24,24,24,1
2020-02-28,제주,114.0,114.0,24,24,완전,266.195,10.204166666666667,8.8,11.5,72.29166666666667,3.2541666666666664,9.166666666666666,24,24,24,24,24,1
2020-02-29,제주,101.93,101.93,24,24,완전,266.195,11.491666666666667,10.9,12.0,94.20833333333331,2.4250000000000003,9.958333333333334,24,24,24,24,24,1
2020-03-01,제주,160.43,160.43,24,24,완전,269.815,11.554166666666667,8.9,12.5,87.25,2.7624999999999997,9.916666666666666,24,24,24,24,24,1
2020-03-02,제주,1590.12,1590.12,24,24,완전,269.815,8.220833333333333,6.1,9.9,62.416666666666664,3.3333333333333335,4.625,24,24,24,24,24,1
2020-03-03,제주,453.14,453.14,24,24,완전,269.815,10.508333333333333,6.2,14.3,67.29166666666667,1.6083333333333334,9.166666666666666,24,24,24,24,24,1
2020-03-04,제주,1199.52,1199.52,24,24,완전,269.815,8.475,5.4,10.3,62.583333333333336,4.866666666666666,8.125,24,24,24,24,24,1
2020-03-05,제주,1555.81,1555.81,24,24,완전,269.815,6.316666666666666,4.3,8.9,53.833333333333336,3.9791666666666665,3.5416666666666665,24,24,24,24,24,1
2020-03-06,제주,1162.19,1162.19,24,24,완전,269.815,7.020833333333333,2.6,11.5,64.54166666666667,1.7208333333333332,2.625,24,24,24,24,24,1
2020-03-07,제주,204.19,204.19,24,24,완전,269.815,10.029166666666669,8.0,11.0,83.5,2.2624999999999997,9.708333333333334,24,24,24,24,24,1
2020-03-08,제주,1362.32,1362.32,24,24,완전,269.815,11.7,7.4,15.3,72.66666666666667,2.6999999999999997,2.5833333333333335,24,24,24,24,24,1
2020-03-09,제주,190.35,190.35,24,24,완전,269.815,12.966666666666669,11.6,14.5,79.33333333333333,2.775,9.041666666666666,24,24,24,24,24,1
2020-03-10,제주,306.45,306.45,24,24,완전,269.815,9.941666666666666,7.8,13.4,83.125,6.145833333333333,8.708333333333334,24,24,24,24,24,1
2020-03-11,제주,1757.24,1757.24,24,24,완전,269.815,8.620833333333334,6.3,10.7,48.75,4.941666666666666,1.2916666666666667,24,24,24,24,24,1
2020-03-12,제주,1644.81,1644.81,24,24,완전,269.815,8.995833333333334,3.9,13.4,57.625,1.9416666666666669,2.0833333333333335,24,24,24,24,24,1
2020-03-13,제주,742.1899999999999,742.1899999999999,24,24,완전,269.815,11.258333333333333,8.5,14.3,59.5,2.716666666666667,8.5,24,24,24,24,24,1
2020-03-14,제주,1552.9,1552.9,24,24,완전,269.815,8.158333333333333,6.1,10.1,48.541666666666664,4.7749999999999995,2.6666666666666665,24,24,24,24,24,1
2020-03-15,제주,1620.33,1620.33,24,24,완전,269.815,11.3,7.7,14.6,51.791666666666664,6.3125,1.1666666666666667,24,24,24,24,24,1
2020-03-16,제주,1629.21,1629.21,24,24,완전,269.815,7.108333333333333,4.7,9.8,52.458333333333336,3.841666666666667,4.75,24,24,24,24,24,1
2020-03-17,제주,1607.9,1607.9,24,24,완전,269.815,12.75,6.8,19.5,48.458333333333336,3.670833333333333,2.875,24,24,24,24,24,1
2020-03-18,제주,1426.25,1426.25,24,24,완전,269.815,13.725,10.2,16.1,71.83333333333333,1.8916666666666664,1.0833333333333333,24,24,24,24,24,1
2020-03-19,제주,1338.15,1338.15,24,24,완전,269.815,14.079166666666666,10.0,21.1,48.25,4.725,1.4583333333333333,24,24,24,24,24,1
2020-03-20,제주,1696.35,1696.35,24,24,완전,269.815,11.879166666666668,7.4,15.5,37.75,2.966666666666667,0.0,24,24,24,24,24,1
2020-03-21,제주,1452.86,1452.86,24,24,완전,269.815,16.366666666666667,9.9,22.2,45.458333333333336,2.2583333333333333,2.4166666666666665,24,24,24,24,24,1
2020-03-22,제주,854.53,854.53,24,24,완전,269.815,14.866666666666667,11.8,17.6,70.58333333333333,2.2624999999999997,7.291666666666667,24,24,24,24,24,1
2020-03-23,제주,1680.84,1680.84,24,24,완전,269.815,12.675,9.4,15.7,49.541666666666664,2.7624999999999997,1.9583333333333333,24,24,24,24,24,1
2020-03-24,제주,1583.48,1583.48,24,24,완전,269.815,12.5625,8.9,15.4,62.833333333333336,2.6833333333333336,0.0,24,24,24,24,24,1
2020-03-25,제주,1557.98,1557.98,24,24,완전,269.815,15.916666666666666,11.4,20.5,56.125,2.5791666666666666,3.2916666666666665,24,24,24,24,24,1
2020-03-26,제주,109.2,109.2,24,24,완전,269.815,17.7,15.4,22.5,83.79166666666667,1.9916666666666665,9.958333333333334,24,24,24,24,24,1
2020-03-27,제주,433.85,433.85,24,24,완전,269.815,12.958333333333334,8.5,19.5,84.95833333333333,3.6041666666666665,9.041666666666666,24,24,24,24,24,1
2020-03-28,제주,268.6,268.6,24,24,완전,269.815,8.9,7.6,9.8,61.583333333333336,2.3000000000000003,9.416666666666666,24,24,24,24,24,1
2020-03-29,제주,1015.06,1015.06,24,24,완전,269.815,10.95,6.7,13.9,67.91666666666667,2.558333333333333,7.125,24,24,24,24,24,1
2020-03-30,제주,971.94,971.94,24,24,완전,269.815,13.370833333333332,11.8,15.4,65.04166666666667,2.308333333333333,9.041666666666666,24,24,24,24,24,1
2020-03-31,제주,1563.3,1563.3,24,24,완전,269.815,13.9625,11.5,16.5,66.54166666666667,2.6,4.166666666666667,24,24,24,24,24,1
2020-04-01,제주,1361.51,1361.51,24,24,완전,272.061,11.729166666666666,8.5,14.7,64.5,3.608333333333333,7.333333333333333,24,24,24,24,24,1
2020-04-02,제주,1540.22,1540.22,24,24,완전,272.061,11.729166666666666,8.9,14.2,55.583333333333336,2.0416666666666665,4.75,24,24,24,24,24,1
2020-04-03,제주,1579.44,1579.44,24,24,완전,272.061,12.883333333333333,11.0,15.6,49.75,2.1083333333333334,5.208333333333333,24,24,24,24,24,1
2020-04-04,제주,1674.18,1674.18,24,24,완전,272.061,11.8625,7.9,16.6,54.25,3.5083333333333333,1.5,24,24,24,24,24,1
2020-04-05,제주,1852.1,1852.1,24,24,완전,272.061,9.7625,7.5,13.2,49.125,3.125,1.625,24,24,24,24,24,1
2020-04-06,제주,1577.0,1577.0,24,24,완전,272.061,10.383333333333333,6.3,13.7,57.291666666666664,2.4916666666666667,4.041666666666667,24,24,24,24,24,1
2020-04-07,제주,1674.89,1674.89,24,24,완전,272.061,13.291666666666666,9.0,17.0,44.5,2.7125,1.4166666666666667,24,24,24,24,24,1
2020-04-08,제주,1521.72,1521.72,24,24,완전,272.061,13.05,10.6,16.1,51.416666666666664,2.345833333333333,0.625,24,24,24,24,24,1
2020-04-09,제주,1617.1,1617.1,24,24,완전,272.061,11.975,8.8,15.1,41.708333333333336,2.2291666666666665,0.3333333333333333,24,24,24,24,24,1
2020-04-10,제주,1367.48,1367.48,24,24,완전,272.061,12.783333333333331,10.0,15.6,57.416666666666664,1.9583333333333333,4.333333333333333,24,24,24,24,24,1
2020-04-11,제주,355.9,355.9,24,24,완전,272.061,12.383333333333333,9.8,15.8,78.125,3.5666666666666664,9.0,24,24,24,24,24,1
2020-04-12,제주,613.54,613.54,24,24,완전,272.061,9.591666666666669,7.9,10.8,83.66666666666667,4.495833333333334,9.75,24,24,24,24,24,1
2020-04-13,제주,1678.97,1678.97,24,24,완전,272.061,11.5875,9.7,13.4,60.25,4.5874999999999995,2.0,24,24,24,24,24,1
2020-04-14,제주,1675.99,1675.99,24,24,완전,272.061,12.795833333333334,8.4,16.5,46.5,2.091666666666667,3.7083333333333335,24,24,24,24,24,1
2020-04-15,제주,1251.91,1251.91,24,24,완전,272.061,13.3125,10.4,16.4,51.333333333333336,1.8125,7.291666666666667,24,24,24,24,24,1
2020-04-16,제주,1617.58,1617.58,24,24,완전,272.061,15.616666666666667,10.5,20.5,58.125,2.920833333333333,3.0416666666666665,24,24,24,24,24,1
2020-04-17,제주,253.52,253.52,24,24,완전,272.061,15.991666666666667,14.0,18.1,75.04166666666667,3.375,8.291666666666666,24,24,24,24,24,1
2020-04-18,제주,1610.87,1610.87,24,24,완전,272.061,13.020833333333334,11.3,15.7,72.79166666666667,3.3708333333333336,5.375,24,24,24,24,24,1
2020-04-19,제주,179.92000000000002,179.92000000000002,24,24,완전,272.061,13.325,11.1,15.5,83.625,4.354166666666667,9.666666666666666,24,24,24,24,24,1
2020-04-20,제주,1360.67,1360.67,24,24,완전,272.061,13.791666666666666,11.8,17.6,78.04166666666667,4.066666666666666,7.333333333333333,24,24,24,24,24,1
2020-04-21,제주,1253.98,1253.98,24,24,완전,272.061,13.066666666666668,10.4,16.0,42.291666666666664,4.0125,7.958333333333333,24,24,24,24,24,1
2020-04-22,제주,1780.65,1780.65,24,24,완전,272.061,11.154166666666669,9.0,14.3,48.291666666666664,5.670833333333333,2.9583333333333335,24,24,24,24,24,1
2020-04-23,제주,1626.2,1626.2,24,24,완전,272.061,10.970833333333331,8.8,13.6,50.458333333333336,5.1125,3.8333333333333335,24,24,24,24,24,1
2020-04-24,제주,1830.75,1830.75,24,24,완전,272.061,12.845833333333331,9.2,16.5,46.666666666666664,3.829166666666667,0.4583333333333333,24,24,24,24,24,1
2020-04-25,제주,1728.8,1728.8,24,24,완전,272.061,18.279166666666665,10.7,22.6,35.041666666666664,5.825,0.25,24,24,24,24,24,1
2020-04-26,제주,1663.63,1663.63,24,24,완전,272.061,14.083333333333334,11.2,18.2,55.958333333333336,2.3249999999999997,4.458333333333333,24,24,24,24,24,1
2020-04-27,제주,1704.61,1704.61,24,24,완전,272.061,14.375,11.4,17.2,50.291666666666664,2.6166666666666667,2.7916666666666665,24,24,24,24,24,1
2020-04-28,제주,1772.76,1772.76,24,24,완전,272.061,14.891666666666666,10.8,19.3,42.25,2.8041666666666667,0.0416666666666666,24,24,24,24,24,1
2020-04-29,제주,1770.32,1770.32,24,24,완전,272.061,15.966666666666669,13.3,19.4,37.875,2.191666666666667,0.0,24,24,24,24,24,1
2020-04-30,제주,1418.21,1418.21,24,24,완전,272.061,18.495833333333337,12.7,24.2,56.625,2.3000000000000003,1.1666666666666667,24,24,24,24,24,1
2020-05-01,제주,1496.61,1496.61,24,24,완전,282.355,20.408333333333335,17.7,24.4,71.0,2.095833333333333,3.4583333333333335,24,24,24,24,24,1
2020-05-02,제주,471.52,471.52,24,24,완전,282.355,19.1,16.7,21.8,82.25,1.1,9.041666666666666,24,24,24,24,24,1
2020-05-03,제주,734.83,734.83,24,24,완전,282.355,19.495833333333337,16.5,23.0,88.375,1.8875,8.625,24,24,24,24,24,1
2020-05-04,제주,1396.8,1396.8,24,24,완전,282.355,18.520833333333332,15.8,23.1,85.29166666666667,2.183333333333333,4.958333333333333,24,24,24,24,24,1
2020-05-05,제주,1103.93,1103.93,24,24,완전,282.355,17.479166666666668,14.2,23.6,85.04166666666667,3.0500000000000003,5.958333333333333,24,24,24,24,24,1
2020-05-06,제주,1678.92,1678.92,24,24,완전,282.355,19.520833333333332,16.1,23.8,73.0,3.170833333333333,2.7083333333333335,24,24,24,24,24,1
2020-05-07,제주,1796.08,1796.08,24,24,완전,282.355,17.875,14.8,22.2,65.0,4.079166666666667,1.5416666666666667,24,24,24,24,24,1
2020-05-08,제주,1187.5,1187.5,24,24,완전,282.355,20.55,15.7,25.6,64.91666666666667,3.3249999999999997,5.333333333333333,24,24,24,24,24,1
2020-05-09,제주,482.47,482.47,24,24,완전,282.355,21.8875,15.8,26.6,70.29166666666667,5.204166666666667,9.25,24,24,24,24,24,1
2020-05-10,제주,609.97,609.97,24,24,완전,282.355,15.954166666666666,15.0,17.3,81.83333333333333,3.845833333333333,7.625,24,24,24,24,24,1
2020-05-11,제주,1768.72,1768.72,24,24,완전,282.355,17.245833333333334,14.7,22.0,78.29166666666667,2.766666666666667,1.25,24,24,24,24,24,1
2020-05-12,제주,1769.15,1769.15,24,24,완전,282.355,18.775,15.1,24.3,59.5,5.116666666666666,2.8333333333333335,24,24,24,24,24,1
2020-05-13,제주,1854.81,1854.81,24,24,완전,282.355,16.908333333333335,13.7,19.5,48.083333333333336,2.1875,0.0833333333333333,24,24,24,24,24,1
2020-05-14,제주,1340.56,1340.56,24,24,완전,282.355,19.695833333333333,15.4,24.2,40.75,1.6291666666666669,5.833333333333333,24,24,24,24,24,1
2020-05-15,제주,436.89,436.89,24,24,완전,282.355,22.116666666666664,19.4,26.4,76.04166666666667,3.2708333333333335,9.333333333333334,24,24,24,24,24,1
2020-05-16,제주,710.32,710.32,24,24,완전,282.355,17.054166666666667,14.5,19.0,96.125,1.8,9.833333333333334,24,24,24,24,24,1
2020-05-17,제주,1416.39,1416.39,24,24,완전,282.355,16.783333333333335,13.9,20.6,88.125,2.0,8.416666666666666,24,24,24,24,24,1
2020-05-18,제주,661.11,661.11,24,24,완전,282.355,19.633333333333333,16.3,28.4,82.0,2.254166666666667,8.333333333333334,24,24,24,24,24,1
2020-05-19,제주,1586.47,1586.47,24,24,완전,282.355,17.116666666666667,14.4,20.8,66.625,6.0125,0.75,24,24,24,24,24,1
2020-05-20,제주,1851.49,1851.49,24,24,완전,282.355,16.366666666666667,13.9,20.2,72.54166666666667,2.983333333333333,3.0,24,24,24,24,24,1
2020-05-21,제주,1341.76,1341.76,24,24,완전,282.355,18.616666666666667,14.6,24.6,66.70833333333333,3.0,3.4166666666666665,24,24,24,24,24,1
2020-05-22,제주,1384.67,1384.67,24,24,완전,282.355,19.054166666666667,16.4,23.3,69.95833333333333,4.216666666666667,3.2083333333333335,24,24,24,24,24,1
2020-05-23,제주,1318.45,1318.45,24,24,완전,282.355,19.35,16.2,21.9,74.16666666666667,2.7916666666666665,2.625,24,24,24,24,24,1
2020-05-24,제주,1249.96,1249.96,24,24,완전,282.355,20.616666666666667,18.4,25.2,74.875,2.3375,3.6666666666666665,24,24,24,24,24,1
2020-05-25,제주,818.85,818.85,24,24,완전,282.355,17.79583333333333,16.5,19.8,89.25,2.025,9.291666666666666,24,24,24,24,24,1
2020-05-26,제주,734.42,734.42,24,24,완전,282.355,18.1875,16.6,21.1,74.91666666666667,2.5416666666666665,7.875,24,24,24,24,24,1
2020-05-27,제주,1613.94,1613.94,24,24,완전,282.355,18.366666666666667,16.0,20.5,72.41666666666667,2.7541666666666664,7.083333333333333,24,24,24,24,24,1
2020-05-28,제주,1544.93,1544.93,24,24,완전,282.355,19.8,16.3,24.7,62.0,3.058333333333333,5.083333333333333,24,24,24,24,24,1
2020-05-29,제주,1446.71,1446.71,24,24,완전,282.355,18.079166666666666,14.8,20.1,81.20833333333333,2.3541666666666665,6.458333333333333,24,24,24,24,24,1
2020-05-30,제주,514.77,514.77,24,24,완전,282.355,20.029166666666665,18.1,23.1,77.75,2.1458333333333335,9.75,24,24,24,24,24,1
2020-05-31,제주,558.86,558.86,24,24,완전,282.355,19.8875,17.2,23.3,87.0,3.5041666666666664,8.541666666666666,24,24,24,24,24,1
2020-06-01,제주,1213.41,1213.41,24,24,완전,284.907,18.6875,17.2,21.3,87.95833333333333,1.8875,6.791666666666667,24,24,24,24,24,1
2020-06-02,제주,1755.65,1755.65,24,24,완전,284.907,18.758333333333333,15.2,21.9,65.08333333333333,2.0458333333333334,2.5416666666666665,24,24,24,24,24,1
2020-06-03,제주,474.86,474.86,24,24,완전,284.907,20.3875,18.3,22.7,83.875,1.0375,8.666666666666666,24,24,24,24,24,1
2020-06-04,제주,1363.1,1363.1,24,24,완전,284.907,21.1,18.9,24.0,86.91666666666667,1.3541666666666667,8.333333333333334,24,24,24,24,24,1
2020-06-05,제주,1037.2,1037.2,24,24,완전,284.907,19.945833333333333,17.6,21.7,92.83333333333331,1.4833333333333334,7.708333333333333,24,24,24,24,24,1
2020-06-06,제주,1162.83,1162.83,24,24,완전,284.907,21.1625,19.3,25.9,86.54166666666667,2.8791666666666664,7.333333333333333,24,24,24,24,24,1
2020-06-07,제주,1640.94,1640.94,24,24,완전,284.907,21.075,18.7,22.7,82.16666666666667,2.9499999999999997,0.75,24,24,24,24,24,1
2020-06-08,제주,1735.26,1735.26,24,24,완전,284.907,23.179166666666664,18.6,28.4,60.166666666666664,3.154166666666667,0.5,24,24,24,24,24,1
2020-06-09,제주,1224.21,1224.21,24,24,완전,284.907,26.6,22.5,29.5,63.458333333333336,3.6791666666666663,1.6666666666666667,24,24,24,24,24,1
2020-06-10,제주,610.58,610.58,24,24,완전,284.907,24.945833333333336,23.0,28.6,73.83333333333333,1.9,6.208333333333333,24,24,24,24,24,1
2020-06-11,제주,809.7,809.7,24,24,완전,284.907,24.370833333333337,21.9,27.1,85.66666666666667,2.975,8.041666666666666,24,24,24,24,24,1
2020-06-12,제주,603.3,603.3,24,24,완전,284.907,22.441666666666663,21.2,24.2,92.875,2.183333333333333,9.458333333333334,24,24,24,24,24,1
2020-06-13,제주,321.8,321.8,24,24,완전,284.907,25.566666666666663,23.4,27.1,89.29166666666667,3.1458333333333335,9.958333333333334,24,24,24,24,24,1
2020-06-14,제주,286.71999999999997,286.71999999999997,24,24,완전,284.907,24.75,20.8,27.6,89.83333333333333,4.470833333333333,9.791666666666666,24,24,24,24,24,1
2020-06-15,제주,1160.21,1160.21,24,24,완전,284.907,22.070833333333336,20.3,25.0,89.875,2.3833333333333333,7.958333333333333,24,24,24,24,24,1
2020-06-16,제주,1588.86,1588.86,24,24,완전,284.907,23.28333333333333,21.4,26.5,80.54166666666667,2.345833333333333,7.125,24,24,24,24,24,1
2020-06-17,제주,431.19,431.19,24,24,완전,284.907,21.216666666666665,18.3,22.7,88.79166666666667,1.8791666666666669,9.875,24,24,24,24,24,1
2020-06-18,제주,167.19,167.19,24,24,완전,284.907,19.420833333333334,18.3,21.6,95.5,4.304166666666666,10.0,24,24,24,24,24,1
2020-06-19,제주,869.7,869.7,24,24,완전,284.907,19.9,18.3,22.1,92.91666666666669,2.1416666666666666,8.0,24,24,24,24,24,1
2020-06-20,제주,1305.42,1305.42,24,24,완전,284.907,21.995833333333337,19.8,24.3,78.33333333333333,3.0083333333333333,6.708333333333333,24,24,24,24,24,1
2020-06-21,제주,1285.86,1285.86,24,24,완전,284.907,21.7625,20.1,23.6,81.875,4.0,4.625,24,24,24,24,24,1
2020-06-22,제주,1636.24,1636.24,24,24,완전,284.907,22.6375,20.2,27.7,81.95833333333333,3.0625,2.375,24,24,24,24,24,1
2020-06-23,제주,1510.13,1510.13,24,24,완전,284.907,24.829166666666666,20.0,29.3,71.375,1.6583333333333332,4.583333333333333,24,24,24,24,24,1
2020-06-24,제주,123.4,123.4,24,24,완전,284.907,24.7875,21.9,26.3,80.875,1.95,9.375,24,24,24,24,24,1
2020-06-25,제주,259.6,259.6,24,24,완전,284.907,23.3125,21.9,24.9,92.95833333333331,2.220833333333333,9.916666666666666,24,24,24,24,24,1
2020-06-26,제주,1489.05,1489.05,24,24,완전,284.907,22.825,20.9,24.9,82.29166666666667,2.325,3.1818181818181817,24,24,24,24,22,0
2020-06-27,제주,787.24,787.24,24,24,완전,284.907,23.291666666666668,21.1,25.9,89.66666666666667,2.308333333333333,8.041666666666666,24,24,24,24,24,1
2020-06-28,제주,1249.91,1249.91,24,24,완전,284.907,23.59583333333333,21.2,28.3,79.83333333333333,2.2083333333333335,7.833333333333333,24,24,24,24,24,1
2020-06-29,제주,190.12,190.12,24,24,완전,284.907,23.116666666666664,19.2,27.1,86.83333333333333,3.141666666666667,9.583333333333334,24,24,24,24,24,1
2020-06-30,제주,1203.24,1203.24,24,24,완전,284.907,21.820833333333336,20.2,23.6,84.70833333333333,7.3125,8.458333333333334,24,24,24,24,24,1
2020-07-01,제주,1615.64,1615.64,24,24,완전,277.87,22.416666666666668,19.9,25.1,75.125,3.0875,3.625,24,24,24,24,24,1
2020-07-02,제주,1001.89,1001.89,24,24,완전,277.87,22.9375,20.3,25.0,66.16666666666667,2.1958333333333333,7.375,24,24,24,24,24,1
2020-07-03,제주,278.83,278.83,24,24,완전,277.87,21.5375,19.9,23.7,91.45833333333331,3.7291666666666665,9.958333333333334,24,24,24,24,24,1
2020-07-04,제주,368.1,368.1,24,24,완전,277.87,20.3125,19.7,21.4,91.625,2.733333333333333,9.75,24,24,24,24,24,1
2020-07-05,제주,576.8,576.8,24,24,완전,277.87,21.170833333333334,19.3,23.8,92.41666666666669,1.3333333333333333,8.666666666666666,24,24,24,24,24,1
2020-07-06,제주,332.37,332.37,24,24,완전,277.87,22.45,21.0,24.8,95.5,1.55,9.652173913043478,24,24,24,24,23,0
2020-07-07,제주,418.17,418.17,24,24,완전,277.87,22.508333333333336,21.2,24.3,95.29166666666669,1.7416666666666665,7.583333333333333,24,24,24,24,24,1
2020-07-08,제주,1397.31,1397.31,24,24,완전,277.87,22.416666666666668,20.1,25.0,90.33333333333331,2.025,7.833333333333333,24,24,24,24,24,1
2020-07-09,제주,898.53,898.53,24,24,완전,277.87,23.008333333333336,21.0,27.5,91.91666666666669,2.0458333333333334,8.25,24,24,24,24,24,1
2020-07-10,제주,948.05,948.05,24,24,완전,277.87,25.195833333333336,22.9,29.8,89.91666666666667,3.420833333333333,7.714285714285714,24,24,24,24,21,0
2020-07-11,제주,728.0600000000001,728.0600000000001,24,24,완전,277.87,23.566666666666663,22.6,25.6,87.75,2.154166666666667,8.157894736842104,24,24,24,24,19,0
2020-07-12,제주,243.41,243.41,24,24,완전,277.87,24.3,22.8,26.0,89.83333333333333,2.6416666666666666,9.565217391304348,24,24,24,24,23,0
2020-07-13,제주,315.16,315.16,24,24,완전,277.87,26.0625,23.0,30.4,85.75,5.529166666666666,9.909090909090908,24,24,24,24,22,0
2020-07-14,제주,808.12,808.12,24,24,완전,277.87,21.795833333333334,20.0,23.2,85.33333333333333,4.991666666666666,9.708333333333334,24,24,24,24,24,1
2020-07-15,제주,871.66,871.66,24,24,완전,277.87,21.7,20.3,24.6,84.45833333333333,2.783333333333333,8.583333333333334,24,24,24,24,24,1
2020-07-16,제주,1198.38,1198.38,24,24,완전,277.87,22.1125,20.4,24.1,80.91666666666667,2.725,6.166666666666667,24,24,24,24,24,1
2020-07-17,제주,1454.64,1454.64,24,24,완전,277.87,22.954166666666666,20.2,25.5,73.33333333333333,2.8333333333333335,3.0416666666666665,24,24,24,24,24,1
2020-07-18,제주,428.66,428.66,24,24,완전,277.87,23.9125,21.2,26.7,75.08333333333333,1.625,9.25,24,24,24,24,24,1
2020-07-19,제주,526.5,526.5,24,24,완전,277.87,28.829166666666666,23.5,34.3,71.95833333333333,3.1333333333333333,8.0,24,24,24,24,24,1
2020-07-20,제주,584.68,584.68,24,24,완전,277.87,26.933333333333337,23.3,29.8,81.83333333333333,4.3500000000000005,8.375,24,24,24,24,24,1
2020-07-21,제주,470.86,470.86,24,24,완전,277.87,24.433333333333337,22.7,26.9,89.66666666666667,1.75,9.875,24,24,24,24,24,1
2020-07-22,제주,679.43,679.43,24,24,완전,277.87,26.6625,23.9,29.9,86.20833333333333,2.7416666666666667,9.708333333333334,24,24,24,24,24,1
2020-07-23,제주,200.66,200.66,24,24,완전,277.87,26.72083333333333,23.7,30.2,83.83333333333333,3.9375,9.666666666666666,24,24,24,24,24,1
2020-07-24,제주,939.51,939.51,24,24,완전,277.87,22.941666666666663,21.4,24.8,84.875,6.629166666666666,9.166666666666666,24,24,24,24,24,1
2020-07-25,제주,1075.54,1075.54,24,24,완전,277.87,23.479166666666668,21.6,26.4,80.0,4.466666666666667,7.125,24,24,24,24,24,1
2020-07-26,제주,1428.86,1428.86,24,24,완전,277.87,23.233333333333334,20.8,25.3,81.91666666666667,2.495833333333333,3.875,24,24,24,24,24,1
2020-07-27,제주,194.52,194.52,24,24,완전,277.87,24.745833333333337,22.8,27.6,90.20833333333331,1.85,9.875,24,24,24,24,24,1
2020-07-28,제주,774.86,774.86,24,24,완전,277.87,28.354166666666668,25.1,32.8,80.875,2.6125,7.833333333333333,24,24,24,24,24,1
2020-07-29,제주,976.61,976.61,24,24,완전,277.87,27.829166666666666,25.9,30.2,84.45833333333333,1.7583333333333335,6.5,24,24,24,24,22,0
2020-07-30,제주,1149.29,1149.29,24,24,완전,277.87,28.075,25.5,30.5,82.70833333333333,1.8041666666666665,5.416666666666667,24,24,24,24,24,1
2020-07-31,제주,1265.48,1265.48,24,24,완전,277.87,26.9,25.2,28.4,87.33333333333333,1.9125,6.416666666666667,24,24,24,24,24,1
2020-08-01,제주,1105.96,1105.96,24,24,완전,278.569,27.941666666666663,25.6,30.0,75.33333333333333,1.7125,6.5,24,24,24,24,24,1
2020-08-02,제주,1151.15,1151.15,24,24,완전,278.569,29.379166666666663,27.0,33.5,72.20833333333333,2.1750000000000003,5.041666666666667,24,24,24,24,24,1
2020-08-03,제주,1040.98,1040.98,24,24,완전,278.569,28.941666666666663,26.8,31.6,74.25,2.0875,6.833333333333333,24,24,24,24,24,1
2020-08-04,제주,1173.88,1173.88,24,24,완전,278.569,29.858333333333334,27.4,34.2,73.25,1.9583333333333333,4.833333333333333,24,24,24,24,24,1
2020-08-05,제주,589.4,589.4,24,24,완전,278.569,30.2875,26.7,33.3,69.20833333333333,2.0458333333333334,8.583333333333334,24,24,24,24,24,1
2020-08-06,제주,332.24,332.24,24,24,완전,278.569,30.445833333333336,28.5,31.6,69.29166666666667,4.75,9.125,24,24,24,24,24,1
2020-08-07,제주,446.85,446.85,24,24,완전,278.569,30.379166666666663,27.9,32.5,65.625,3.775,9.208333333333334,24,24,24,24,24,1
2020-08-08,제주,518.91,518.91,24,24,완전,278.569,30.7375,29.8,32.2,63.625,5.425,8.833333333333334,24,24,24,24,24,1
2020-08-09,제주,1174.54,1174.54,24,24,완전,278.569,30.441666666666663,28.4,32.9,63.041666666666664,3.775,6.5,24,24,24,24,24,1
2020-08-10,제주,484.78,484.78,24,24,완전,278.569,29.204166666666666,26.8,32.1,76.625,3.3375,8.5,24,24,24,24,24,1
2020-08-11,제주,564.67,564.67,24,24,완전,278.569,30.320833333333336,29.2,33.5,71.25,4.620833333333334,7.291666666666667,24,24,24,24,24,1
2020-08-12,제주,869.61,869.61,24,24,완전,278.569,31.0,28.3,34.2,70.375,3.2541666666666664,5.75,24,24,24,24,24,1
2020-08-13,제주,1234.74,1234.74,24,24,완전,278.569,31.141666666666666,28.3,35.5,68.58333333333333,2.7916666666666665,2.5833333333333335,24,24,24,24,24,1
2020-08-14,제주,1300.12,1300.12,24,24,완전,278.569,31.941666666666663,27.8,35.6,64.0,3.5,2.739130434782609,24,24,24,24,23,0
2020-08-15,제주,1552.25,1552.25,24,24,완전,278.569,31.179166666666664,28.0,35.7,64.29166666666667,2.2875,2.375,24,24,24,24,24,1
2020-08-16,제주,1395.03,1395.03,24,24,완전,278.569,30.058333333333337,27.8,32.6,72.08333333333333,2.2416666666666667,1.5416666666666667,24,24,24,24,24,1
2020-08-17,제주,1246.93,1246.93,24,24,완전,278.569,29.441666666666663,27.3,31.3,73.5,2.066666666666667,1.375,24,24,24,24,24,1
2020-08-18,제주,1384.04,1384.04,24,24,완전,278.569,28.813043478260873,26.9,30.6,70.66666666666667,2.2666666666666666,1.5833333333333333,24,23,24,24,24,0
2020-08-19,제주,1556.13,1556.13,24,24,완전,278.569,28.333333333333332,26.0,30.2,73.70833333333333,2.066666666666667,1.0833333333333333,24,24,24,24,24,1
2020-08-20,제주,1400.54,1400.54,24,24,완전,278.569,28.183333333333337,26.1,30.8,75.58333333333333,2.066666666666667,2.0833333333333335,24,24,24,24,24,1
2020-08-21,제주,1408.95,1408.95,24,24,완전,278.569,27.925,25.6,29.9,74.75,2.7458333333333336,1.0,24,24,24,24,24,1
2020-08-22,제주,664.44,664.44,24,24,완전,278.569,27.758333333333336,25.4,32.8,81.91666666666667,2.3833333333333333,5.25,24,24,24,24,24,1
2020-08-23,제주,1016.32,1016.32,24,24,완전,278.569,28.020833333333332,25.2,31.0,80.25,2.4833333333333334,5.875,24,24,24,24,24,1
2020-08-24,제주,1330.18,1330.18,24,24,완전,278.569,29.90833333333333,27.0,34.0,70.08333333333333,2.025,2.7083333333333335,24,24,24,24,24,1
2020-08-25,제주,863.74,863.74,24,24,완전,278.569,29.7875,27.9,33.3,78.125,3.420833333333333,7.083333333333333,24,24,24,24,24,1
2020-08-26,제주,110.27,110.27,24,24,완전,278.569,28.23333333333333,26.5,29.6,79.83333333333333,6.495833333333334,9.958333333333334,24,21,24,24,24,0
2020-08-27,제주,658.0799999999999,658.0799999999999,24,24,완전,278.569,28.847826086956523,27.3,30.1,80.33333333333333,2.8249999999999997,6.541666666666667,24,23,24,24,24,0
2020-08-28,제주,1116.92,1116.92,24,24,완전,278.569,28.4875,26.5,31.8,85.375,1.5625,6.541666666666667,24,24,24,24,24,1
2020-08-29,제주,944.46,944.46,24,24,완전,278.569,28.27916666666667,26.3,30.3,83.625,1.8333333333333333,7.083333333333333,24,24,24,24,24,1
2020-08-30,제주,1296.24,1296.24,24,24,완전,278.569,28.1,26.4,30.3,85.54166666666667,1.9708333333333332,4.041666666666667,24,24,24,24,24,1
2020-08-31,제주,1066.9,1066.9,24,24,완전,278.569,27.870833333333337,26.0,30.7,80.875,3.016666666666667,5.291666666666667,24,24,24,24,24,1
2020-09-01,제주,505.66,505.66,24,24,완전,284.069,26.6125,25.7,28.0,89.54166666666667,3.7416666666666663,9.958333333333334,24,24,24,24,24,1
2020-09-02,제주,44.19,44.19,24,24,완전,284.069,25.40833333333333,23.2,27.9,95.54166666666669,11.295833333333334,10.0,24,24,24,24,24,1
2020-09-03,제주,1080.62,1080.62,24,24,완전,284.069,25.295833333333334,23.2,28.3,78.375,5.941666666666666,4.666666666666667,24,24,24,24,24,1
2020-09-04,제주,1290.78,1290.78,24,24,완전,284.069,25.3,21.7,28.6,62.791666666666664,2.3916666666666666,1.8333333333333333,24,24,24,24,24,1
2020-09-05,제주,263.63,263.63,24,24,완전,284.069,22.2375,19.5,24.0,74.91666666666667,2.5,9.791666666666666,24,24,24,24,24,1
2020-09-06,제주,153.12,153.12,24,24,완전,284.069,21.566666666666663,20.7,23.0,94.20833333333331,3.7083333333333335,10.0,24,24,24,24,24,1
2020-09-07,제주,717.6800000000001,717.6800000000001,24,24,완전,284.069,22.829166666666666,20.8,26.2,88.83333333333333,7.075,7.083333333333333,24,24,24,24,24,1
2020-09-08,제주,1182.14,1182.14,24,24,완전,284.069,26.34583333333333,23.3,29.4,67.875,2.7583333333333333,0.9583333333333334,24,24,24,24,24,1
2020-09-09,제주,1132.98,1132.98,24,24,완전,284.069,25.995833333333337,24.5,28.0,66.91666666666667,2.533333333333333,4.666666666666667,24,24,24,24,24,1
2020-09-10,제주,956.92,956.92,24,24,완전,284.069,24.566666666666663,22.9,26.0,71.25,2.1374999999999997,8.208333333333334,24,24,24,24,24,1
2020-09-11,제주,330.2,330.2,24,24,완전,284.069,23.558333333333337,22.0,25.5,73.58333333333333,2.183333333333333,9.916666666666666,24,24,24,24,24,1
2020-09-12,제주,778.0699999999999,778.0699999999999,24,24,완전,284.069,22.975,21.9,24.5,82.29166666666667,1.6416666666666666,7.208333333333333,24,24,24,24,24,1
2020-09-13,제주,528.54,528.54,24,24,완전,284.069,23.145833333333332,21.7,25.3,84.29166666666667,1.8666666666666665,7.916666666666667,24,24,24,24,24,1
2020-09-14,제주,718.02,718.02,24,24,완전,284.069,23.2375,21.9,25.0,84.79166666666667,2.558333333333333,7.541666666666667,24,24,24,24,24,1
2020-09-15,제주,773.54,773.54,24,24,완전,284.069,23.6,21.2,25.5,79.25,1.8875,8.166666666666666,24,24,24,24,24,1
2020-09-16,제주,533.35,533.35,24,24,완전,284.069,23.670833333333334,21.7,27.5,88.45833333333333,1.6833333333333331,8.875,24,24,24,24,24,1
2020-09-17,제주,179.24,179.24,24,24,완전,284.069,21.525,19.4,23.3,91.25,1.6708333333333334,9.833333333333334,24,24,24,24,24,1
2020-09-18,제주,364.5,364.5,24,24,완전,284.069,20.475,18.5,22.7,77.29166666666667,1.8791666666666669,9.125,24,24,24,24,24,1
2020-09-19,제주,1036.1,1036.1,24,24,완전,284.069,21.054166666666667,17.2,24.7,60.416666666666664,2.1666666666666665,5.291666666666667,24,24,24,24,24,1
2020-09-20,제주,1480.89,1480.89,24,24,완전,284.069,21.895833333333332,18.3,25.1,56.041666666666664,2.025,0.8333333333333334,24,24,24,24,24,1
2020-09-21,제주,1081.78,1081.78,24,24,완전,284.069,21.329166666666666,18.6,23.9,62.791666666666664,2.4916666666666667,4.791666666666667,24,24,24,24,24,1
2020-09-22,제주,772.59,772.59,24,24,완전,284.069,21.058333333333337,19.6,22.4,69.91666666666667,3.6041666666666665,7.5,24,24,24,24,24,1
2020-09-23,제주,339.37,339.37,24,24,완전,284.069,20.995833333333337,20.1,21.7,76.125,2.766666666666667,9.125,24,24,24,24,24,1
2020-09-24,제주,336.07,336.07,24,24,완전,284.069,21.40416666666667,20.7,22.6,77.83333333333333,2.629166666666667,9.916666666666666,24,24,24,24,24,1
2020-09-25,제주,1355.01,1355.01,24,24,완전,284.069,22.508333333333336,20.1,24.6,73.33333333333333,1.6583333333333332,5.458333333333333,24,24,24,24,24,1
2020-09-26,제주,1027.79,1027.79,24,24,완전,284.069,22.2,20.7,25.4,69.25,2.275,5.041666666666667,24,24,24,24,24,1
2020-09-27,제주,1230.98,1230.98,24,24,완전,284.069,21.191666666666663,19.2,23.4,73.54166666666667,2.908333333333333,4.291666666666667,24,24,24,24,24,1
2020-09-28,제주,1226.33,1226.33,24,24,완전,284.069,20.929166666666667,19.4,23.3,66.79166666666667,2.9458333333333333,3.5416666666666665,24,24,24,24,24,1
2020-09-29,제주,1349.63,1349.63,24,24,완전,284.069,20.966666666666665,18.3,23.5,62.25,1.9833333333333336,4.375,24,24,24,24,24,1
2020-09-30,제주,1303.53,1303.53,24,24,완전,284.069,21.775,19.0,24.7,69.20833333333333,2.15,3.9583333333333335,24,24,24,24,24,1
2020-10-01,제주,878.51,878.51,24,24,완전,295.678,21.504166666666663,19.6,23.4,75.45833333333333,2.0500000000000003,5.375,24,24,24,24,24,1
2020-10-02,제주,1192.01,1192.01,24,24,완전,295.678,21.5125,18.0,24.8,63.333333333333336,1.9458333333333335,3.625,24,24,24,24,24,1
2020-10-03,제주,897.24,897.24,24,24,완전,295.678,22.358333333333334,20.2,24.3,67.875,1.6625,8.541666666666666,24,24,24,24,24,1
2020-10-04,제주,394.49,394.49,24,24,완전,295.678,21.4375,19.9,23.5,78.125,2.2875,10.0,24,24,24,24,24,1
2020-10-05,제주,1502.54,1502.54,24,24,완전,295.678,18.504166666666663,16.8,19.9,54.333333333333336,4.954166666666667,5.0,24,24,24,24,24,1
2020-10-06,제주,1549.94,1549.94,24,24,완전,295.678,18.554166666666667,17.1,20.2,52.458333333333336,3.0625,4.083333333333333,24,24,24,24,24,1
2020-10-07,제주,1274.67,1274.67,24,24,완전,295.678,20.020833333333332,17.0,21.9,58.291666666666664,3.7875,5.125,24,24,24,24,24,1
2020-10-08,제주,1129.14,1129.14,24,24,완전,295.678,20.525,19.4,22.1,59.25,5.804166666666667,5.708333333333333,24,24,24,24,24,1
2020-10-09,제주,735.9,735.9,24,24,완전,295.678,20.004166666666663,18.8,21.4,57.583333333333336,4.958333333333333,7.875,24,24,24,24,24,1
2020-10-10,제주,809.39,809.39,24,24,완전,295.678,20.3,19.0,22.0,64.5,2.1708333333333334,7.208333333333333,24,24,24,24,24,1
2020-10-11,제주,867.1600000000001,867.1600000000001,24,24,완전,295.678,20.520833333333332,19.3,22.6,66.45833333333333,2.1666666666666665,7.083333333333333,24,24,24,24,24,1
2020-10-12,제주,1309.46,1309.46,24,24,완전,295.678,20.5,18.1,22.9,66.83333333333333,2.8666666666666667,4.25,24,24,24,24,24,1
2020-10-13,제주,1412.89,1412.89,24,24,완전,295.678,18.579166666666666,16.7,20.7,56.125,3.0500000000000003,3.6666666666666665,24,24,24,24,24,1
2020-10-14,제주,1454.49,1454.49,24,24,완전,295.678,18.775,15.9,21.2,49.166666666666664,3.2416666666666667,2.1666666666666665,24,24,24,24,24,1
2020-10-15,제주,1235.74,1235.74,24,24,완전,295.678,17.920833333333334,15.8,19.5,46.125,2.408333333333333,6.083333333333333,24,24,24,24,24,1
2020-10-16,제주,307.83,307.83,24,24,완전,295.678,17.3,14.6,19.6,61.041666666666664,2.3208333333333333,9.541666666666666,24,24,24,24,24,1
2020-10-17,제주,1446.56,1446.56,24,24,완전,295.678,17.3,13.7,20.1,55.0,2.0791666666666666,3.5416666666666665,24,24,24,24,24,1
2020-10-18,제주,1150.08,1150.08,24,24,완전,295.678,17.633333333333333,15.8,20.5,63.75,1.8583333333333336,6.083333333333333,24,24,24,24,24,1
2020-10-19,제주,1351.73,1351.73,24,24,완전,295.678,17.712500000000002,14.4,20.9,60.0,2.283333333333333,4.791666666666667,24,24,24,24,24,1
2020-10-20,제주,1228.61,1228.61,24,24,완전,295.678,18.5375,15.7,22.0,65.29166666666667,2.7875,2.75,24,24,24,24,24,1
2020-10-21,제주,227.5,227.5,24,24,완전,295.678,18.470833333333335,16.5,22.0,74.83333333333333,2.5,9.166666666666666,24,24,24,24,24,1
2020-10-22,제주,405.99,405.99,24,24,완전,295.678,17.654166666666665,15.6,19.6,72.625,2.779166666666667,9.375,24,24,24,24,24,1
2020-10-23,제주,1143.35,1143.35,24,24,완전,295.678,15.4125,14.7,16.5,52.5,5.829166666666667,6.833333333333333,24,24,24,24,24,1
2020-10-24,제주,1316.66,1316.66,24,24,완전,295.678,15.220833333333331,14.2,17.3,53.958333333333336,4.808333333333333,5.041666666666667,24,24,24,24,24,1
2020-10-25,제주,1126.62,1126.62,24,24,완전,295.678,16.433333333333334,13.5,19.3,60.666666666666664,2.275,5.583333333333333,24,24,24,24,24,1
2020-10-26,제주,1196.14,1196.14,24,24,완전,295.678,15.55,12.2,19.3,63.541666666666664,1.9,2.2916666666666665,24,24,24,24,24,1
2020-10-27,제주,1194.11,1194.11,24,24,완전,295.678,16.1375,12.6,20.2,65.625,2.0166666666666666,3.9166666666666665,24,24,24,24,24,1
2020-10-28,제주,510.28,510.28,24,24,완전,295.678,17.404166666666665,15.9,19.5,68.0,1.7458333333333331,8.833333333333334,24,24,24,24,24,1
2020-10-29,제주,1304.45,1304.45,24,24,완전,295.678,15.745833333333332,13.0,18.4,52.166666666666664,2.5416666666666665,3.9166666666666665,24,24,24,24,24,1
2020-10-30,제주,1305.06,1305.06,24,24,완전,295.678,15.820833333333333,13.7,18.0,52.333333333333336,2.1166666666666667,2.5,24,24,24,24,24,1
2020-10-31,제주,1182.09,1182.09,24,24,완전,295.678,16.616666666666667,14.4,19.1,58.875,2.408333333333333,2.375,24,24,24,24,24,1
2020-11-01,제주,1146.67,1146.67,24,24,완전,289.532,17.766666666666666,14.3,21.9,63.166666666666664,2.1166666666666667,5.791666666666667,24,24,24,24,24,1
2020-11-02,제주,404.33,404.33,24,24,완전,289.532,16.004166666666666,13.4,18.4,73.0,1.8416666666666668,6.833333333333333,24,24,24,24,24,1
2020-11-03,제주,1020.7,1020.7,24,24,완전,289.532,13.254166666666668,11.8,14.9,55.958333333333336,4.541666666666667,4.666666666666667,24,24,24,24,24,1
2020-11-04,제주,1405.9,1405.9,24,24,완전,289.532,12.2375,9.4,14.5,53.416666666666664,3.170833333333333,3.7083333333333335,24,24,24,24,24,1
2020-11-05,제주,1138.93,1138.93,24,24,완전,289.532,13.333333333333334,8.4,17.8,58.125,2.379166666666667,5.75,24,24,24,24,24,1
2020-11-06,제주,268.85,268.85,24,24,완전,289.532,17.666666666666668,13.8,21.0,68.375,1.3375,7.291666666666667,24,24,24,24,24,1
2020-11-07,제주,534.71,534.71,24,24,완전,289.532,17.900000000000002,15.3,20.5,82.54166666666667,1.5708333333333335,5.916666666666667,24,24,24,24,24,1
2020-11-08,제주,1263.05,1263.05,24,24,완전,289.532,14.941666666666668,11.7,18.7,54.083333333333336,3.7875,1.0833333333333333,24,24,24,24,24,1
2020-11-09,제주,1373.34,1373.34,24,24,완전,289.532,12.183333333333332,11.1,13.7,47.958333333333336,3.1999999999999997,2.2916666666666665,24,24,24,24,24,1
2020-11-10,제주,1029.19,1029.19,24,24,완전,289.532,12.866666666666667,9.2,16.6,55.833333333333336,2.3874999999999997,1.7916666666666667,24,24,24,24,24,1
2020-11-11,제주,1237.79,1237.79,24,24,완전,289.532,12.145833333333334,8.8,15.3,60.041666666666664,2.0208333333333335,0.25,24,24,24,24,24,1
2020-11-12,제주,1028.76,1028.76,24,24,완전,289.532,14.420833333333334,11.6,17.7,69.29166666666667,2.3625000000000003,1.7916666666666667,24,24,24,24,24,1
2020-11-13,제주,1289.83,1289.83,24,24,완전,289.532,14.233333333333334,10.8,18.4,59.625,1.9041666666666668,0.0,24,24,24,24,24,1
2020-11-14,제주,941.87,941.87,24,24,완전,289.532,15.516666666666666,12.2,18.9,67.66666666666667,2.441666666666667,2.869565217391304,24,24,24,24,23,0
2020-11-15,제주,698.34,698.34,24,24,완전,289.532,16.508333333333333,13.4,19.2,72.29166666666667,2.2125,5.166666666666667,24,24,24,24,24,1
2020-11-16,제주,371.89,371.89,24,24,완전,289.532,16.891666666666666,14.7,18.9,81.625,1.8541666666666667,8.541666666666666,24,24,24,24,24,1
2020-11-17,제주,810.73,810.73,24,24,완전,289.532,20.808333333333337,16.3,26.2,70.95833333333333,1.7208333333333334,3.5833333333333335,24,24,24,24,24,1
2020-11-18,제주,408.5,408.5,24,24,완전,289.532,22.245833333333337,18.9,24.8,67.125,2.4625,6.875,24,24,24,24,24,1
2020-11-19,제주,214.07,214.07,24,24,완전,289.532,21.183333333333337,15.7,24.9,77.08333333333333,4.679166666666666,8.583333333333334,24,24,24,24,24,1
2020-11-20,제주,647.0699999999999,647.0699999999999,24,24,완전,289.532,13.2375,11.2,15.6,69.5,4.05,9.333333333333334,24,24,24,24,24,1
2020-11-21,제주,549.64,549.64,24,24,완전,289.532,13.225,9.1,16.2,74.41666666666667,2.4291666666666667,6.695652173913044,24,24,24,24,23,0
2020-11-22,제주,152.1,152.1,24,24,완전,289.532,13.545833333333334,11.9,15.5,82.16666666666667,3.454166666666667,9.333333333333334,24,24,24,24,24,1
2020-11-23,제주,576.96,576.96,24,24,완전,289.532,10.141666666666667,9.6,11.4,61.083333333333336,4.083333333333333,9.291666666666666,24,24,24,24,24,1
2020-11-24,제주,1028.37,1028.37,24,24,완전,289.532,10.45,8.8,12.6,49.25,2.4375,5.083333333333333,24,24,24,24,24,1
2020-11-25,제주,1208.05,1208.05,24,24,완전,289.532,12.045833333333334,9.8,14.2,55.291666666666664,2.1875,4.0,24,24,24,24,24,1
2020-11-26,제주,427.17,427.17,24,24,완전,289.532,11.770833333333334,9.4,13.6,63.75,1.9166666666666667,9.458333333333334,24,24,24,24,24,1
2020-11-27,제주,340.75,340.75,24,24,완전,289.532,11.208333333333334,9.3,12.6,62.791666666666664,4.345833333333333,9.833333333333334,24,24,24,24,24,1
2020-11-28,제주,450.22,450.22,24,24,완전,289.532,8.658333333333333,8.0,9.3,56.75,5.254166666666667,9.375,24,24,24,24,24,1
2020-11-29,제주,440.67,440.67,24,24,완전,289.532,9.2,8.0,10.4,63.291666666666664,3.8833333333333337,9.25,24,24,24,24,24,1
2020-11-30,제주,486.98,486.98,24,24,완전,289.532,8.700000000000001,8.0,9.8,61.791666666666664,3.8708333333333336,8.083333333333334,24,24,24,24,24,1
2020-12-01,제주,1161.02,1161.02,24,24,완전,292.555,7.9625,6.4,9.6,52.625,2.7708333333333335,3.5,24,24,24,24,24,1
2020-12-02,제주,625.91,625.91,24,24,완전,292.555,9.170833333333333,6.3,11.9,55.083333333333336,2.466666666666667,4.25,24,24,24,24,24,1
2020-12-03,제주,695.21,695.21,24,24,완전,292.555,8.141666666666667,5.8,10.0,58.833333333333336,3.3249999999999997,4.833333333333333,24,24,24,24,24,1
2020-12-04,제주,754.54,754.54,24,24,완전,292.555,7.866666666666667,7.0,9.0,56.833333333333336,3.7375,6.583333333333333,24,24,24,24,24,1
2020-12-05,제주,936.07,936.07,24,24,완전,292.555,8.670833333333333,6.2,11.4,57.041666666666664,1.8625,5.125,24,24,24,24,24,1
2020-12-06,제주,1066.38,1066.38,24,24,완전,292.555,8.4,5.4,11.0,59.833333333333336,1.8833333333333335,1.3333333333333333,24,24,24,24,24,1
2020-12-07,제주,568.25,568.25,24,24,완전,292.555,9.845833333333331,6.5,12.4,60.291666666666664,2.2666666666666666,6.791666666666667,24,24,24,24,24,1
2020-12-08,제주,767.88,767.88,24,24,완전,292.555,8.508333333333333,7.3,9.9,64.08333333333333,3.0583333333333336,6.666666666666667,24,24,24,24,24,1
2020-12-09,제주,1027.49,1027.49,24,24,완전,292.555,7.741666666666667,4.4,10.5,62.708333333333336,1.9208333333333336,2.7916666666666665,24,24,24,24,24,1
2020-12-10,제주,482.68,482.68,24,24,완전,292.555,10.1,7.8,12.3,54.541666666666664,1.6333333333333335,8.875,24,24,24,24,24,1
2020-12-11,제주,131.05,131.05,24,24,완전,292.555,10.85,9.0,12.4,67.25,1.225,9.208333333333334,24,24,24,24,24,1
2020-12-12,제주,901.5,901.5,24,24,완전,292.555,10.008333333333333,6.9,11.5,56.708333333333336,2.9916666666666667,5.291666666666667,24,24,24,24,24,1
2020-12-13,제주,678.69,678.69,24,24,완전,292.555,8.887500000000001,6.1,14.2,56.25,3.904166666666667,7.25,24,24,24,24,24,1
2020-12-14,제주,266.8,266.8,24,24,완전,292.555,3.5124999999999997,2.2,5.9,66.125,6.379166666666666,9.708333333333334,24,24,24,24,24,1
2020-12-15,제주,491.53,491.53,24,24,완전,292.555,2.8625000000000003,2.3,3.8,64.125,4.433333333333334,8.833333333333334,24,24,24,24,24,1
2020-12-16,제주,266.74,266.74,24,24,완전,292.555,3.9583333333333335,3.4,4.8,68.45833333333333,5.029166666666667,9.083333333333334,24,24,24,24,24,1
2020-12-17,제주,713.46,713.46,24,24,완전,292.555,5.479166666666667,3.8,6.9,65.5,3.625,9.208333333333334,24,24,24,24,24,1
2020-12-18,제주,434.96,434.96,24,24,완전,292.555,7.641666666666667,6.4,9.8,60.125,3.595833333333333,9.0,24,24,24,24,24,1
2020-12-19,제주,1090.63,1090.63,24,24,완전,292.555,4.5249999999999995,2.8,6.2,54.791666666666664,4.904166666666667,5.625,24,24,24,24,24,1
2020-12-20,제주,462.56,462.56,24,24,완전,292.555,6.391666666666667,3.7,7.8,56.5,4.029166666666667,7.875,24,24,24,24,24,1
2020-12-21,제주,539.13,539.13,24,24,완전,292.555,7.845833333333334,6.6,9.0,54.375,3.3125,8.5,24,24,24,24,24,1
2020-12-22,제주,775.42,775.42,24,24,완전,292.555,9.025,6.3,12.7,52.708333333333336,2.2125,5.125,24,24,24,24,24,1
2020-12-23,제주,760.8000000000001,760.8000000000001,24,24,완전,292.555,9.6125,4.5,14.9,52.458333333333336,1.6416666666666666,6.458333333333333,24,24,24,24,24,1
2020-12-24,제주,868.9,868.9,24,24,완전,292.555,10.825,8.3,12.5,60.041666666666664,3.5875,6.958333333333333,24,24,24,24,24,1
2020-12-25,제주,888.3,888.3,24,24,완전,292.555,7.166666666666667,5.1,8.7,52.291666666666664,4.066666666666666,6.875,24,24,24,24,24,1
2020-12-26,제주,927.14,927.14,24,24,완전,292.555,7.170833333333333,3.9,10.1,58.375,1.9333333333333331,4.25,24,24,24,24,24,1
2020-12-27,제주,85.35000000000001,85.35000000000001,24,24,완전,292.555,10.008333333333333,8.1,11.5,75.45833333333333,2.5083333333333333,9.916666666666666,24,24,24,24,24,1
2020-12-28,제주,1105.58,1105.58,24,24,완전,292.555,11.3625,8.4,14.1,75.5,2.004166666666667,3.5,24,24,24,24,24,1
2020-12-29,제주,259.93,259.93,24,24,완전,292.555,10.208333333333334,4.1,13.9,77.625,3.720833333333333,8.791666666666666,24,24,24,24,24,1
2020-12-30,제주,250.09,250.09,24,24,완전,292.555,1.4375,-1.4,4.2,74.54166666666667,8.558333333333334,9.458333333333334,24,24,24,24,24,1
2020-12-31,제주,209.94,209.94,24,24,완전,292.555,2.3583333333333334,-0.1,4.4,69.83333333333333,6.1875,8.791666666666666,24,24,24,24,24,1
2021-01-01,제주,234.42,234.42,24,24,완전,289.459,5.3,4.2,6.9,53.791666666666664,3.908333333333333,9.041666666666666,24,24,24,24,24,1
2021-01-02,제주,541.93,541.93,24,24,완전,289.459,6.241666666666667,3.1,7.7,55.541666666666664,4.441666666666666,7.041666666666667,24,24,24,24,24,1
2021-01-03,제주,828.41,828.41,24,24,완전,289.459,4.25,3.0,5.5,57.958333333333336,2.595833333333333,7.208333333333333,24,24,24,24,24,1
2021-01-04,제주,808.21,808.21,24,24,완전,289.459,5.945833333333333,2.4,8.8,56.125,1.7166666666666668,5.583333333333333,24,24,24,24,24,1
2021-01-05,제주,324.46,324.46,24,24,완전,289.459,5.883333333333333,2.7,8.9,63.75,3.875,9.583333333333334,24,24,24,24,24,1
2021-01-06,제주,462.02,462.02,24,24,완전,289.459,3.7541666666666664,2.4,5.4,61.0,5.375,8.75,24,24,24,24,24,1
2021-01-07,제주,142.65,142.65,24,24,완전,289.459,-0.7333333333333334,-2.7,4.4,76.79166666666667,7.679166666666667,9.083333333333334,24,24,24,24,24,1
2021-01-08,제주,84.63,84.63,24,24,완전,289.459,-0.8958333333333334,-2.3,0.8,73.29166666666667,7.0,8.791666666666666,24,24,24,24,24,1
2021-01-09,제주,125.06,125.06,24,24,완전,289.459,1.05,-2.1,2.6,70.29166666666667,6.766666666666667,8.208333333333334,24,24,24,24,24,1
2021-01-10,제주,192.54,192.54,24,24,완전,289.459,3.3375000000000004,0.9,5.0,63.458333333333336,4.354166666666667,8.708333333333334,24,24,24,24,24,1
2021-01-11,제주,260.77,260.77,24,24,완전,289.459,3.5208333333333335,1.6,5.0,75.79166666666667,2.129166666666667,10.0,24,24,24,24,24,1
2021-01-12,제주,503.26,503.26,24,24,완전,289.459,4.595833333333333,2.7,5.8,63.125,3.7625,8.375,24,24,24,24,24,1
2021-01-13,제주,1101.26,1101.26,24,24,완전,289.459,9.670833333333333,5.3,13.1,49.041666666666664,4.445833333333334,3.0416666666666665,24,24,24,24,24,1
2021-01-14,제주,1145.44,1145.44,24,24,완전,289.459,11.141666666666666,8.2,14.9,61.541666666666664,2.4833333333333334,0.2916666666666667,24,24,24,24,24,1
2021-01-15,제주,816.13,816.13,24,24,완전,289.459,12.3,7.8,17.7,65.875,3.65,4.75,24,24,24,24,24,1
2021-01-16,제주,732.34,732.34,24,24,완전,289.459,5.495833333333334,3.0,8.5,64.54166666666667,4.658333333333333,8.875,24,24,24,24,24,1
2021-01-17,제주,370.57,370.57,24,24,완전,289.459,2.9166666666666665,2.1,4.2,70.70833333333333,5.216666666666667,9.125,24,24,24,24,24,1
2021-01-18,제주,699.42,699.42,24,24,완전,289.459,6.704166666666667,3.1,9.3,50.666666666666664,6.05,6.583333333333333,24,24,24,24,24,1
2021-01-19,제주,1373.62,1373.62,24,24,완전,289.459,4.008333333333334,2.2,5.6,51.5,2.4791666666666665,0.7083333333333334,24,24,24,24,24,1
2021-01-20,제주,937.34,937.34,24,24,완전,289.459,9.029166666666669,4.1,15.1,58.416666666666664,2.120833333333333,2.7083333333333335,24,24,24,24,24,1
2021-01-21,제주,772.33,772.33,24,24,완전,289.459,12.116666666666667,7.5,17.3,65.58333333333333,1.7916666666666667,5.791666666666667,24,24,24,24,24,1
2021-01-22,제주,119.85,119.85,24,24,완전,289.459,12.783333333333331,11.5,14.2,90.91666666666669,1.6125,10.0,24,24,24,24,24,1
2021-01-23,제주,137.73,137.73,24,24,완전,289.459,12.483333333333334,11.6,13.2,91.41666666666669,4.008333333333334,10.0,24,24,24,24,24,1
2021-01-24,제주,999.27,999.27,24,24,완전,289.459,11.6625,10.6,13.1,65.75,4.116666666666666,6.875,24,24,24,24,24,1
2021-01-25,제주,831.59,831.59,24,24,완전,289.459,12.570833333333333,11.4,15.3,65.29166666666667,3.4875000000000003,8.416666666666666,24,24,24,24,24,1
2021-01-26,제주,247.37,247.37,24,24,완전,289.459,10.770833333333334,9.2,12.7,84.75,3.3541666666666665,9.708333333333334,24,24,24,24,24,1
2021-01-27,제주,1384.07,1384.07,24,24,완전,289.459,7.754166666666666,6.1,9.6,55.375,2.3958333333333335,2.2916666666666665,24,24,24,24,24,1
2021-01-28,제주,842.55,842.55,24,24,완전,289.459,6.629166666666666,0.6,9.8,59.041666666666664,5.770833333333333,7.041666666666667,24,24,24,24,24,1
2021-01-29,제주,956.86,956.86,24,24,완전,289.459,2.470833333333333,0.8,4.6,59.75,5.429166666666667,6.791666666666667,24,24,24,24,24,1
2021-01-30,제주,1138.24,1138.24,24,24,완전,289.459,7.425,2.4,11.0,54.75,3.5708333333333333,4.291666666666667,24,24,24,24,24,1
2021-01-31,제주,715.89,715.89,24,24,완전,289.459,10.270833333333334,5.8,14.7,58.625,1.8541666666666667,6.875,24,24,24,24,24,1
2021-02-01,제주,114.67,114.67,24,24,완전,289.865,11.925,9.8,15.4,82.58333333333333,3.4,9.869565217391305,24,24,24,24,23,0
2021-02-02,제주,1256.51,1256.51,24,24,완전,289.865,4.541666666666667,3.0,10.0,58.583333333333336,4.441666666666666,5.083333333333333,24,24,24,24,24,1
2021-02-03,제주,1317.25,1317.25,24,24,완전,289.865,5.5874999999999995,3.7,8.0,48.791666666666664,2.875,3.4583333333333335,24,24,24,24,24,1
2021-02-04,제주,1449.24,1449.24,24,24,완전,289.865,6.875,3.6,9.2,58.416666666666664,3.4000000000000004,4.25,24,24,24,24,24,1
2021-02-05,제주,295.09,295.09,24,24,완전,289.865,6.579166666666667,2.3,9.8,55.708333333333336,1.5916666666666668,7.583333333333333,24,24,24,24,24,1
2021-02-06,제주,1145.3,1145.3,24,24,완전,289.865,10.6,7.7,14.4,70.91666666666667,3.2583333333333333,2.0416666666666665,24,24,24,24,24,1
2021-02-07,제주,1152.58,1152.58,24,24,완전,289.865,11.170833333333334,8.1,14.6,68.79166666666667,2.920833333333333,1.9583333333333333,24,24,24,24,24,1
2021-02-08,제주,1273.25,1273.25,24,24,완전,289.865,4.608333333333333,2.5,7.5,56.041666666666664,3.795833333333333,5.541666666666667,24,24,24,24,24,1
2021-02-09,제주,1402.48,1402.48,24,24,완전,289.865,4.6875,2.9,7.8,58.708333333333336,2.4583333333333335,4.083333333333333,24,24,24,24,24,1
2021-02-10,제주,1059.12,1059.12,24,24,완전,289.865,6.841666666666666,3.2,10.9,63.0,1.8583333333333336,5.875,24,24,24,24,24,1
2021-02-11,제주,460.02,460.02,24,24,완전,289.865,9.383333333333333,6.0,12.8,70.25,1.9833333333333336,8.833333333333334,24,24,24,24,24,1
2021-02-12,제주,459.08,459.08,24,24,완전,289.865,12.058333333333332,10.3,13.9,58.708333333333336,1.5833333333333333,8.708333333333334,24,24,24,24,24,1
2021-02-13,제주,1047.31,1047.31,24,24,완전,289.865,13.083333333333334,10.1,15.9,54.916666666666664,1.9958333333333331,6.208333333333333,24,24,24,24,24,1
2021-02-14,제주,400.78,400.78,24,24,완전,289.865,13.4,11.2,15.5,77.375,1.2208333333333334,8.583333333333334,24,24,24,24,24,1
2021-02-15,제주,553.89,553.89,24,24,완전,289.865,8.266666666666667,3.8,12.3,71.91666666666667,5.316666666666666,8.833333333333334,24,24,24,24,24,1
2021-02-16,제주,1291.11,1291.11,24,24,완전,289.865,5.6625000000000005,3.3,8.9,58.458333333333336,5.2375,6.25,24,24,24,24,24,1
2021-02-17,제주,532.3,532.3,24,24,완전,289.865,1.5416666666666667,-0.4,3.5,61.75,8.4625,8.565217391304348,24,24,24,24,23,0
2021-02-18,제주,422.57,422.57,24,24,완전,289.865,2.0208333333333335,-1.0,3.5,69.70833333333333,7.116666666666667,8.875,24,24,24,24,24,1
2021-02-19,제주,1554.51,1554.51,24,24,완전,289.865,7.9,3.3,13.0,52.458333333333336,4.054166666666666,2.3333333333333335,24,24,24,24,24,1
2021-02-20,제주,1411.11,1411.11,24,24,완전,289.865,15.220833333333331,12.0,17.5,45.833333333333336,6.104166666666667,0.0,24,24,24,24,24,1
2021-02-21,제주,1513.5,1513.5,24,24,완전,289.865,18.908333333333335,16.7,23.2,36.958333333333336,6.6125,0.25,24,24,24,24,24,1
2021-02-22,제주,1377.78,1377.78,24,24,완전,289.865,16.195833333333333,9.2,23.2,48.833333333333336,4.583333333333333,0.7916666666666666,24,24,24,24,24,1
2021-02-23,제주,1474.5,1474.5,24,24,완전,289.865,7.620833333333334,5.1,10.0,50.791666666666664,2.3958333333333335,4.875,24,24,24,24,24,1
2021-02-24,제주,1425.6,1425.6,24,24,완전,289.865,9.404166666666669,5.3,12.7,62.0,2.6083333333333334,1.875,24,24,24,24,24,1
2021-02-25,제주,470.64,470.64,24,24,완전,289.865,11.679166666666667,10.0,14.3,69.45833333333333,3.7375,7.75,24,24,24,24,24,1
2021-02-26,제주,418.21,418.21,24,24,완전,289.865,11.183333333333332,9.9,12.7,76.08333333333333,6.6375,9.791666666666666,24,24,24,24,24,1
2021-02-27,제주,603.58,603.58,24,24,완전,289.865,11.4,10.9,12.2,62.375,5.629166666666666,9.25,24,24,24,24,24,1
2021-02-28,제주,480.18,480.18,24,24,완전,289.865,13.825,11.3,16.3,73.25,3.9916666666666663,8.458333333333334,24,24,24,24,24,1
2021-03-01,제주,127.18,127.18,24,24,완전,288.53,16.204166666666666,8.0,21.5,77.41666666666667,4.2250000000000005,9.666666666666666,24,24,24,24,24,1
2021-03-02,제주,1384.2,1384.2,24,24,완전,288.53,7.545833333333333,6.3,9.4,69.08333333333333,4.325,6.791666666666667,24,24,24,24,24,1
2021-03-03,제주,1165.56,1165.56,24,24,완전,288.53,8.741666666666667,5.0,12.5,61.166666666666664,2.466666666666667,5.125,24,24,24,24,24,1
2021-03-04,제주,167.03,167.03,24,24,완전,288.53,10.6625,9.3,11.9,79.70833333333333,3.25,9.75,24,24,24,24,24,1
2021-03-05,제주,1371.43,1371.43,24,24,완전,288.53,11.808333333333332,10.8,14.0,82.66666666666667,2.1083333333333334,7.666666666666667,24,24,24,24,24,1
2021-03-06,제주,592.28,592.28,24,24,완전,288.53,11.325,9.3,13.9,76.33333333333333,2.6875,8.958333333333334,24,24,24,24,24,1
2021-03-07,제주,480.53,480.53,24,24,완전,288.53,10.179166666666664,9.4,10.7,71.95833333333333,3.6916666666666664,9.125,24,24,24,24,24,1
2021-03-08,제주,1383.52,1383.52,24,24,완전,288.53,10.258333333333333,8.8,12.2,73.625,2.7416666666666667,6.916666666666667,24,24,24,24,24,1
2021-03-09,제주,818.71,818.71,24,24,완전,288.53,10.858333333333334,8.4,12.9,60.083333333333336,2.1958333333333333,7.333333333333333,24,24,24,24,24,1
2021-03-10,제주,1509.19,1509.19,24,24,완전,288.53,11.158333333333331,7.2,15.9,60.916666666666664,2.5500000000000003,0.3333333333333333,24,24,24,24,24,1
2021-03-11,제주,779.44,779.44,24,24,완전,288.53,14.0,11.0,17.7,75.16666666666667,3.3874999999999997,8.458333333333334,24,24,24,24,24,1
2021-03-12,제주,418.42,418.42,24,24,완전,288.53,11.570833333333333,10.3,13.4,88.75,3.7625,9.75,24,24,24,24,24,1
2021-03-13,제주,1148.86,1148.86,24,24,완전,288.53,11.854166666666666,9.6,14.2,74.375,2.475,4.625,24,24,24,24,24,1
2021-03-14,제주,1569.51,1569.51,24,24,완전,288.53,11.320833333333333,8.6,14.5,67.58333333333333,1.95,0.25,24,24,24,24,24,1
2021-03-15,제주,1220.38,1220.38,24,24,완전,288.53,13.066666666666668,8.0,17.5,61.416666666666664,1.9625,6.625,24,24,24,24,24,1
2021-03-16,제주,1068.58,1068.58,24,24,완전,288.53,13.6,8.5,19.1,75.625,3.6,5.416666666666667,24,24,24,24,24,1
2021-03-17,제주,1608.09,1608.09,24,24,완전,288.53,11.0,6.4,15.2,65.375,2.7083333333333335,2.4583333333333335,24,24,24,24,24,1
2021-03-18,제주,1178.06,1178.06,24,24,완전,288.53,13.591666666666669,11.1,16.0,74.29166666666667,3.220833333333333,6.5,24,24,24,24,24,1
2021-03-19,제주,702.1,702.1,24,24,완전,288.53,14.283333333333331,13.2,15.9,76.66666666666667,3.2624999999999997,9.0,24,24,24,24,24,1
2021-03-20,제주,206.82,206.82,24,24,완전,288.53,13.1125,10.7,15.5,93.08333333333331,3.3833333333333333,9.916666666666666,24,24,24,24,24,1
2021-03-21,제주,1347.65,1347.65,24,24,완전,288.53,9.304166666666667,7.4,12.1,64.54166666666667,5.758333333333333,7.666666666666667,24,24,24,24,24,1
2021-03-22,제주,1835.47,1835.47,24,24,완전,288.53,9.4125,6.5,12.2,46.583333333333336,5.466666666666666,2.9166666666666665,24,24,24,24,24,1
2021-03-23,제주,1657.74,1657.74,24,24,완전,288.53,12.3125,9.1,15.9,52.166666666666664,3.9416666666666664,0.0833333333333333,24,24,24,24,24,1
2021-03-24,제주,1203.2,1203.2,24,24,완전,288.53,13.1375,8.9,16.7,57.291666666666664,1.9166666666666667,6.541666666666667,24,24,24,24,24,1
2021-03-25,제주,1764.48,1764.48,24,24,완전,288.53,14.1625,11.7,17.6,68.58333333333333,1.9375,1.5416666666666667,24,24,24,24,24,1
2021-03-26,제주,1757.92,1757.92,24,24,완전,288.53,14.491666666666667,10.0,20.5,53.416666666666664,2.2875,1.625,24,24,24,24,24,1
2021-03-27,제주,256.15,256.15,24,24,완전,288.53,17.2625,12.4,21.3,70.20833333333333,3.1875,7.791666666666667,24,24,24,24,24,1
2021-03-28,제주,1157.69,1157.69,24,24,완전,288.53,14.729166666666666,12.7,17.2,79.04166666666667,3.9625,5.083333333333333,24,24,24,24,24,1
2021-03-29,제주,1380.09,1380.09,24,24,완전,288.53,15.295833333333334,12.1,17.2,52.875,2.5749999999999997,5.625,24,24,24,24,24,1
2021-03-30,제주,1653.78,1653.78,24,24,완전,288.53,14.416666666666666,11.6,18.9,45.791666666666664,1.65,2.7083333333333335,24,24,24,24,24,1
2021-03-31,제주,1045.59,1045.59,24,24,완전,288.53,16.016666666666666,12.2,19.6,57.041666666666664,3.2458333333333336,7.75,24,24,24,24,24,1
2021-04-01,제주,351.73,351.73,24,24,완전,296.447,15.3875,13.9,17.3,76.16666666666667,3.8833333333333337,9.791666666666666,24,24,24,24,24,1
2021-04-02,제주,612.16,612.16,24,24,완전,296.447,16.908333333333335,13.8,19.7,79.33333333333333,4.766666666666667,9.666666666666666,24,24,24,24,24,1
2021-04-03,제주,228.63,228.63,24,24,완전,296.447,18.458333333333332,14.0,22.6,83.83333333333333,4.0249999999999995,9.208333333333334,24,24,24,24,24,1
2021-04-04,제주,479.44,479.44,24,24,완전,296.447,11.575,11.0,13.1,92.58333333333331,4.058333333333334,9.916666666666666,24,24,24,24,24,1
2021-04-05,제주,1743.1,1743.1,24,24,완전,296.447,12.495833333333332,10.7,14.3,67.0,2.970833333333333,4.041666666666667,24,24,24,24,24,1
2021-04-06,제주,1817.17,1817.17,24,24,완전,296.447,13.779166666666669,11.5,16.6,58.541666666666664,2.1374999999999997,3.5,24,24,24,24,24,1
2021-04-07,제주,1652.58,1652.58,24,24,완전,296.447,14.595833333333331,11.5,17.9,53.583333333333336,2.0,4.458333333333333,24,24,24,24,24,1
2021-04-08,제주,1578.44,1578.44,24,24,완전,296.447,14.483333333333334,11.6,18.3,49.625,2.4583333333333335,4.833333333333333,24,24,24,24,24,1
2021-04-09,제주,1428.56,1428.56,24,24,완전,296.447,13.625,9.8,17.1,56.375,2.845833333333333,2.4166666666666665,24,24,24,24,24,1
2021-04-10,제주,1623.21,1623.21,24,24,완전,296.447,14.0,11.5,16.5,61.0,3.8375,3.125,24,24,24,24,24,1
2021-04-11,제주,1709.81,1709.81,24,24,완전,296.447,16.212500000000002,12.3,20.5,51.916666666666664,3.35,4.416666666666667,24,24,24,24,24,1
2021-04-12,제주,181.13,181.13,24,24,완전,296.447,16.779166666666665,14.7,19.3,78.79166666666667,4.0625,10.0,24,24,24,24,24,1
2021-04-13,제주,1007.49,1007.49,24,24,완전,296.447,12.170833333333334,8.9,14.3,79.125,4.245833333333334,8.708333333333334,24,24,24,24,24,1
2021-04-14,제주,1594.62,1594.62,24,24,완전,296.447,10.804166666666667,8.3,14.2,55.0,3.0374999999999996,5.5,24,24,24,24,24,1
2021-04-15,제주,1588.16,1588.16,24,24,완전,296.447,13.029166666666669,8.8,17.4,55.666666666666664,2.404166666666667,5.75,24,24,24,24,24,1
2021-04-16,제주,1450.8,1450.8,24,24,완전,296.447,14.925,11.3,19.1,67.08333333333333,1.6,5.125,24,24,24,24,24,1
2021-04-17,제주,1705.65,1705.65,24,24,완전,296.447,13.975,11.4,15.9,62.625,4.1499999999999995,3.7083333333333335,24,24,24,24,24,1
2021-04-18,제주,1881.71,1881.71,24,24,완전,296.447,13.0625,11.2,16.0,48.75,4.845833333333333,1.875,24,24,24,24,24,1
2021-04-19,제주,1898.16,1898.16,24,24,완전,296.447,14.4,10.2,18.3,34.291666666666664,2.5749999999999997,0.0,24,24,24,24,24,1
2021-04-20,제주,1822.38,1822.38,24,24,완전,296.447,14.616666666666667,10.5,18.0,41.75,1.7958333333333334,1.2916666666666667,24,24,24,24,24,1
2021-04-21,제주,1590.77,1590.77,24,24,완전,296.447,17.220833333333335,12.5,22.5,51.75,1.7999999999999998,7.208333333333333,24,24,24,24,24,1
2021-04-22,제주,1156.12,1156.12,24,24,완전,296.447,21.025,16.9,25.4,45.791666666666664,3.1958333333333333,8.75,24,24,24,24,24,1
2021-04-23,제주,1398.76,1398.76,24,24,완전,296.447,19.554166666666667,16.8,23.7,64.66666666666667,4.033333333333333,8.041666666666666,24,24,24,24,24,1
2021-04-24,제주,1011.16,1011.16,24,24,완전,296.447,17.591666666666665,16.0,21.9,79.70833333333333,3.6833333333333336,6.958333333333333,24,24,24,24,24,1
2021-04-25,제주,1730.32,1730.32,24,24,완전,296.447,17.229166666666668,15.0,20.0,69.125,2.466666666666667,2.2916666666666665,24,24,24,24,24,1
2021-04-26,제주,1821.57,1821.57,24,24,완전,296.447,16.508333333333333,13.5,20.6,59.208333333333336,3.345833333333333,4.291666666666667,24,24,24,24,24,1
2021-04-27,제주,1010.19,1010.19,24,24,완전,296.447,16.854166666666668,14.1,20.9,68.58333333333333,1.9958333333333331,8.125,24,24,24,24,24,1
2021-04-28,제주,1047.35,1047.35,24,24,완전,296.447,17.158333333333335,15.4,19.1,78.875,1.9083333333333332,7.625,24,24,24,24,24,1
2021-04-29,제주,1727.73,1727.73,24,24,완전,296.447,18.6125,14.8,23.2,62.333333333333336,3.7375,4.5,24,24,24,24,24,1
2021-04-30,제주,1873.26,1873.26,24,24,완전,296.447,16.708333333333332,11.8,19.4,60.333333333333336,4.658333333333333,3.3333333333333335,24,24,24,24,24,1
2021-05-01,제주,1307.9,1307.9,24,24,완전,297.708,13.3,11.6,16.2,73.0,4.379166666666666,4.833333333333333,24,24,24,24,24,1
2021-05-02,제주,1780.45,1780.45,24,24,완전,297.708,13.845833333333331,11.3,16.1,65.125,3.9166666666666665,3.1666666666666665,24,24,24,24,24,1
2021-05-03,제주,1734.2,1734.2,24,24,완전,297.708,14.616666666666667,9.8,18.8,68.875,2.1416666666666666,4.916666666666667,24,24,24,24,24,1
2021-05-04,제주,209.35,209.35,24,24,완전,297.708,18.754166666666663,15.4,23.0,66.70833333333333,3.2375000000000003,9.541666666666666,24,24,24,24,24,1
2021-05-05,제주,1813.06,1813.06,24,24,완전,297.708,16.962500000000002,13.1,21.1,57.75,3.470833333333333,4.166666666666667,24,24,24,24,24,1
2021-05-06,제주,1759.0,1759.0,24,24,완전,297.708,18.133333333333333,13.5,22.2,44.0,1.8041666666666665,4.791666666666667,24,24,24,24,24,1
2021-05-07,제주,1562.13,1562.13,24,24,완전,297.708,19.766666666666666,14.9,26.3,55.541666666666664,3.4416666666666664,6.416666666666667,24,24,24,24,24,1
2021-05-08,제주,1464.82,1464.82,24,24,완전,297.708,18.170833333333334,13.0,24.8,53.458333333333336,2.8125,4.958333333333333,24,24,24,24,24,1
2021-05-09,제주,1717.34,1717.34,24,24,완전,297.708,18.954166666666666,15.0,22.6,57.083333333333336,2.2708333333333335,1.4583333333333333,24,24,24,24,24,1
2021-05-10,제주,1212.6,1212.6,24,24,완전,297.708,20.120833333333337,17.3,22.4,63.083333333333336,1.8583333333333336,3.5,24,24,24,24,24,1
2021-05-11,제주,304.28,304.28,24,24,완전,297.708,18.695833333333333,17.6,20.1,86.125,3.8875,9.217391304347826,24,24,24,24,23,0
2021-05-12,제주,1026.35,1026.35,24,24,완전,297.708,18.270833333333332,16.2,20.6,78.25,4.25,8.583333333333334,24,24,24,24,24,1
2021-05-13,제주,1694.33,1694.33,24,24,완전,297.708,19.5,17.7,21.6,75.625,3.4125,4.875,24,24,24,24,24,1
2021-05-14,제주,712.96,712.96,24,24,완전,297.708,21.52916666666667,17.9,25.7,80.04166666666667,2.779166666666667,9.333333333333334,24,24,24,24,24,1
2021-05-15,제주,1057.54,1057.54,24,24,완전,297.708,23.625,19.8,30.3,79.20833333333333,3.0583333333333336,8.458333333333334,24,24,24,24,24,1
2021-05-16,제주,319.92,319.92,24,24,완전,297.708,23.958333333333332,19.9,28.5,81.83333333333333,4.3875,9.916666666666666,24,24,24,24,24,1
2021-05-17,제주,751.6,751.6,24,24,완전,297.708,16.779166666666665,15.9,18.0,87.04166666666667,4.279166666666667,8.625,24,24,24,24,24,1
2021-05-18,제주,1573.2,1573.2,24,24,완전,297.708,18.329166666666666,15.3,22.6,65.875,2.8125,7.666666666666667,24,24,24,24,24,1
2021-05-19,제주,1592.55,1592.55,24,24,완전,297.708,19.54583333333333,17.2,21.6,66.5,2.120833333333333,7.625,24,24,24,24,24,1
2021-05-20,제주,370.6,370.6,24,24,완전,297.708,18.225,16.0,23.0,88.875,3.8833333333333337,9.958333333333334,24,24,24,24,24,1
2021-05-21,제주,1626.19,1626.19,24,24,완전,297.708,18.1125,16.1,20.9,66.58333333333333,3.8541666666666665,6.083333333333333,24,24,24,24,24,1
2021-05-22,제주,1776.63,1776.63,24,24,완전,297.708,18.9625,17.2,21.2,70.375,2.720833333333333,4.125,24,24,24,24,24,1
2021-05-23,제주,1748.82,1748.82,24,24,완전,297.708,19.783333333333335,17.4,22.1,66.70833333333333,1.6708333333333334,5.416666666666667,24,24,24,24,24,1
2021-05-24,제주,1682.85,1682.85,24,24,완전,297.708,19.483333333333334,16.1,23.2,72.54166666666667,3.016666666666667,6.458333333333333,24,24,24,24,24,1
2021-05-25,제주,1663.94,1663.94,24,24,완전,297.708,20.091666666666665,16.2,25.0,59.125,3.8166666666666664,5.583333333333333,24,24,24,24,24,1
2021-05-26,제주,492.56,492.56,24,24,완전,297.708,19.095833333333335,15.5,24.7,51.833333333333336,1.4291666666666665,9.916666666666666,24,24,24,24,24,1
2021-05-27,제주,1334.13,1334.13,24,24,완전,297.708,19.0625,15.5,23.6,82.25,2.783333333333333,5.833333333333333,24,24,24,24,24,1
2021-05-28,제주,1115.07,1115.07,24,24,완전,297.708,20.8875,16.8,28.7,62.208333333333336,3.775,3.2083333333333335,24,24,24,24,24,1
2021-05-29,제주,1818.84,1818.84,24,24,완전,297.708,19.741666666666667,16.6,22.7,64.95833333333333,2.35,1.4583333333333333,24,24,24,24,24,1
2021-05-30,제주,1753.99,1753.99,24,24,완전,297.708,21.308333333333337,16.6,26.3,64.33333333333333,1.9291666666666665,1.125,24,24,24,24,24,1
2021-05-31,제주,1725.66,1725.66,24,24,완전,297.708,21.866666666666664,19.3,25.8,67.875,1.3958333333333333,2.4166666666666665,24,24,24,24,24,1
2021-06-01,제주,1630.53,1630.53,24,24,완전,299.697,22.304166666666664,19.9,27.3,66.25,1.9958333333333331,4.166666666666667,24,24,24,24,24,1
2021-06-02,제주,734.3,734.3,24,24,완전,299.697,24.34166666666667,21.6,28.8,57.541666666666664,2.370833333333333,8.791666666666666,24,24,24,24,24,1
2021-06-03,제주,791.09,791.09,24,24,완전,299.697,23.5375,19.2,28.9,75.83333333333333,3.1958333333333333,9.333333333333334,24,24,24,24,24,1
2021-06-04,제주,1495.89,1495.89,24,24,완전,299.697,20.466666666666665,18.5,23.4,73.625,3.2916666666666665,8.291666666666666,24,24,24,24,24,1
2021-06-05,제주,1478.68,1478.68,24,24,완전,299.697,23.929166666666664,19.8,28.8,54.958333333333336,3.1791666666666667,6.458333333333333,24,24,24,24,24,1
2021-06-06,제주,1744.13,1744.13,24,24,완전,299.697,22.304166666666664,19.5,25.7,71.0,1.5375,2.125,24,24,24,24,24,1
2021-06-07,제주,1710.8,1710.8,24,24,완전,299.697,21.733333333333334,19.8,24.2,74.0,1.8,2.25,24,24,24,24,24,1
2021-06-08,제주,1391.54,1391.54,24,24,완전,299.697,24.104166666666668,20.5,28.9,73.75,1.625,5.791666666666667,24,24,24,24,24,1
2021-06-09,제주,926.05,926.05,24,24,완전,299.697,26.40416666666667,22.7,30.7,74.41666666666667,2.5875,5.208333333333333,24,24,24,24,24,1
2021-06-10,제주,449.87,449.87,24,24,완전,299.697,25.4625,22.5,27.7,70.54166666666667,2.7708333333333335,7.75,24,24,24,24,24,1
2021-06-11,제주,324.59,324.59,24,24,완전,299.697,21.9375,19.1,24.8,94.91666666666669,2.2875,9.208333333333334,24,24,24,24,24,1
2021-06-12,제주,1340.76,1340.76,24,24,완전,299.697,22.7,20.8,25.3,90.16666666666669,1.5916666666666668,7.416666666666667,24,24,24,24,24,1
2021-06-13,제주,1424.74,1424.74,24,24,완전,299.697,20.395833333333332,18.5,22.4,88.75,2.4458333333333333,7.625,24,24,24,24,24,1
2021-06-14,제주,1335.86,1335.86,24,24,완전,299.697,21.34166666666667,19.6,23.9,84.75,2.1041666666666665,8.541666666666666,24,24,24,24,24,1
2021-06-15,제주,175.0,175.0,24,24,완전,299.697,22.9375,21.4,24.9,88.08333333333333,1.9541666666666664,9.5,24,24,24,24,24,1
2021-06-16,제주,663.1,663.1,24,24,완전,299.697,21.070833333333333,20.2,21.9,90.08333333333331,3.6875,9.166666666666666,24,24,24,24,24,1
2021-06-17,제주,509.12,509.12,24,24,완전,299.697,21.370833333333337,20.8,22.3,84.45833333333333,2.783333333333333,9.458333333333334,24,24,24,24,24,1
2021-06-18,제주,568.8199999999999,568.8199999999999,24,24,완전,299.697,22.120833333333337,21.1,23.6,88.54166666666667,1.3583333333333334,9.958333333333334,24,24,24,24,24,1
2021-06-19,제주,1719.48,1719.48,24,24,완전,299.697,23.008333333333336,20.8,25.2,82.79166666666667,2.5375,5.666666666666667,24,24,24,24,24,1
2021-06-20,제주,1719.37,1719.37,24,24,완전,299.697,23.554166666666664,19.7,26.4,52.541666666666664,1.7,3.9583333333333335,24,24,24,24,24,1
2021-06-21,제주,1704.94,1704.94,24,24,완전,299.697,24.570833333333336,21.5,27.2,59.333333333333336,2.129166666666667,3.4583333333333335,24,24,24,24,24,1
2021-06-22,제주,1577.22,1577.22,24,24,완전,299.697,24.208333333333332,22.0,27.6,72.375,2.9458333333333333,3.0416666666666665,24,24,24,24,24,1
2021-06-23,제주,1095.39,1095.39,24,24,완전,299.697,23.8,21.8,25.8,76.91666666666667,2.058333333333333,4.041666666666667,24,24,24,24,24,1
2021-06-24,제주,1007.05,1007.05,24,24,완전,299.697,24.641666666666666,21.8,27.4,69.625,2.0458333333333334,6.458333333333333,24,24,24,24,24,1
2021-06-25,제주,1243.19,1243.19,24,24,완전,299.697,25.145833333333332,22.5,28.5,70.16666666666667,1.8666666666666665,7.791666666666667,24,24,24,24,24,1
2021-06-26,제주,882.59,882.59,24,24,완전,299.697,25.683333333333337,22.7,30.1,67.45833333333333,2.125,9.375,24,24,24,24,24,1
2021-06-27,제주,1155.69,1155.69,24,24,완전,299.697,24.72083333333333,23.8,27.2,78.66666666666667,3.5375,7.208333333333333,24,24,24,24,24,1
2021-06-28,제주,1145.1,1145.1,24,24,완전,299.697,24.3,23.1,26.0,80.70833333333333,3.5541666666666667,5.291666666666667,24,24,24,24,24,1
2021-06-29,제주,1186.06,1186.06,24,24,완전,299.697,24.416666666666668,22.4,26.5,77.875,3.029166666666667,4.541666666666667,24,24,24,24,24,1
2021-06-30,제주,1042.69,1042.69,24,24,완전,299.697,24.941666666666663,22.5,27.8,74.5,3.1750000000000003,5.708333333333333,24,24,24,24,24,1
2021-07-01,제주,1185.85,1185.85,24,24,완전,297.466,24.8,23.0,26.7,79.25,2.966666666666667,4.458333333333333,24,24,24,24,24,1
2021-07-02,제주,432.84,432.84,24,24,완전,297.466,24.7625,23.4,26.6,85.0,2.8083333333333336,8.625,24,24,24,24,24,1
2021-07-03,제주,242.05,242.05,24,24,완전,297.466,27.09583333333333,23.9,30.8,76.875,5.283333333333333,9.285714285714286,24,24,24,24,21,0
2021-07-04,제주,221.31,221.31,24,24,완전,297.466,24.666666666666668,22.8,28.4,89.0,3.7708333333333335,9.625,24,24,24,24,24,1
2021-07-05,제주,528.22,528.22,24,24,완전,297.466,27.641666666666666,23.4,31.2,79.04166666666667,3.7,9.625,24,24,24,24,24,1
2021-07-06,제주,693.75,693.75,24,24,완전,297.466,29.566666666666663,28.3,31.9,67.70833333333333,6.8,8.208333333333334,24,24,24,24,24,1
2021-07-07,제주,312.56,312.56,24,24,완전,297.466,28.791666666666668,26.2,31.7,78.41666666666667,4.2250000000000005,8.708333333333334,24,24,24,24,24,1
2021-07-08,제주,494.24,494.24,24,24,완전,297.466,27.916666666666668,26.6,31.0,80.625,3.6208333333333336,9.625,24,24,24,24,24,1
2021-07-09,제주,1004.11,1004.11,24,24,완전,297.466,27.383333333333336,25.2,29.7,77.91666666666667,3.7625,7.458333333333333,24,24,24,24,24,1
2021-07-10,제주,1069.4,1069.4,24,24,완전,297.466,28.03333333333333,25.7,31.8,71.95833333333333,2.7291666666666665,6.666666666666667,24,24,24,24,24,1
2021-07-11,제주,917.51,917.51,24,24,완전,297.466,28.491666666666664,25.3,32.5,74.95833333333333,1.7208333333333332,5.375,24,24,24,24,24,1
2021-07-12,제주,1295.72,1295.72,24,24,완전,297.466,28.77916666666667,26.1,32.4,77.41666666666667,2.1666666666666665,6.375,24,24,24,24,24,1
2021-07-13,제주,1057.08,1057.08,24,24,완전,297.466,28.829166666666666,26.7,31.7,73.625,1.8916666666666664,6.75,24,24,24,24,24,1
2021-07-14,제주,991.26,991.26,24,24,완전,297.466,28.979166666666668,27.6,30.7,74.79166666666667,1.525,8.25,24,24,24,24,24,1
2021-07-15,제주,1502.51,1502.51,24,24,완전,297.466,28.90833333333333,26.7,31.8,74.20833333333333,1.7708333333333333,6.25,24,24,24,24,24,1
2021-07-16,제주,1118.45,1118.45,24,24,완전,297.466,28.508333333333336,26.6,30.9,74.70833333333333,2.8791666666666664,5.916666666666667,24,24,24,24,24,1
2021-07-17,제주,1107.95,1107.95,24,24,완전,297.466,27.125,25.1,29.8,78.95833333333333,3.1833333333333336,7.833333333333333,24,24,24,24,24,1
2021-07-18,제주,959.73,959.73,24,24,완전,297.466,26.6375,23.9,30.8,79.66666666666667,2.908333333333333,8.708333333333334,24,24,24,24,24,1
2021-07-19,제주,1428.6,1428.6,24,24,완전,297.466,28.825,25.8,32.7,68.95833333333333,3.125,4.666666666666667,24,24,24,24,24,1
2021-07-20,제주,1221.23,1221.23,24,24,완전,297.466,27.870833333333337,26.6,29.6,81.91666666666667,3.1916666666666664,7.166666666666667,24,24,24,24,24,1
2021-07-21,제주,1397.31,1397.31,24,24,완전,297.466,27.65,26.0,29.2,83.625,3.3958333333333335,4.916666666666667,24,24,24,24,24,1
2021-07-22,제주,1300.67,1300.67,24,24,완전,297.466,27.625,26.4,29.6,83.375,3.5708333333333333,6.083333333333333,24,24,24,24,24,1
2021-07-23,제주,706.83,706.83,24,24,완전,297.466,27.083333333333332,26.4,29.0,86.125,3.3375,9.166666666666666,24,24,24,24,24,1
2021-07-24,제주,1091.27,1091.27,24,24,완전,297.466,27.920833333333334,26.0,31.6,81.20833333333333,3.233333333333333,8.75,24,24,24,24,24,1
2021-07-25,제주,420.89,420.89,24,24,완전,297.466,27.4,26.1,28.2,79.29166666666667,3.35,9.958333333333334,24,24,24,24,24,1
2021-07-26,제주,469.75,469.75,24,24,완전,297.466,28.054166666666664,26.9,30.3,72.375,3.6041666666666665,9.166666666666666,24,24,24,24,24,1
2021-07-27,제주,1506.57,1506.57,24,24,완전,297.466,29.1375,26.3,32.9,66.04166666666667,3.3958333333333335,3.5416666666666665,24,24,24,24,24,1
2021-07-28,제주,1501.99,1501.99,24,24,완전,297.466,29.34583333333333,26.1,33.4,65.20833333333333,3.0625,2.2916666666666665,24,24,24,24,24,1
2021-07-29,제주,1539.29,1539.29,24,24,완전,297.466,28.679166666666664,25.5,32.7,68.70833333333333,2.2083333333333335,5.75,24,24,24,24,24,1
2021-07-30,제주,783.5,783.5,24,24,완전,297.466,28.020833333333332,25.7,29.8,76.54166666666667,1.5583333333333331,6.166666666666667,24,24,24,24,24,1
2021-07-31,제주,725.68,725.68,24,24,완전,297.466,27.254166666666663,25.5,29.1,92.29166666666669,1.1833333333333331,9.125,24,24,24,24,24,1
2021-08-01,제주,1232.09,1232.09,24,24,완전,302.092,28.491666666666664,26.3,31.8,83.95833333333333,1.6833333333333331,7.083333333333333,24,24,24,24,24,1
2021-08-02,제주,959.02,959.02,24,24,완전,302.092,27.72083333333333,26.1,29.5,87.125,1.9458333333333335,7.625,24,24,24,24,24,1
2021-08-03,제주,1114.24,1114.24,24,24,완전,302.092,29.016666666666666,26.0,32.9,76.20833333333333,2.154166666666667,7.416666666666667,24,24,24,24,24,1
2021-08-04,제주,1356.12,1356.12,24,24,완전,302.092,29.766666666666666,26.3,33.2,65.16666666666667,2.8208333333333333,4.041666666666667,24,24,24,24,24,1
2021-08-05,제주,1371.32,1371.32,24,24,완전,302.092,29.90416666666667,27.5,32.5,66.875,2.308333333333333,2.7916666666666665,24,24,24,24,24,1
2021-08-06,제주,1586.95,1586.95,24,24,완전,302.092,28.870833333333337,26.5,31.4,75.20833333333333,2.5083333333333333,1.0833333333333333,24,24,24,24,24,1
2021-08-07,제주,1358.58,1358.58,24,24,완전,302.092,28.90833333333333,27.0,30.8,74.41666666666667,1.9958333333333331,2.875,24,24,24,24,24,1
2021-08-08,제주,525.39,525.39,24,24,완전,302.092,27.96666666666667,26.8,29.0,80.875,2.529166666666667,7.916666666666667,24,24,24,24,24,1
2021-08-09,제주,1313.66,1313.66,24,24,완전,302.092,28.28333333333333,26.5,31.1,79.33333333333333,3.3166666666666664,5.208333333333333,24,24,24,24,24,1
2021-08-10,제주,1255.74,1255.74,24,24,완전,302.092,27.995833333333337,26.6,30.4,74.41666666666667,1.95,7.208333333333333,24,24,24,24,24,1
2021-08-11,제주,479.73,479.73,24,24,완전,302.092,25.633333333333336,23.5,26.8,89.0,2.6125000000000003,9.666666666666666,24,24,24,24,24,1
2021-08-12,제주,441.83,441.83,24,24,완전,302.092,25.7875,24.3,28.7,87.95833333333333,1.8541666666666667,9.416666666666666,24,24,24,24,24,1
2021-08-13,제주,416.94,416.94,24,24,완전,302.092,24.566666666666663,23.3,26.0,87.91666666666667,2.283333333333333,9.833333333333334,24,24,24,24,24,1
2021-08-14,제주,249.28,249.28,24,24,완전,302.092,23.183333333333337,22.2,24.3,93.625,2.7583333333333333,9.958333333333334,24,24,24,24,24,1
2021-08-15,제주,398.51,398.51,24,24,완전,302.092,24.75,22.9,26.4,84.04166666666667,2.1750000000000003,9.375,24,24,24,24,24,1
2021-08-16,제주,576.94,576.94,24,24,완전,302.092,24.633333333333336,23.7,25.8,85.625,3.5583333333333336,9.375,24,24,24,24,24,1
2021-08-17,제주,1284.64,1284.64,24,24,완전,302.092,25.479166666666668,23.4,27.9,75.91666666666667,1.9541666666666664,6.583333333333333,24,24,24,24,24,1
2021-08-18,제주,1228.47,1228.47,24,24,완전,302.092,26.004166666666663,23.3,28.6,71.54166666666667,2.3833333333333333,2.7083333333333335,24,24,24,24,24,1
2021-08-19,제주,1045.84,1045.84,24,24,완전,302.092,25.6625,23.4,27.7,70.125,1.8541666666666667,5.083333333333333,24,24,24,24,24,1
2021-08-20,제주,1170.85,1170.85,24,24,완전,302.092,27.583333333333332,23.4,31.6,64.95833333333333,1.8625,5.25,24,24,24,24,24,1
2021-08-21,제주,137.54,137.54,24,24,완전,302.092,26.958333333333332,24.7,29.1,80.125,3.1833333333333336,9.333333333333334,24,24,24,24,24,1
2021-08-22,제주,211.58,211.58,24,24,완전,302.092,26.09166666666667,25.2,27.4,89.16666666666667,1.4875,8.666666666666666,24,24,24,24,24,1
2021-08-23,제주,666.68,666.68,24,24,완전,302.092,26.95,25.3,30.5,84.79166666666667,2.6083333333333334,9.5,24,24,24,24,24,1
2021-08-24,제주,350.87,350.87,24,24,완전,302.092,28.775,26.8,30.8,80.79166666666667,5.233333333333333,9.75,24,24,24,24,24,1
2021-08-25,제주,312.2,312.2,24,24,완전,302.092,27.758333333333336,24.4,30.3,85.45833333333333,2.875,8.541666666666666,24,24,24,24,24,1
2021-08-26,제주,1308.03,1308.03,24,24,완전,302.092,27.4,25.8,29.3,83.04166666666667,2.1625,6.791666666666667,24,24,24,24,24,1
2021-08-27,제주,1317.47,1317.47,24,24,완전,302.092,29.333333333333332,26.1,32.7,69.625,3.641666666666666,3.6666666666666665,24,24,24,24,24,1
2021-08-28,제주,1159.08,1159.08,24,24,완전,302.092,29.479166666666668,27.0,32.7,70.29166666666667,4.104166666666667,4.666666666666667,24,24,24,24,24,1
2021-08-29,제주,1318.13,1318.13,24,24,완전,302.092,28.975,25.4,32.8,66.58333333333333,3.0583333333333336,2.5416666666666665,24,24,24,24,24,1
2021-08-30,제주,1183.79,1183.79,24,24,완전,302.092,28.183333333333337,26.7,30.6,78.0,2.1416666666666666,5.875,24,24,24,24,24,1
2021-08-31,제주,1431.81,1431.81,24,24,완전,302.092,27.78333333333333,25.1,30.0,72.75,1.8083333333333331,4.833333333333333,24,24,24,24,24,1
2021-09-01,제주,864.83,864.83,24,24,완전,303.685,28.691666666666663,25.8,33.2,74.54166666666667,3.5500000000000003,8.291666666666666,24,24,24,24,24,1
2021-09-02,제주,529.0,529.0,24,24,완전,303.685,25.045833333333334,23.0,27.3,86.125,2.095833333333333,9.041666666666666,24,24,24,24,24,1
2021-09-03,제주,622.57,622.57,24,24,완전,303.685,24.21666666666667,23.4,25.4,94.375,3.016666666666667,8.625,24,24,24,24,24,1
2021-09-04,제주,859.37,859.37,24,24,완전,303.685,25.34583333333333,23.2,28.6,83.04166666666667,3.2624999999999997,7.958333333333333,24,24,24,24,24,1
2021-09-05,제주,221.39,221.39,24,24,완전,303.685,24.525,23.6,26.3,86.66666666666667,3.2583333333333333,9.375,24,24,24,24,24,1
2021-09-06,제주,519.4499999999999,519.4499999999999,24,24,완전,303.685,25.4625,23.6,28.2,82.20833333333333,3.8791666666666664,9.083333333333334,24,24,24,24,24,1
2021-09-07,제주,831.0799999999999,831.0799999999999,24,24,완전,303.685,26.420833333333334,24.5,30.5,83.33333333333333,3.3333333333333335,7.833333333333333,24,24,24,24,24,1
2021-09-08,제주,1401.55,1401.55,24,24,완전,303.685,25.275,22.7,28.5,75.08333333333333,3.4333333333333336,5.208333333333333,24,24,24,24,24,1
2021-09-09,제주,1469.56,1469.56,24,24,완전,303.685,25.041666666666668,20.9,29.4,75.45833333333333,2.5833333333333335,4.625,24,24,24,24,24,1
2021-09-10,제주,303.90999999999997,303.90999999999997,24,24,완전,303.685,24.108333333333334,21.8,26.7,86.91666666666667,2.2041666666666666,9.375,24,24,24,24,24,1
2021-09-11,제주,1055.25,1055.25,24,24,완전,303.685,25.370833333333337,22.6,28.4,85.75,2.779166666666667,5.25,24,24,24,24,24,1
2021-09-12,제주,942.36,942.36,24,24,완전,303.685,25.6125,23.8,27.6,87.54166666666667,3.1125000000000003,9.208333333333334,24,24,24,24,24,1
2021-09-13,제주,156.18,156.18,24,24,완전,303.685,24.7125,23.1,26.2,92.29166666666669,4.316666666666666,10.0,24,24,24,24,24,1
2021-09-14,제주,229.62,229.62,24,24,완전,303.685,24.0625,23.1,25.2,98.66666666666669,5.820833333333333,10.0,24,24,24,24,24,1
2021-09-15,제주,311.82,311.82,24,24,완전,303.685,23.53333333333333,22.3,24.3,87.33333333333333,6.091666666666666,9.416666666666666,24,24,24,24,24,1
2021-09-16,제주,75.89,75.89,24,24,완전,303.685,22.820833333333336,22.1,23.5,94.20833333333331,6.020833333333333,9.666666666666666,24,24,24,24,24,1
2021-09-17,제주,466.92,466.92,24,24,완전,303.685,23.458333333333332,22.3,25.6,95.95833333333331,6.683333333333334,9.416666666666666,24,24,24,24,24,1
2021-09-18,제주,843.41,843.41,24,24,완전,303.685,24.7875,22.7,29.0,82.79166666666667,2.5833333333333335,6.208333333333333,24,24,24,24,24,1
2021-09-19,제주,1235.35,1235.35,24,24,완전,303.685,24.383333333333336,21.9,27.0,79.54166666666667,3.0583333333333336,3.0,24,24,24,24,24,1
2021-09-20,제주,1324.92,1324.92,24,24,완전,303.685,26.166666666666668,22.4,31.2,76.75,2.1083333333333334,3.3333333333333335,24,24,24,24,24,1
2021-09-21,제주,864.15,864.15,24,24,완전,303.685,25.3,22.3,28.7,79.41666666666667,3.1374999999999997,6.041666666666667,24,24,24,24,24,1
2021-09-22,제주,1353.8,1353.8,24,24,완전,303.685,26.933333333333337,21.8,31.5,71.0,3.5749999999999997,0.5416666666666666,24,24,24,24,24,1
2021-09-23,제주,1429.17,1429.17,24,24,완전,303.685,25.225,21.3,28.7,72.58333333333333,2.3249999999999997,4.375,24,24,24,24,24,1
2021-09-24,제주,1120.13,1120.13,24,24,완전,303.685,23.291666666666668,19.1,27.9,73.125,2.908333333333333,3.2916666666666665,24,24,24,24,24,1
2021-09-25,제주,966.12,966.12,24,24,완전,303.685,24.104166666666668,22.1,26.5,82.04166666666667,3.6458333333333335,7.333333333333333,24,24,24,24,24,1
2021-09-26,제주,1047.44,1047.44,24,24,완전,303.685,24.545833333333334,22.7,28.3,78.33333333333333,3.5208333333333335,6.666666666666667,24,24,24,24,24,1
2021-09-27,제주,944.32,944.32,24,24,완전,303.685,24.054166666666664,22.2,27.4,80.58333333333333,3.2083333333333335,6.416666666666667,24,24,24,24,24,1
2021-09-28,제주,778.4,778.4,24,24,완전,303.685,25.070833333333336,23.2,27.6,85.125,3.091666666666667,8.041666666666666,24,24,24,24,24,1
2021-09-29,제주,1129.25,1129.25,24,24,완전,303.685,26.145833333333332,23.2,29.4,83.5,1.6416666666666666,5.083333333333333,24,24,24,24,24,1
2021-09-30,제주,782.37,782.37,24,24,완전,303.685,23.15833333333333,22.0,25.3,93.70833333333331,2.5083333333333333,8.458333333333334,24,24,24,24,24,1
2021-10-01,제주,1423.39,1423.39,24,24,완전,309.614,23.116666666666664,19.5,27.0,83.375,2.0625,1.8333333333333333,24,24,24,24,24,1
2021-10-02,제주,1452.35,1452.35,24,24,완전,309.614,23.4125,19.6,27.8,75.79166666666667,2.1458333333333335,0.7916666666666666,24,24,24,24,24,1
2021-10-03,제주,1458.32,1458.32,24,24,완전,309.614,24.629166666666663,19.3,31.0,68.33333333333333,2.5124999999999997,0.0,24,24,24,24,24,1
2021-10-04,제주,1265.65,1265.65,24,24,완전,309.614,25.35,21.7,29.6,71.45833333333333,1.9791666666666667,4.25,24,24,24,24,24,1
2021-10-05,제주,1089.29,1089.29,24,24,완전,309.614,25.5375,21.4,30.5,76.125,1.8708333333333331,2.2083333333333335,24,24,24,24,24,1
2021-10-06,제주,1101.98,1101.98,24,24,완전,309.614,24.979166666666668,22.6,27.5,81.0,2.7375000000000003,3.1666666666666665,24,24,24,24,24,1
2021-10-07,제주,1191.1,1191.1,24,24,완전,309.614,24.5875,21.3,28.1,77.54166666666667,2.2624999999999997,2.2916666666666665,24,24,24,24,24,1
2021-10-08,제주,966.96,966.96,24,24,완전,309.614,24.4375,21.8,27.3,81.58333333333333,3.0416666666666665,3.7083333333333335,24,24,24,24,24,1
2021-10-09,제주,470.17,470.17,24,24,완전,309.614,24.1625,23.5,25.4,93.16666666666669,2.6125000000000003,7.166666666666667,24,24,24,24,24,1
2021-10-10,제주,753.29,753.29,24,24,완전,309.614,26.0,22.3,31.3,79.04166666666667,1.2625,5.083333333333333,24,24,24,24,24,1
2021-10-11,제주,851.5400000000001,851.5400000000001,24,24,완전,309.614,22.0875,20.9,24.1,88.83333333333333,2.5625,8.833333333333334,24,24,24,24,24,1
2021-10-12,제주,453.72,453.72,24,24,완전,309.614,22.175,21.3,22.8,97.16666666666669,3.283333333333333,10.0,24,24,24,24,24,1
2021-10-13,제주,325.53,325.53,24,24,완전,309.614,22.3625,21.6,23.7,94.25,3.0749999999999997,9.041666666666666,24,24,24,24,24,1
2021-10-14,제주,811.89,811.89,24,24,완전,309.614,24.0,22.3,26.9,86.5,3.095833333333333,6.375,24,24,24,24,24,1
2021-10-15,제주,1166.33,1166.33,24,24,완전,309.614,23.454166666666666,20.7,27.1,76.33333333333333,2.5500000000000003,5.583333333333333,24,24,24,24,24,1
2021-10-16,제주,226.34,226.34,24,24,완전,309.614,17.520833333333332,14.5,21.1,77.0,6.091666666666666,9.916666666666666,24,24,24,24,24,1
2021-10-17,제주,1582.29,1582.29,24,24,완전,309.614,13.5125,11.1,15.9,56.125,6.291666666666667,3.5416666666666665,24,24,24,24,24,1
2021-10-18,제주,1392.91,1392.91,24,24,완전,309.614,13.691666666666668,9.0,18.2,59.458333333333336,2.191666666666667,3.5833333333333335,24,24,24,24,24,1
2021-10-19,제주,1091.6,1091.6,24,24,완전,309.614,15.891666666666666,12.3,20.1,63.666666666666664,4.054166666666666,5.833333333333333,24,24,24,24,24,1
2021-10-20,제주,498.47,498.47,24,24,완전,309.614,14.541666666666666,13.7,16.3,58.791666666666664,3.1166666666666667,8.791666666666666,24,24,24,24,24,1
2021-10-21,제주,1190.3,1190.3,24,24,완전,309.614,15.695833333333333,13.6,18.8,61.666666666666664,3.1958333333333333,7.291666666666667,24,24,24,24,24,1
2021-10-22,제주,1197.01,1197.01,24,24,완전,309.614,16.316666666666666,15.0,19.0,58.75,5.358333333333333,4.166666666666667,24,24,24,24,24,1
2021-10-23,제주,1381.47,1381.47,24,24,완전,309.614,16.170833333333334,12.2,19.9,59.666666666666664,2.6999999999999997,1.6666666666666667,24,24,24,24,24,1
2021-10-24,제주,674.04,674.04,24,24,완전,309.614,17.129166666666666,13.8,20.4,68.83333333333333,2.3333333333333335,8.5,24,24,24,24,24,1
2021-10-25,제주,1423.18,1423.18,24,24,완전,309.614,17.154166666666665,14.2,20.7,67.83333333333333,2.3208333333333333,2.9583333333333335,24,24,24,24,24,1
2021-10-26,제주,1413.88,1413.88,24,24,완전,309.614,16.041666666666668,12.3,21.0,62.791666666666664,2.625,3.25,24,24,24,24,24,1
2021-10-27,제주,1212.63,1212.63,24,24,완전,309.614,17.495833333333334,13.9,21.8,67.29166666666667,2.8541666666666665,3.9166666666666665,24,24,24,24,24,1
2021-10-28,제주,1492.28,1492.28,24,24,완전,309.614,16.662499999999998,13.4,20.7,61.5,2.220833333333333,2.5,24,24,24,24,24,1
2021-10-29,제주,1083.18,1083.18,24,24,완전,309.614,18.295833333333334,16.1,21.1,70.29166666666667,3.275,4.125,24,24,24,24,24,1
2021-10-30,제주,597.7,597.7,24,24,완전,309.614,17.462500000000002,14.9,21.4,73.83333333333333,2.216666666666667,6.833333333333333,24,24,24,24,24,1
2021-10-31,제주,1369.44,1369.44,24,24,완전,309.614,17.2375,13.6,21.8,68.58333333333333,2.2583333333333333,1.7083333333333333,24,24,24,24,24,1
2021-11-01,제주,1088.69,1088.69,24,24,완전,313.437,17.537499999999998,14.4,21.3,72.5,2.7916666666666665,5.291666666666667,24,24,24,24,24,1
2021-11-02,제주,1184.33,1184.33,24,24,완전,313.437,16.520833333333332,15.2,19.3,60.416666666666664,3.908333333333333,6.291666666666667,24,24,24,24,24,1
2021-11-03,제주,1310.73,1310.73,24,24,완전,313.437,16.154166666666665,14.1,19.4,64.29166666666667,3.125,4.791666666666667,24,24,24,24,24,1
2021-11-04,제주,1183.21,1183.21,24,24,완전,313.437,16.462500000000002,13.0,21.2,66.45833333333333,2.1333333333333333,3.2083333333333335,24,24,24,24,24,1
2021-11-05,제주,566.5600000000001,566.5600000000001,24,24,완전,313.437,17.108333333333334,13.1,20.7,65.58333333333333,2.2416666666666667,6.541666666666667,24,24,24,24,24,1
2021-11-06,제주,425.47,425.47,24,24,완전,313.437,19.258333333333333,17.5,22.0,65.91666666666667,3.720833333333333,6.875,24,24,24,24,24,1
2021-11-07,제주,1056.31,1056.31,24,24,완전,313.437,19.25,16.4,22.6,69.41666666666667,4.0125,7.291666666666667,24,24,24,24,24,1
2021-11-08,제주,308.63,308.63,24,24,완전,313.437,14.2125,11.6,19.3,73.25,5.433333333333334,9.5,24,24,24,24,24,1
2021-11-09,제주,583.07,583.07,24,24,완전,313.437,12.158333333333331,10.2,14.6,60.833333333333336,7.033333333333334,8.458333333333334,24,24,24,24,24,1
2021-11-10,제주,427.76,427.76,24,24,완전,313.437,11.904166666666669,9.4,13.5,70.0,6.908333333333334,8.75,24,24,24,24,24,1
2021-11-11,제주,807.75,807.75,24,24,완전,313.437,13.445833333333333,11.1,17.1,70.41666666666667,5.8,7.791666666666667,24,24,24,24,24,1
2021-11-12,제주,791.01,791.01,24,24,완전,313.437,12.4,9.7,15.1,65.625,5.916666666666667,7.25,24,24,24,24,24,1
2021-11-13,제주,1026.44,1026.44,24,24,완전,313.437,14.129166666666668,12.1,16.7,58.0,3.5124999999999997,5.958333333333333,24,24,24,24,24,1
2021-11-14,제주,1211.2,1211.2,24,24,완전,313.437,15.558333333333335,12.8,19.3,56.083333333333336,3.345833333333333,1.7916666666666667,24,24,24,24,24,1
2021-11-15,제주,1168.9,1168.9,24,24,완전,313.437,14.4125,11.3,19.1,63.583333333333336,2.3666666666666667,1.0416666666666667,24,24,24,24,24,1
2021-11-16,제주,611.56,611.56,24,24,완전,313.437,13.3625,10.9,17.9,64.91666666666667,1.9208333333333336,5.875,24,24,24,24,24,1
2021-11-17,제주,1165.55,1165.55,24,24,완전,313.437,12.920833333333334,8.7,18.0,61.666666666666664,2.1958333333333333,3.5833333333333335,24,24,24,24,24,1
2021-11-18,제주,1183.78,1183.78,24,24,완전,313.437,13.8375,9.9,18.5,62.416666666666664,1.9083333333333332,2.6666666666666665,24,24,24,24,24,1
2021-11-19,제주,1281.26,1281.26,24,24,완전,313.437,13.3125,9.1,18.8,60.0,2.154166666666667,0.0,24,24,24,24,24,1
2021-11-20,제주,1122.41,1122.41,24,24,완전,313.437,13.95,10.2,18.7,74.70833333333333,2.6083333333333334,1.5416666666666667,24,24,24,24,24,1
2021-11-21,제주,388.99,388.99,24,24,완전,313.437,15.445833333333333,12.3,18.3,82.70833333333333,2.2666666666666666,8.708333333333334,24,24,24,24,24,1
2021-11-22,제주,568.52,568.52,24,24,완전,313.437,11.533333333333331,8.5,16.3,66.58333333333333,6.929166666666667,9.125,24,24,24,24,24,1
2021-11-23,제주,443.81,443.81,24,24,완전,313.437,10.008333333333333,8.6,11.2,56.875,6.508333333333333,9.0,24,24,24,24,24,1
2021-11-24,제주,929.39,929.39,24,24,완전,313.437,11.891666666666666,10.3,14.1,55.375,4.6625000000000005,6.666666666666667,24,24,24,24,24,1
2021-11-25,제주,1090.32,1090.32,24,24,완전,313.437,13.633333333333333,10.7,17.5,60.583333333333336,3.4166666666666665,2.125,24,24,24,24,24,1
2021-11-26,제주,1266.07,1266.07,24,24,완전,313.437,11.720833333333331,9.0,15.4,63.875,1.4875,1.0,24,24,24,24,24,1
2021-11-27,제주,1292.87,1292.87,24,24,완전,313.437,10.604166666666666,8.6,14.0,59.666666666666664,2.0333333333333337,1.6666666666666667,24,24,24,24,24,1
2021-11-28,제주,1056.51,1056.51,24,24,완전,313.437,12.8125,8.7,18.5,65.5,2.6166666666666667,1.0833333333333333,24,24,24,24,24,1
2021-11-29,제주,1096.52,1096.52,24,24,완전,313.437,13.841666666666669,9.1,19.3,69.54166666666667,2.620833333333333,2.3333333333333335,24,24,24,24,24,1
2021-11-30,제주,146.06,146.06,24,24,완전,313.437,12.783333333333331,8.0,16.0,79.91666666666667,6.241666666666667,9.458333333333334,24,24,24,24,24,1
2021-12-01,제주,433.61,433.61,24,24,완전,318.119,8.166666666666666,7.4,8.9,65.16666666666667,7.925,9.375,24,24,24,24,24,1
2021-12-02,제주,520.85,520.85,24,24,완전,318.119,8.895833333333334,7.3,11.9,65.5,3.6333333333333337,8.416666666666666,24,24,24,24,24,1
2021-12-03,제주,827.73,827.73,24,24,완전,318.119,11.304166666666667,8.8,14.0,55.541666666666664,6.154166666666666,7.416666666666667,24,24,24,24,24,1
2021-12-04,제주,1059.36,1059.36,24,24,완전,318.119,11.341666666666669,8.7,14.2,59.125,4.1000000000000005,5.625,24,24,24,24,24,1
2021-12-05,제주,803.44,803.44,24,24,완전,318.119,9.979166666666666,7.3,14.1,60.125,2.033333333333333,3.0416666666666665,24,24,24,24,24,1
2021-12-06,제주,981.89,981.89,24,24,완전,318.119,10.725,7.3,16.1,75.54166666666667,2.279166666666667,3.625,24,24,24,24,24,1
2021-12-07,제주,1163.48,1163.48,24,24,완전,318.119,11.391666666666666,8.0,15.1,64.79166666666667,3.5375,0.75,24,24,24,24,24,1
2021-12-08,제주,1030.5,1030.5,24,24,완전,318.119,11.2125,8.1,15.9,67.79166666666667,2.6083333333333334,1.9166666666666667,24,24,24,24,24,1
2021-12-09,제주,518.41,518.41,24,24,완전,318.119,12.5125,10.0,15.1,80.875,2.475,7.5,24,24,24,24,24,1
2021-12-10,제주,951.52,951.52,24,24,완전,318.119,13.608333333333334,11.7,16.1,74.91666666666667,2.829166666666667,5.916666666666667,24,24,24,24,24,1
2021-12-11,제주,692.4,692.4,24,24,완전,318.119,12.35,11.6,13.2,71.16666666666667,2.9458333333333333,9.083333333333334,24,24,24,24,24,1
2021-12-12,제주,556.2,556.2,24,24,완전,318.119,10.966666666666669,6.6,13.2,66.95833333333333,4.870833333333334,8.791666666666666,24,24,24,24,24,1
2021-12-13,제주,684.93,684.93,24,24,완전,318.119,6.604166666666667,6.0,7.3,63.041666666666664,4.791666666666667,9.125,24,24,24,24,24,1
2021-12-14,제주,864.89,864.89,24,24,완전,318.119,8.483333333333333,5.9,12.3,60.5,2.4583333333333335,5.375,24,24,24,24,24,1
2021-12-15,제주,568.98,568.98,24,24,완전,318.119,11.166666666666666,7.4,16.1,73.79166666666667,2.3875,5.625,24,24,24,24,24,1
2021-12-16,제주,130.62,130.62,24,24,완전,318.119,10.791666666666666,9.7,12.0,82.41666666666667,2.2708333333333335,9.791666666666666,24,24,24,24,24,1
2021-12-17,제주,351.22,351.22,24,24,완전,318.119,6.8374999999999995,3.0,11.6,69.54166666666667,8.758333333333333,8.875,24,24,24,24,24,1
2021-12-18,제주,430.11,430.11,24,24,완전,318.119,3.654166666666667,2.1,7.5,74.25,4.391666666666667,9.208333333333334,24,24,24,24,24,1
2021-12-19,제주,815.14,815.14,24,24,완전,318.119,8.183333333333334,5.4,10.2,57.0,5.3625,6.25,24,24,24,24,24,1
2021-12-20,제주,949.23,949.23,24,24,완전,318.119,10.8875,5.5,14.7,54.208333333333336,4.308333333333334,5.375,24,24,24,24,24,1
2021-12-21,제주,626.74,626.74,24,24,완전,318.119,12.808333333333332,10.1,17.3,63.166666666666664,3.3333333333333335,3.2916666666666665,24,24,24,24,24,1
2021-12-22,제주,1207.73,1207.73,24,24,완전,318.119,10.291666666666666,6.1,16.5,58.208333333333336,2.2375000000000003,0.0416666666666666,24,24,24,24,24,1
2021-12-23,제주,1136.36,1136.36,24,24,완전,318.119,10.091666666666669,6.0,16.0,55.833333333333336,2.3874999999999997,0.0,24,24,24,24,24,1
2021-12-24,제주,436.48,436.48,24,24,완전,318.119,9.470833333333331,6.2,13.8,65.625,4.004166666666666,6.25,24,24,24,24,24,1
2021-12-25,제주,232.84,232.84,24,24,완전,318.119,2.829166666666667,1.6,5.6,69.41666666666667,7.125,9.041666666666666,24,24,24,24,24,1
2021-12-26,제주,203.58,203.58,24,24,완전,318.119,0.9666666666666668,-0.3,2.2,82.5,7.4375,8.791666666666666,24,24,24,24,24,1
2021-12-27,제주,292.83,292.83,24,24,완전,318.119,3.6208333333333336,0.8,6.4,73.04166666666667,4.533333333333333,8.416666666666666,24,24,24,24,24,1
2021-12-28,제주,373.81,373.81,24,24,완전,318.119,6.995833333333334,6.1,8.4,64.5,2.6374999999999997,8.416666666666666,24,24,24,24,24,1
2021-12-29,제주,659.32,659.32,24,24,완전,318.119,9.2125,6.9,11.3,63.833333333333336,4.945833333333334,8.291666666666666,24,24,24,24,24,1
2021-12-30,제주,902.55,902.55,24,24,완전,318.119,7.120833333333334,5.9,8.4,55.75,6.870833333333334,8.5,24,24,24,24,24,1
2021-12-31,제주,621.55,621.55,24,24,완전,318.119,5.133333333333334,3.6,6.4,61.791666666666664,5.9375,8.916666666666666,24,24,24,24,24,1
2022-01-01,제주,1063.12,1063.12,24,24,완전,301.444,4.858333333333333,0.9,8.7,55.791666666666664,2.279166666666667,4.166666666666667,24,24,24,24,24,1
2022-01-02,제주,746.1,746.1,24,24,완전,301.444,7.3125,4.3,11.1,65.25,3.0541666666666667,5.416666666666667,24,24,24,24,24,1
2022-01-03,제주,1083.53,1083.53,24,24,완전,301.444,6.029166666666666,2.6,10.5,67.5,2.5875,4.666666666666667,24,24,24,24,24,1
2022-01-04,제주,580.29,580.29,24,24,완전,301.444,6.7749999999999995,4.9,9.2,64.83333333333333,3.470833333333333,6.375,24,24,24,24,24,1
2022-01-05,제주,132.61,132.61,24,24,완전,301.444,5.816666666666666,3.4,6.7,78.91666666666667,2.2708333333333335,10.0,24,24,24,24,24,1
2022-01-06,제주,1252.25,1252.25,24,24,완전,301.444,7.3375,5.5,9.5,66.08333333333333,4.666666666666667,5.458333333333333,24,24,24,24,24,1
2022-01-07,제주,1095.1,1095.1,24,24,완전,301.444,5.770833333333333,2.3,10.2,66.04166666666667,2.5416666666666665,2.4166666666666665,24,24,24,24,24,1
2022-01-08,제주,870.02,870.02,24,24,완전,301.444,6.370833333333334,3.5,8.3,69.54166666666667,3.0541666666666667,6.608695652173913,24,24,24,24,23,0
2022-01-09,제주,513.0600000000001,513.0600000000001,24,24,완전,301.444,7.666666666666667,5.2,9.5,68.125,2.733333333333333,7.875,24,24,24,24,24,1
2022-01-10,제주,780.0400000000001,780.0400000000001,24,24,완전,301.444,7.604166666666667,5.6,10.0,70.45833333333333,2.65,8.458333333333334,24,24,24,24,24,1
2022-01-11,제주,403.33,403.33,24,24,완전,301.444,4.316666666666666,1.5,7.6,74.29166666666667,7.4625,9.375,24,24,24,24,24,1
2022-01-12,제주,599.46,599.46,24,24,완전,301.444,3.6208333333333336,1.8,5.0,67.375,5.070833333333334,8.458333333333334,24,24,24,24,24,1
2022-01-13,제주,411.19,411.19,24,24,완전,301.444,4.1125,3.2,5.9,71.75,6.329166666666667,9.208333333333334,24,24,24,24,24,1
2022-01-14,제주,902.72,902.72,24,24,완전,301.444,4.370833333333334,3.1,7.6,64.33333333333333,3.8375,8.208333333333334,24,24,24,24,24,1
2022-01-15,제주,693.17,693.17,24,24,완전,301.444,7.070833333333333,3.7,11.5,67.79166666666667,1.9833333333333336,7.625,24,24,24,24,24,1
2022-01-16,제주,824.43,824.43,24,24,완전,301.444,7.395833333333333,4.1,9.4,68.91666666666667,4.641666666666667,8.583333333333334,24,24,24,24,24,1
2022-01-17,제주,643.02,643.02,24,24,완전,301.444,5.420833333333333,3.8,7.1,65.375,4.466666666666667,8.416666666666666,24,24,24,24,24,1
2022-01-18,제주,1364.56,1364.56,24,24,완전,301.444,4.191666666666666,1.8,6.6,57.291666666666664,3.5625,4.0,24,24,24,24,24,1
2022-01-19,제주,1250.49,1250.49,24,24,완전,301.444,4.9624999999999995,0.7,10.4,56.0,2.966666666666667,2.0,24,24,24,24,24,1
2022-01-20,제주,1214.05,1214.05,24,24,완전,301.444,3.3833333333333333,1.0,5.9,62.541666666666664,4.1499999999999995,6.916666666666667,24,24,24,24,24,1
2022-01-21,제주,694.23,694.23,24,24,완전,301.444,5.6125,0.5,10.6,67.16666666666667,2.4291666666666667,4.458333333333333,24,24,24,24,24,1
2022-01-22,제주,529.92,529.92,24,24,완전,301.444,10.391666666666667,7.2,14.0,69.125,3.2583333333333333,7.875,24,24,24,24,24,1
2022-01-23,제주,269.21999999999997,269.21999999999997,24,24,완전,301.444,10.483333333333333,9.5,12.2,84.45833333333333,3.1041666666666665,9.791666666666666,24,24,24,24,24,1
2022-01-24,제주,462.84,462.84,24,24,완전,301.444,10.3625,9.1,12.0,74.875,3.4375,7.833333333333333,24,24,24,24,24,1
2022-01-25,제주,177.74,177.74,24,24,완전,301.444,8.825000000000001,7.5,9.5,82.54166666666667,2.216666666666667,9.708333333333334,24,24,24,24,24,1
2022-01-26,제주,984.01,984.01,24,24,완전,301.444,7.616666666666667,6.6,8.8,67.08333333333333,3.3333333333333335,8.208333333333334,24,24,24,24,24,1
2022-01-27,제주,669.57,669.57,24,24,완전,301.444,6.145833333333333,5.1,7.2,67.45833333333333,3.670833333333333,7.875,24,24,24,24,24,1
2022-01-28,제주,1170.13,1170.13,24,24,완전,301.444,5.216666666666667,4.4,7.0,65.45833333333333,3.3375,7.458333333333333,24,24,24,24,24,1
2022-01-29,제주,729.99,729.99,24,24,완전,301.444,4.633333333333334,4.1,5.8,64.0,3.641666666666667,8.458333333333334,24,24,24,24,24,1
2022-01-30,제주,1171.66,1171.66,24,24,완전,301.444,4.858333333333333,3.8,7.1,58.541666666666664,4.420833333333333,5.625,24,24,24,24,24,1
2022-01-31,제주,1424.02,1424.02,24,24,완전,301.444,5.554166666666667,3.5,8.8,58.083333333333336,3.358333333333333,4.458333333333333,24,24,24,24,24,1
2022-02-01,제주,884.22,884.22,24,24,완전,303.027,6.4750000000000005,4.5,8.2,59.541666666666664,5.2375,7.166666666666667,24,24,24,24,24,1
2022-02-02,제주,696.32,696.32,24,24,완전,303.027,5.008333333333334,3.8,6.8,61.791666666666664,3.4416666666666664,8.541666666666666,24,24,24,24,24,1
2022-02-03,제주,947.24,947.24,24,24,완전,303.027,4.908333333333333,3.2,8.0,56.875,3.9333333333333336,8.041666666666666,24,24,24,24,24,1
2022-02-04,제주,980.21,980.21,24,24,완전,303.027,4.4750000000000005,2.0,7.0,58.0,5.079166666666667,6.791666666666667,24,24,24,24,24,1
2022-02-05,제주,651.59,651.59,24,24,완전,303.027,3.404166666666667,2.7,4.6,64.91666666666667,6.958333333333333,8.0,24,24,24,24,24,1
2022-02-06,제주,1011.9,1011.9,24,24,완전,303.027,4.508333333333334,2.8,6.5,59.916666666666664,5.2,7.708333333333333,24,24,24,24,24,1
2022-02-07,제주,674.97,674.97,24,24,완전,303.027,4.533333333333333,3.2,5.8,61.166666666666664,3.2125,8.708333333333334,24,24,24,24,24,1
2022-02-08,제주,1493.49,1493.49,24,24,완전,303.027,5.45,2.6,8.7,56.416666666666664,3.5583333333333336,4.833333333333333,24,24,24,24,24,1
2022-02-09,제주,868.5,868.5,24,24,완전,303.027,6.0874999999999995,1.8,9.6,69.16666666666667,2.3625,5.708333333333333,24,24,24,24,24,1
2022-02-10,제주,1299.72,1299.72,24,24,완전,303.027,6.845833333333334,4.9,9.7,64.70833333333333,3.404166666666667,5.625,24,24,24,24,24,1
2022-02-11,제주,1500.22,1500.22,24,24,완전,303.027,7.4625,2.9,10.9,50.833333333333336,2.5749999999999997,2.8333333333333335,24,24,24,24,24,1
2022-02-12,제주,500.59,500.59,24,24,완전,303.027,9.829166666666667,7.7,12.4,54.25,2.308333333333333,9.375,24,24,24,24,24,1
2022-02-13,제주,282.19,282.19,24,24,완전,303.027,10.2875,8.5,11.8,68.54166666666667,3.3041666666666667,9.958333333333334,24,24,24,24,24,1
2022-02-14,제주,821.62,821.62,24,24,완전,303.027,9.383333333333333,7.5,12.7,70.16666666666667,2.9916666666666667,6.791666666666667,24,24,24,24,24,1
2022-02-15,제주,1157.03,1157.03,24,24,완전,303.027,4.379166666666666,2.1,7.5,63.541666666666664,5.625,8.375,24,24,24,24,24,1
2022-02-16,제주,661.1800000000001,661.1800000000001,24,24,완전,303.027,2.3291666666666666,0.9,4.0,66.5,6.216666666666666,8.25,24,24,24,24,24,1
2022-02-17,제주,747.36,747.36,24,24,완전,303.027,1.1041666666666667,0.3,2.5,62.916666666666664,4.825,8.208333333333334,24,24,24,24,24,1
2022-02-18,제주,580.88,580.88,24,24,완전,303.027,5.416666666666667,0.2,11.0,69.375,2.5124999999999997,8.291666666666666,24,24,24,24,24,1
2022-02-19,제주,554.77,554.77,24,24,완전,303.027,5.45,3.6,6.9,82.16666666666667,4.266666666666667,9.875,24,24,24,24,24,1
2022-02-20,제주,987.28,987.28,24,24,완전,303.027,1.8,0.0,3.0,67.33333333333333,6.783333333333334,7.958333333333333,24,24,24,24,24,1
2022-02-21,제주,1033.98,1033.98,24,24,완전,303.027,4.920833333333333,2.3,7.1,53.666666666666664,4.5874999999999995,7.291666666666667,24,24,24,24,24,1
2022-02-22,제주,1145.87,1145.87,24,24,완전,303.027,4.520833333333333,3.2,7.0,58.583333333333336,4.375,7.291666666666667,24,24,24,24,24,1
2022-02-23,제주,937.47,937.47,24,24,완전,303.027,2.1750000000000003,0.8,4.1,62.375,4.404166666666667,7.541666666666667,24,24,24,24,24,1
2022-02-24,제주,1156.35,1156.35,24,24,완전,303.027,3.1875,0.6,6.1,58.791666666666664,4.354166666666667,6.5,24,24,24,24,24,1
2022-02-25,제주,1700.4,1700.4,24,24,완전,303.027,6.575,3.0,11.7,54.625,2.6958333333333333,1.4166666666666667,24,24,24,24,24,1
2022-02-26,제주,1669.23,1669.23,24,24,완전,303.027,9.370833333333334,3.7,16.0,50.25,4.3500000000000005,1.1666666666666667,24,24,24,24,24,1
2022-02-27,제주,1829.82,1829.82,24,24,완전,303.027,7.758333333333333,4.5,11.4,51.375,3.5583333333333336,0.875,24,24,24,24,24,1
2022-02-28,제주,648.53,648.53,24,24,완전,303.027,8.275,3.2,13.0,55.75,1.9,5.541666666666667,24,24,24,24,24,1
2022-03-01,제주,608.97,608.97,24,24,완전,308.959,10.391666666666667,6.7,13.5,83.83333333333333,3.2624999999999997,9.458333333333334,24,24,24,24,24,1
2022-03-02,제주,1711.19,1711.19,24,24,완전,308.959,6.375,4.8,8.8,59.75,4.2124999999999995,4.416666666666667,24,24,24,24,24,1
2022-03-03,제주,1439.84,1439.84,24,24,완전,308.959,9.8,5.1,14.6,55.375,3.5,0.4583333333333333,24,24,24,24,24,1
2022-03-04,제주,1102.35,1102.35,24,24,완전,308.959,11.933333333333332,7.1,15.9,54.458333333333336,2.8333333333333335,4.791666666666667,24,24,24,24,24,1
2022-03-05,제주,1725.75,1725.75,24,24,완전,308.959,9.620833333333334,6.1,14.8,59.333333333333336,5.041666666666667,2.608695652173913,24,24,24,24,23,0
2022-03-06,제주,1823.25,1823.25,24,24,완전,308.959,6.470833333333334,4.6,9.7,52.916666666666664,4.170833333333333,4.708333333333333,24,24,24,24,24,1
2022-03-07,제주,1354.0,1354.0,24,24,완전,308.959,7.479166666666667,4.7,11.4,57.25,2.475,5.958333333333333,24,24,24,24,24,1
2022-03-08,제주,1703.6,1703.6,24,24,완전,308.959,9.320833333333333,5.1,14.1,55.375,2.35,0.0,24,24,24,24,24,1
2022-03-09,제주,1671.66,1671.66,24,24,완전,308.959,10.970833333333331,7.5,15.0,71.41666666666667,2.308333333333333,0.125,24,24,24,24,24,1
2022-03-10,제주,1692.63,1692.63,24,24,완전,308.959,11.933333333333332,6.9,17.3,55.958333333333336,2.1333333333333333,3.7916666666666665,24,24,24,24,24,1
2022-03-11,제주,774.71,774.71,24,24,완전,308.959,16.2625,12.3,21.0,65.25,2.0416666666666665,6.833333333333333,24,24,24,24,24,1
2022-03-12,제주,1632.97,1632.97,24,24,완전,308.959,16.929166666666667,13.0,21.9,72.16666666666667,2.1999999999999997,2.5416666666666665,24,24,24,24,24,1
2022-03-13,제주,173.38,173.38,24,24,완전,308.959,18.145833333333332,14.0,20.2,75.95833333333333,5.1875,8.916666666666666,24,24,24,24,24,1
2022-03-14,제주,422.76,422.76,24,24,완전,308.959,14.0875,10.3,16.8,95.5,2.5166666666666666,9.541666666666666,24,24,24,24,24,1
2022-03-15,제주,1831.55,1831.55,24,24,완전,308.959,10.354166666666666,6.3,13.9,80.25,2.4541666666666666,3.0416666666666665,24,24,24,24,24,1
2022-03-16,제주,1656.47,1656.47,24,24,완전,308.959,13.379166666666668,9.1,18.2,74.66666666666667,1.9333333333333331,2.25,24,24,24,24,24,1
2022-03-17,제주,298.94,298.94,24,24,완전,308.959,13.679166666666667,11.4,17.2,80.70833333333333,3.5625,9.208333333333334,24,24,24,24,24,1
2022-03-18,제주,439.27,439.27,24,24,완전,308.959,10.479166666666666,9.1,11.7,94.25,4.5625,9.875,24,24,24,24,24,1
2022-03-19,제주,437.36,437.36,24,24,완전,308.959,7.879166666666666,6.4,9.2,81.04166666666667,4.695833333333334,9.625,24,24,24,24,24,1
2022-03-20,제주,772.15,772.15,24,24,완전,308.959,7.816666666666666,6.8,9.6,71.875,3.016666666666667,9.041666666666666,24,24,24,24,24,1
2022-03-21,제주,510.99,510.99,24,24,완전,308.959,9.216666666666669,6.4,12.2,71.5,2.6999999999999997,9.0,24,24,24,24,23,0
2022-03-22,제주,1386.66,1386.66,24,24,완전,308.959,9.320833333333333,7.2,12.3,66.83333333333333,2.3958333333333335,7.833333333333333,24,24,24,24,24,1
2022-03-23,제주,845.4,845.4,24,24,완전,308.959,9.133333333333333,7.3,12.5,78.04166666666667,2.4208333333333334,6.416666666666667,24,24,24,24,24,1
2022-03-24,제주,1704.71,1704.71,24,24,완전,308.959,10.691666666666668,5.4,15.4,61.208333333333336,2.8541666666666665,0.0416666666666666,24,24,24,24,24,1
2022-03-25,제주,457.93,457.93,24,24,완전,308.959,15.45,9.5,20.9,67.75,3.8083333333333336,7.666666666666667,24,24,24,24,24,1
2022-03-26,제주,623.2099999999999,623.2099999999999,24,24,완전,308.959,13.120833333333332,9.2,20.9,85.33333333333333,6.308333333333334,9.75,24,24,24,24,24,1
2022-03-27,제주,1551.21,1551.21,24,24,완전,308.959,12.679166666666667,8.9,18.3,47.541666666666664,3.3333333333333335,6.458333333333333,24,24,24,24,24,1
2022-03-28,제주,1094.65,1094.65,24,24,완전,308.959,10.545833333333333,7.4,14.1,54.833333333333336,3.2708333333333335,8.5,24,24,24,24,24,1
2022-03-29,제주,1853.28,1853.28,24,24,완전,308.959,12.920833333333334,8.8,16.5,70.625,3.7083333333333335,1.4583333333333333,24,24,24,24,24,1
2022-03-30,제주,729.78,729.78,24,24,완전,308.959,15.329166666666666,11.7,19.5,82.91666666666667,2.1041666666666665,7.208333333333333,24,24,24,24,24,1
2022-03-31,제주,812.3100000000001,812.3100000000001,24,24,완전,308.959,11.804166666666667,9.9,14.5,87.66666666666667,2.7708333333333335,9.583333333333334,24,24,24,24,24,1
2022-04-01,제주,1424.13,1424.13,24,24,완전,308.874,11.75,9.3,14.0,68.0,3.7625,6.625,24,24,24,24,24,1
2022-04-02,제주,1835.83,1835.83,24,24,완전,308.874,10.970833333333331,8.0,14.2,60.458333333333336,2.8625000000000003,3.6666666666666665,24,24,24,24,24,1
2022-04-03,제주,1942.97,1942.97,24,24,완전,308.874,10.2875,5.7,14.5,59.875,2.475,0.0,24,24,24,24,24,1
2022-04-04,제주,1921.93,1921.93,24,24,완전,308.874,11.641666666666666,7.0,16.2,61.166666666666664,2.283333333333333,0.4347826086956521,24,24,24,24,23,0
2022-04-05,제주,1332.38,1332.38,24,24,완전,308.874,12.7875,7.9,17.1,50.75,3.025,6.208333333333333,24,24,24,24,24,1
2022-04-06,제주,1875.92,1875.92,24,24,완전,308.874,13.420833333333334,9.9,17.5,71.875,2.3333333333333335,0.2916666666666667,24,24,24,24,24,1
2022-04-07,제주,1734.74,1734.74,24,24,완전,308.874,13.05,10.5,18.1,81.08333333333333,3.5416666666666665,2.5,24,24,24,24,24,1
2022-04-08,제주,1880.24,1880.24,24,24,완전,308.874,14.741666666666667,9.9,19.5,54.041666666666664,2.2958333333333334,0.0,24,24,24,24,24,1
2022-04-09,제주,1689.19,1689.19,24,24,완전,308.874,17.079166666666666,12.5,21.4,51.833333333333336,2.5625,0.0,24,24,24,24,24,1
2022-04-10,제주,1368.18,1368.18,24,24,완전,308.874,17.075,12.5,20.5,58.416666666666664,2.066666666666667,6.166666666666667,24,24,24,24,24,1
2022-04-11,제주,1226.77,1226.77,24,24,완전,308.874,19.883333333333333,16.5,25.1,74.58333333333333,1.8875,3.5,24,24,24,24,24,1
2022-04-12,제주,1580.56,1580.56,24,24,완전,308.874,18.783333333333335,15.6,23.2,86.20833333333333,2.1750000000000003,2.625,24,24,24,24,24,1
2022-04-13,제주,961.83,961.83,24,24,완전,308.874,18.095833333333335,14.7,22.6,90.41666666666669,3.3791666666666664,8.125,24,24,24,24,24,1
2022-04-14,제주,459.24,459.24,24,24,완전,308.874,14.029166666666669,12.9,14.5,89.41666666666667,4.266666666666667,9.583333333333334,24,24,24,24,24,1
2022-04-15,제주,1342.26,1342.26,24,24,완전,308.874,14.191666666666668,12.1,17.3,73.5,3.1208333333333336,8.041666666666666,24,24,24,24,24,1
2022-04-16,제주,1743.63,1743.63,24,24,완전,308.874,13.491666666666667,10.8,17.0,66.79166666666667,2.625,5.125,24,24,24,24,24,1
2022-04-17,제주,1601.39,1601.39,24,24,완전,308.874,14.204166666666667,9.7,18.6,47.791666666666664,2.4541666666666666,2.2916666666666665,24,24,24,24,24,1
2022-04-18,제주,1269.32,1269.32,24,24,완전,308.874,14.995833333333332,12.2,18.0,53.5,2.0208333333333335,7.583333333333333,24,24,24,24,24,1
2022-04-19,제주,1773.23,1773.23,24,24,완전,308.874,15.616666666666667,12.7,19.3,48.0,2.2333333333333334,4.166666666666667,24,24,24,24,24,1
2022-04-20,제주,1808.69,1808.69,24,24,완전,308.874,15.470833333333331,11.3,19.1,43.333333333333336,2.0791666666666666,2.2083333333333335,24,24,24,24,24,1
2022-04-21,제주,948.04,948.04,24,24,완전,308.874,14.875,13.2,17.6,65.79166666666667,2.1083333333333334,5.708333333333333,24,24,24,24,24,1
2022-04-22,제주,1812.27,1812.27,24,24,완전,308.874,16.816666666666666,11.9,22.0,71.625,2.566666666666667,2.9583333333333335,24,24,24,24,24,1
2022-04-23,제주,537.35,537.35,24,24,완전,308.874,17.954166666666666,16.2,21.2,88.95833333333333,2.720833333333333,9.458333333333334,24,24,24,24,24,1
2022-04-24,제주,1550.04,1550.04,24,24,완전,308.874,17.841666666666665,15.6,21.5,91.375,2.0791666666666666,5.916666666666667,24,24,24,24,24,1
2022-04-25,제주,1220.14,1220.14,24,24,완전,308.874,20.425,14.7,25.8,83.375,2.504166666666667,6.375,24,24,24,24,24,1
2022-04-26,제주,164.92000000000002,164.92000000000002,24,24,완전,308.874,19.9375,14.7,24.3,92.66666666666669,5.5,9.708333333333334,24,24,24,24,24,1
2022-04-27,제주,1738.16,1738.16,24,24,완전,308.874,17.479166666666668,14.1,21.5,70.45833333333333,3.0416666666666665,6.458333333333333,24,24,24,24,24,1
2022-04-28,제주,1635.28,1635.28,24,24,완전,308.874,17.150000000000002,14.6,19.9,80.33333333333333,4.191666666666666,5.916666666666667,24,24,24,24,24,1
2022-04-29,제주,776.93,776.93,24,24,완전,308.874,13.916666666666666,11.8,17.5,88.5,3.6375,9.583333333333334,24,24,24,24,24,1
2022-04-30,제주,1335.44,1335.44,24,24,완전,308.874,15.104166666666666,13.3,17.5,73.125,3.045833333333333,7.958333333333333,24,24,24,24,24,1
2022-05-01,제주,1651.89,1651.89,24,24,완전,312.984,14.7625,12.2,18.0,62.208333333333336,3.216666666666667,6.791666666666667,24,24,24,24,24,1
2022-05-02,제주,1805.11,1805.11,24,24,완전,312.984,16.620833333333334,13.3,20.2,51.916666666666664,4.295833333333333,2.5,24,24,24,24,24,1
2022-05-03,제주,1920.37,1920.37,24,24,완전,312.984,14.708333333333334,9.6,18.5,57.5,2.5833333333333335,0.0,24,24,24,24,24,1
2022-05-04,제주,1931.24,1931.24,24,24,완전,312.984,16.349999999999998,11.3,20.5,60.125,2.441666666666667,0.0,24,24,24,24,24,1
2022-05-05,제주,1522.59,1522.59,24,24,완전,312.984,20.104166666666668,13.5,27.4,60.5,2.845833333333333,0.6666666666666666,24,24,24,24,24,1
2022-05-06,제주,1772.6699999999998,1772.6699999999998,24,24,완전,312.984,20.470833333333335,16.6,23.9,74.5,3.0,1.0,24,24,24,24,24,1
2022-05-07,제주,1593.87,1593.87,24,24,완전,312.984,19.6375,16.3,23.3,75.41666666666667,2.183333333333333,2.6666666666666665,24,24,24,24,24,1
2022-05-08,제주,809.21,809.21,24,24,완전,312.984,18.341666666666665,14.8,22.2,73.33333333333333,3.4625,5.708333333333333,24,24,24,24,24,1
2022-05-09,제주,1453.14,1453.14,24,24,완전,312.984,17.670833333333334,16.2,19.5,71.95833333333333,3.5416666666666665,7.0,24,24,24,24,24,1
2022-05-10,제주,816.2,816.2,24,24,완전,312.984,17.5875,15.4,19.7,79.91666666666667,3.7625,8.625,24,24,24,24,24,1
2022-05-11,제주,343.11,343.11,24,24,완전,312.984,18.570833333333333,17.8,20.5,91.83333333333331,3.3625000000000003,9.291666666666666,24,24,24,24,24,1
2022-05-12,제주,867.65,867.65,24,24,완전,312.984,19.129166666666663,17.3,21.9,88.75,2.8333333333333335,8.916666666666666,24,24,24,24,24,1
2022-05-13,제주,252.16,252.16,24,24,완전,312.984,17.2,14.8,18.7,97.0,2.716666666666667,9.5,24,24,24,24,24,1
2022-05-14,제주,1640.49,1640.49,24,24,완전,312.984,16.641666666666666,13.4,21.1,65.16666666666667,2.9791666666666665,4.125,24,24,24,24,24,1
2022-05-15,제주,1414.37,1414.37,24,24,완전,312.984,16.520833333333332,14.4,19.6,54.041666666666664,3.025,8.291666666666666,24,24,24,24,24,1
2022-05-16,제주,1734.86,1734.86,24,24,완전,312.984,17.662499999999998,13.4,21.3,49.083333333333336,2.7416666666666667,6.875,24,24,24,24,24,1
2022-05-17,제주,1912.95,1912.95,24,24,완전,312.984,21.0625,14.8,26.2,42.416666666666664,3.2541666666666664,0.2916666666666667,24,24,24,24,24,1
2022-05-18,제주,1932.16,1932.16,24,24,완전,312.984,21.420833333333334,16.8,25.6,39.666666666666664,2.9125,0.9583333333333334,24,24,24,24,24,1
2022-05-19,제주,1104.61,1104.61,24,24,완전,312.984,20.558333333333337,17.8,23.7,48.916666666666664,2.0875,8.625,24,24,24,24,24,1
2022-05-20,제주,1017.33,1017.33,24,24,완전,312.984,20.858333333333334,18.7,23.1,69.04166666666667,2.3958333333333335,8.666666666666666,24,24,24,24,24,1
2022-05-21,제주,1908.98,1908.98,24,24,완전,312.984,20.541666666666668,16.4,24.2,69.70833333333333,2.504166666666667,0.875,24,24,24,24,24,1
2022-05-22,제주,1842.75,1842.75,24,24,완전,312.984,21.058333333333337,15.2,26.0,62.291666666666664,3.0083333333333333,1.9583333333333333,24,24,24,24,24,1
2022-05-23,제주,1563.45,1563.45,24,24,완전,312.984,22.47083333333333,19.8,26.4,49.125,2.6875,7.125,24,24,24,24,24,1
2022-05-24,제주,1829.31,1829.31,24,24,완전,312.984,21.516666666666666,18.0,25.0,59.708333333333336,2.2666666666666666,4.166666666666667,24,24,24,24,24,1
2022-05-25,제주,1855.79,1855.79,24,24,완전,312.984,21.175,18.2,24.5,72.83333333333333,2.425,3.6666666666666665,24,24,24,24,24,1
2022-05-26,제주,1255.5,1255.5,24,24,완전,312.984,19.6875,17.5,22.7,68.66666666666667,2.9375,6.125,24,24,24,24,24,1
2022-05-27,제주,1996.98,1996.98,24,24,완전,312.984,22.691666666666663,16.7,29.0,40.291666666666664,4.325,1.1666666666666667,24,24,24,24,24,1
2022-05-28,제주,1454.26,1454.26,24,24,완전,312.984,22.05,19.4,24.3,58.0,3.1125000000000003,8.166666666666666,24,24,24,24,24,1
2022-05-29,제주,701.72,701.72,24,24,완전,312.984,20.929166666666667,18.0,23.4,76.66666666666667,2.6416666666666666,6.958333333333333,24,24,24,24,24,1
2022-05-30,제주,923.93,923.93,24,24,완전,312.984,20.5625,18.8,22.6,88.125,3.3041666666666667,9.291666666666666,24,24,24,24,24,1
2022-05-31,제주,1860.25,1860.25,24,24,완전,312.984,21.029166666666665,17.6,24.4,61.541666666666664,2.0541666666666667,6.333333333333333,24,24,24,24,24,1
2022-06-01,제주,1664.89,1664.89,24,24,완전,314.758,20.970833333333335,18.3,24.3,69.45416666666667,1.9,7.333333333333333,24,24,24,24,24,1
2022-06-02,제주,1667.57,1667.57,24,24,완전,314.758,21.425,17.9,25.2,76.875,2.1625,4.0,24,24,24,24,24,1
2022-06-03,제주,1881.39,1881.39,24,24,완전,314.758,21.1625,18.6,23.3,85.25,2.404166666666667,3.625,24,24,24,24,24,1
2022-06-04,제주,1080.62,1080.62,24,24,완전,314.758,23.22083333333333,20.0,26.1,71.5,4.558333333333334,6.666666666666667,24,24,24,24,24,1
2022-06-05,제주,298.69,298.69,24,24,완전,314.758,19.633333333333333,17.3,23.0,91.33333333333331,4.3625,9.916666666666666,24,24,24,24,24,1
2022-06-06,제주,1708.94,1708.94,24,24,완전,314.758,20.325,18.1,23.6,86.16666666666667,2.8125,6.166666666666667,24,24,24,24,24,1
2022-06-07,제주,552.09,552.09,24,24,완전,314.758,20.720833333333335,18.0,25.1,84.83333333333333,1.9958333333333331,7.0,24,24,24,24,24,1
2022-06-08,제주,1223.28,1223.28,24,24,완전,314.758,21.391666666666666,18.9,24.7,77.33333333333333,3.5583333333333336,4.375,24,24,24,24,24,1
2022-06-09,제주,1675.99,1675.99,24,24,완전,314.758,21.2875,18.7,25.3,77.41666666666667,3.970833333333333,4.416666666666667,24,24,24,24,24,1
2022-06-10,제주,698.96,698.96,24,24,완전,314.758,22.9,18.4,27.1,73.79166666666667,1.8541666666666667,8.125,24,24,24,24,24,1
2022-06-11,제주,1317.23,1317.23,24,24,완전,314.758,21.65,20.1,23.7,84.125,2.9916666666666667,7.041666666666667,24,24,24,24,24,1
2022-06-12,제주,1226.45,1226.45,24,24,완전,314.758,22.004166666666663,19.5,25.7,77.04166666666667,3.4958333333333336,6.833333333333333,24,24,24,24,24,1
2022-06-13,제주,375.36,375.36,24,24,완전,314.758,20.708333333333332,19.4,21.6,87.875,3.483333333333333,9.833333333333334,24,24,24,24,24,1
2022-06-14,제주,552.33,552.33,24,24,완전,314.758,18.9875,18.8,19.4,98.375,4.008333333333334,9.708333333333334,24,24,24,24,24,1
2022-06-15,제주,1272.55,1272.55,24,24,완전,314.758,22.895833333333332,18.0,28.8,81.83333333333333,2.370833333333333,4.541666666666667,24,24,24,24,24,1
2022-06-16,제주,1480.8,1480.8,24,24,완전,314.758,22.204166666666666,19.7,25.5,85.33333333333333,2.0875,3.9583333333333335,24,24,24,24,24,1
2022-06-17,제주,1133.18,1133.18,24,24,완전,314.758,22.483333333333334,20.2,25.5,88.91666666666667,2.6125000000000003,5.541666666666667,24,24,24,24,24,1
2022-06-18,제주,1629.73,1629.73,24,24,완전,314.758,23.883333333333336,21.9,26.4,85.58333333333333,2.5458333333333334,3.3333333333333335,24,24,24,24,24,1
2022-06-19,제주,1302.54,1302.54,24,24,완전,314.758,24.933333333333337,21.5,30.5,83.375,2.0749999999999997,6.166666666666667,24,24,24,24,24,1
2022-06-20,제주,755.38,755.38,24,24,완전,314.758,23.791666666666668,21.4,27.1,88.04166666666667,2.7624999999999997,8.0,24,24,24,24,24,1
2022-06-21,제주,1379.09,1379.09,24,24,완전,314.758,23.879166666666663,21.6,27.1,89.66666666666667,3.545833333333333,5.5,24,24,24,24,24,1
2022-06-22,제주,1548.84,1548.84,24,24,완전,314.758,23.754166666666663,20.9,26.5,88.75,2.533333333333333,3.7083333333333335,24,24,24,24,24,1
2022-06-23,제주,785.11,785.11,24,24,완전,314.758,28.483333333333334,23.0,33.0,73.83333333333333,4.7749999999999995,6.291666666666667,24,24,24,24,24,1
2022-06-24,제주,631.67,631.67,24,24,완전,314.758,26.3625,23.9,29.2,85.83333333333333,6.0625,8.333333333333334,24,24,24,24,24,1
2022-06-25,제주,1380.41,1380.41,24,24,완전,314.758,27.1375,24.1,32.0,78.83333333333333,2.5,5.041666666666667,24,24,24,24,24,1
2022-06-26,제주,838.91,838.91,24,24,완전,314.758,29.77916666666667,25.3,34.1,68.45833333333333,4.675,5.416666666666667,24,24,24,24,24,1
2022-06-27,제주,591.71,591.71,24,24,완전,314.758,30.40833333333333,27.8,32.4,66.16666666666667,4.3374999999999995,8.666666666666666,24,24,24,24,24,1
2022-06-28,제주,599.56,599.56,24,24,완전,314.758,30.708333333333332,29.1,32.8,63.666666666666664,5.075,8.166666666666666,24,24,24,24,24,1
2022-06-29,제주,876.4,876.4,24,24,완전,314.758,30.34583333333333,28.3,33.6,69.16666666666667,4.904166666666667,6.666666666666667,24,24,24,24,24,1
2022-06-30,제주,1317.37,1317.37,24,24,완전,314.758,28.775,26.5,31.7,76.83333333333333,2.891666666666666,4.708333333333333,24,24,24,24,24,1
2022-07-01,제주,1761.11,1761.11,24,24,완전,318.531,28.4,25.6,32.4,79.66666666666667,2.4625,1.1666666666666667,24,24,24,24,24,1
2022-07-02,제주,1773.37,1773.37,24,24,완전,318.531,27.429166666666664,24.5,30.1,77.70833333333333,3.35,2.5833333333333335,24,24,24,24,24,1
2022-07-03,제주,1305.52,1305.52,24,24,완전,318.531,28.383333333333336,25.6,32.8,76.91666666666667,3.283333333333333,7.708333333333333,24,24,24,24,24,1
2022-07-04,제주,1004.51,1004.51,24,24,완전,318.531,27.9625,26.1,30.6,80.79166666666667,3.4791666666666665,5.291666666666667,24,24,24,24,24,1
2022-07-05,제주,1156.44,1156.44,24,24,완전,318.531,28.233333333333334,25.7,30.6,81.70833333333333,2.1791666666666667,6.875,24,24,24,24,24,1
2022-07-06,제주,1487.5,1487.5,24,24,완전,318.531,30.070833333333336,27.0,33.1,76.25,2.275,5.916666666666667,24,24,24,24,24,1
2022-07-07,제주,1010.52,1010.52,24,24,완전,318.531,31.729166666666668,28.7,35.7,68.125,3.7375,4.75,24,24,24,24,24,1
2022-07-08,제주,1068.35,1068.35,24,24,완전,318.531,29.71666666666667,27.7,32.4,80.95833333333333,3.891666666666667,5.125,24,24,24,24,24,1
2022-07-09,제주,1941.75,1941.75,24,24,완전,318.531,28.733333333333334,26.2,32.1,75.70833333333333,3.1374999999999997,2.375,24,24,24,24,24,1
2022-07-10,제주,1642.9,1642.9,24,24,완전,318.531,28.445833333333336,25.6,32.2,79.875,2.375,4.583333333333333,24,24,24,24,24,1
2022-07-11,제주,618.59,618.59,24,24,완전,318.531,27.991666666666664,25.2,31.1,85.54166666666667,2.2333333333333334,8.708333333333334,24,24,24,24,24,1
2022-07-12,제주,886.5,886.5,24,24,완전,318.531,29.229166666666668,26.7,32.0,81.08333333333333,2.6833333333333336,7.375,24,24,24,24,24,1
2022-07-13,제주,939.62,939.62,24,24,완전,318.531,29.508333333333336,27.1,32.8,78.79166666666667,2.35,7.333333333333333,24,24,24,24,24,1
2022-07-14,제주,707.15,707.15,24,24,완전,318.531,28.995833333333337,26.8,32.5,82.20833333333333,3.1166666666666667,6.833333333333333,24,24,24,24,24,1
2022-07-15,제주,471.51,471.51,24,24,완전,318.531,26.729166666666668,25.3,29.2,90.29166666666669,2.158333333333333,9.0,24,24,24,24,24,1
2022-07-16,제주,1571.97,1571.97,24,24,완전,318.531,27.008333333333336,23.5,30.8,83.375,3.204166666666667,6.708333333333333,24,24,24,24,24,1
2022-07-17,제주,912.7,912.7,24,24,완전,318.531,27.941666666666663,26.5,30.8,75.5,2.4541666666666666,9.708333333333334,24,24,24,24,24,1
2022-07-18,제주,445.31,445.31,24,24,완전,318.531,29.0125,27.0,32.1,81.95833333333333,4.095833333333333,9.625,24,24,24,24,24,1
2022-07-19,제주,1837.17,1837.17,24,24,완전,318.531,27.8,25.2,30.6,80.91666666666667,3.4458333333333333,5.625,24,24,24,24,24,1
2022-07-20,제주,1437.37,1437.37,24,24,완전,318.531,27.27916666666667,24.6,30.0,75.29166666666667,2.408333333333333,7.0,24,24,24,24,24,1
2022-07-21,제주,1479.04,1479.04,24,24,완전,318.531,27.995833333333337,25.2,31.6,77.0,5.4750000000000005,7.5,24,24,24,24,24,1
2022-07-22,제주,1772.36,1772.36,24,24,완전,318.531,27.108333333333334,24.6,30.3,75.95833333333333,3.2541666666666664,4.5,24,24,24,24,24,1
2022-07-23,제주,1346.07,1346.07,24,24,완전,318.531,28.02916666666667,25.5,30.8,75.79166666666667,2.5875,6.958333333333333,24,24,24,24,24,1
2022-07-24,제주,1533.33,1533.33,24,24,완전,318.531,27.47083333333333,25.2,29.6,82.41666666666667,3.8708333333333336,7.208333333333333,24,24,24,24,24,1
2022-07-25,제주,1595.3,1595.3,24,24,완전,318.531,26.945833333333336,24.7,29.8,76.91666666666667,2.5708333333333333,3.5416666666666665,24,24,24,24,24,1
2022-07-26,제주,1632.8,1632.8,24,24,완전,318.531,27.4,23.3,32.5,75.04166666666667,2.8958333333333335,1.4583333333333333,24,24,24,24,24,1
2022-07-27,제주,1147.05,1147.05,24,24,완전,318.531,28.741666666666664,25.6,32.9,75.54166666666667,3.5708333333333333,3.0833333333333335,24,24,24,24,24,1
2022-07-28,제주,1487.51,1487.51,24,24,완전,318.531,30.120833333333337,26.5,35.6,73.25,3.4499999999999997,4.041666666666667,24,24,24,24,24,1
2022-07-29,제주,1371.55,1371.55,24,24,완전,318.531,28.90416666666667,26.8,31.9,83.79166666666667,4.333333333333333,4.958333333333333,24,24,24,24,24,1
2022-07-30,제주,306.84,306.84,24,24,완전,318.531,27.1625,26.3,28.1,94.20833333333331,4.004166666666666,9.416666666666666,24,24,24,24,24,1
2022-07-31,제주,451.62,451.62,24,24,완전,318.531,27.829166666666666,26.3,29.4,90.0,3.779166666666667,10.0,24,24,24,24,24,1
2022-08-01,제주,618.94,618.94,24,24,완전,323.159,29.104166666666668,27.3,30.8,84.375,3.9958333333333336,9.625,24,24,24,24,24,1
2022-08-02,제주,1105.66,1105.66,24,24,완전,323.159,29.7,27.5,33.0,85.20833333333333,2.1458333333333335,7.958333333333333,24,24,24,24,24,1
2022-08-03,제주,1561.24,1561.24,24,24,완전,323.159,29.770833333333332,27.5,32.4,84.08333333333333,2.1458333333333335,5.208333333333333,24,24,24,24,24,1
2022-08-04,제주,1353.59,1353.59,24,24,완전,323.159,30.4875,27.1,33.7,77.20833333333333,2.9583333333333335,2.8333333333333335,24,24,24,24,24,1
2022-08-05,제주,1490.82,1490.82,24,24,완전,323.159,31.141666666666666,27.8,35.2,72.125,3.925,2.4166666666666665,24,24,24,24,24,1
2022-08-06,제주,1430.32,1430.32,24,24,완전,323.159,30.758333333333336,28.1,33.5,79.79166666666667,2.5681818181818183,3.5416666666666665,24,24,24,22,24,0
2022-08-07,제주,1539.48,1539.48,24,24,완전,323.159,31.375,28.9,34.3,75.25,2.845833333333333,4.208333333333333,24,24,24,24,24,1
2022-08-08,제주,1683.63,1683.63,24,24,완전,323.159,31.8,28.5,36.5,65.83333333333333,2.4166666666666665,5.333333333333333,24,24,24,24,24,1
2022-08-09,제주,1656.33,1656.33,24,24,완전,323.159,31.0125,27.2,35.1,66.29166666666667,2.983333333333333,6.708333333333333,24,24,24,24,24,1
2022-08-10,제주,1521.84,1521.84,24,24,완전,323.159,31.5125,28.3,36.9,66.5,3.2708333333333335,7.833333333333333,24,24,24,24,24,1
2022-08-11,제주,1068.64,1068.64,24,24,완전,323.159,31.28333333333333,28.3,35.5,67.5,3.5666666666666664,8.75,24,24,24,24,24,1
2022-08-12,제주,1049.27,1049.27,24,24,완전,323.159,30.15833333333333,27.1,33.7,78.54166666666667,2.9499999999999997,7.875,24,24,24,24,24,1
2022-08-13,제주,1562.65,1562.65,24,24,완전,323.159,30.9625,27.7,34.1,76.16666666666667,2.466666666666667,4.0,24,24,24,24,24,1
2022-08-14,제주,1462.8,1462.8,24,24,완전,323.159,31.175,28.1,34.8,72.875,2.4541666666666666,5.208333333333333,24,24,24,24,24,1
2022-08-15,제주,1454.52,1454.52,24,24,완전,323.159,32.00416666666667,28.2,36.4,64.04166666666667,4.8125,5.666666666666667,24,24,24,24,24,1
2022-08-16,제주,971.1,971.1,24,24,완전,323.159,31.058333333333337,27.8,33.6,73.16666666666667,6.420833333333333,8.208333333333334,24,24,24,24,24,1
2022-08-17,제주,158.67,158.67,24,24,완전,323.159,27.0125,25.3,28.4,93.625,3.579166666666667,9.125,24,24,24,24,24,1
2022-08-18,제주,1590.32,1590.32,24,24,완전,323.159,27.329166666666666,24.1,30.3,75.95833333333333,2.3916666666666666,5.916666666666667,24,24,24,24,24,1
2022-08-19,제주,1502.45,1502.45,24,24,완전,323.159,30.670833333333334,26.8,34.8,70.79166666666667,3.6041666666666665,5.458333333333333,24,24,24,24,24,1
2022-08-20,제주,537.14,537.14,24,24,완전,323.159,29.40833333333333,27.5,32.3,79.41666666666667,2.6958333333333333,7.75,24,24,24,24,24,1
2022-08-21,제주,1442.15,1442.15,24,24,완전,323.159,28.0,26.1,30.5,80.16666666666667,3.1374999999999997,6.5,24,24,24,24,24,1
2022-08-22,제주,1489.25,1489.25,24,24,완전,323.159,28.325,25.1,31.3,76.95833333333333,2.6125,4.75,24,24,24,24,24,1
2022-08-23,제주,1312.81,1312.81,24,24,완전,323.159,29.525,25.8,33.4,70.66666666666667,2.279166666666667,7.416666666666667,24,24,24,24,24,1
2022-08-24,제주,1343.3,1343.3,24,24,완전,323.159,27.704166666666666,23.9,30.7,73.20833333333333,3.0833333333333335,6.791666666666667,24,24,24,24,24,1
2022-08-25,제주,1708.73,1708.73,24,24,완전,323.159,26.645833333333332,23.0,30.5,68.29166666666667,3.3125,4.083333333333333,24,24,24,24,24,1
2022-08-26,제주,768.73,768.73,24,24,완전,323.159,26.370833333333337,24.9,29.2,69.66666666666667,2.9166666666666665,7.375,24,24,24,24,24,1
2022-08-27,제주,1524.9,1524.9,24,24,완전,323.159,26.21666666666667,22.9,30.0,66.54166666666667,3.0833333333333335,6.0,24,24,24,24,24,1
2022-08-28,제주,1448.66,1448.66,24,24,완전,323.159,24.4125,21.2,27.5,70.5,3.65,5.666666666666667,24,24,24,24,24,1
2022-08-29,제주,1240.44,1240.44,24,24,완전,323.159,25.5875,22.9,27.8,77.70833333333333,3.4499999999999997,6.5,24,24,24,24,24,1
2022-08-30,제주,1311.75,1311.75,24,24,완전,323.159,28.079166666666666,24.4,32.3,67.875,2.5208333333333335,5.625,24,24,24,24,24,1
2022-08-31,제주,1044.77,1044.77,24,24,완전,323.159,26.34166666666667,24.4,28.9,78.625,3.0541666666666667,8.875,24,24,24,24,24,1
2022-09-01,제주,615.7,615.7,24,24,완전,338.319,24.775,24.1,25.8,82.5,3.6333333333333337,9.916666666666666,24,24,24,24,24,1
2022-09-02,제주,139.12,139.12,24,24,완전,338.319,23.320833333333336,22.0,24.9,94.95833333333331,4.033333333333333,10.0,24,24,24,24,24,1
2022-09-03,제주,533.62,533.62,24,24,완전,338.319,25.691666666666663,23.7,28.4,93.95833333333331,3.8875,9.708333333333334,24,24,24,24,24,1
2022-09-04,제주,444.14,444.14,24,24,완전,338.319,26.3375,24.2,29.8,91.375,3.029166666666667,9.583333333333334,24,24,24,24,24,1
2022-09-05,제주,182.84,182.84,24,24,완전,338.319,26.541666666666668,25.7,27.2,95.54166666666669,5.754166666666666,10.0,24,24,24,24,24,1
2022-09-06,제주,1199.96,1199.96,24,24,완전,338.319,23.5375,21.6,26.1,83.45833333333333,7.179166666666667,6.666666666666667,24,24,24,24,24,1
2022-09-07,제주,1848.99,1848.99,24,24,완전,338.319,23.95,18.7,28.8,59.916666666666664,2.0791666666666666,1.7916666666666667,24,24,24,24,24,1
2022-09-08,제주,1769.71,1769.71,24,24,완전,338.319,24.275,20.7,27.2,70.70833333333333,2.6875,4.833333333333333,24,24,24,24,24,1
2022-09-09,제주,1279.04,1279.04,24,24,완전,338.319,24.333333333333332,22.2,27.2,74.70833333333333,2.970833333333333,6.083333333333333,24,24,24,24,24,1
2022-09-10,제주,834.89,834.89,24,24,완전,338.319,24.02916666666667,22.2,27.2,84.45833333333333,3.8125,8.5,24,24,24,24,24,1
2022-09-11,제주,727.39,727.39,24,24,완전,338.319,24.55,23.0,26.5,90.04166666666667,3.420833333333333,8.666666666666666,24,24,24,24,24,1
2022-09-12,제주,324.42,324.42,24,24,완전,338.319,24.516666666666666,24.0,24.9,91.54166666666669,3.0124999999999997,9.791666666666666,24,24,24,24,24,1
2022-09-13,제주,137.29,137.29,24,24,완전,338.319,24.354166666666668,23.9,24.9,93.79166666666669,4.5249999999999995,9.875,24,24,24,24,24,1
2022-09-14,제주,766.67,766.67,24,24,완전,338.319,24.7875,24.5,25.1,92.91666666666669,4.7124999999999995,10.0,24,24,24,24,24,1
2022-09-15,제주,439.43,439.43,24,24,완전,338.319,25.458333333333332,24.7,26.7,94.29166666666669,4.608333333333333,9.916666666666666,24,24,24,24,24,1
2022-09-16,제주,1252.73,1252.73,24,24,완전,338.319,28.6375,25.5,32.5,76.79166666666667,2.875,5.583333333333333,24,24,24,24,24,1
2022-09-17,제주,1118.68,1118.68,24,24,완전,338.319,26.3875,24.9,28.2,83.95833333333333,2.875,8.333333333333334,24,24,24,24,24,1
2022-09-18,제주,1374.03,1374.03,24,24,완전,338.319,27.1125,25.2,29.9,84.04166666666667,2.3666666666666667,8.0,24,24,24,24,24,1
2022-09-19,제주,1522.23,1522.23,24,24,완전,338.319,25.2875,22.4,27.4,78.95833333333333,5.108333333333333,6.833333333333333,24,24,24,24,24,1
2022-09-20,제주,965.57,965.57,24,24,완전,338.319,22.854166666666668,21.5,24.9,66.29166666666667,3.4125,7.541666666666667,24,24,24,24,24,1
2022-09-21,제주,1269.97,1269.97,24,24,완전,338.319,21.833333333333332,20.3,24.6,64.58333333333333,3.1833333333333336,7.375,24,24,24,24,24,1
2022-09-22,제주,1102.75,1102.75,24,24,완전,338.319,22.004166666666663,20.1,25.2,76.33333333333333,2.9791666666666665,6.0,24,24,24,24,24,1
2022-09-23,제주,1433.85,1433.85,24,24,완전,338.319,22.5625,19.5,26.6,73.75,3.0041666666666664,6.458333333333333,24,24,24,24,24,1
2022-09-24,제주,1687.08,1687.08,24,24,완전,338.319,21.1625,19.1,23.8,58.041666666666664,2.8958333333333335,7.083333333333333,24,24,24,24,24,1
2022-09-25,제주,1067.48,1067.48,24,24,완전,338.319,22.308333333333337,20.2,25.4,71.125,2.8166666666666664,8.625,24,24,24,24,24,1
2022-09-26,제주,1361.14,1361.14,24,24,완전,338.319,22.679166666666664,20.6,26.2,69.0,2.2708333333333335,8.208333333333334,24,24,24,24,24,1
2022-09-27,제주,1612.71,1612.71,24,24,완전,338.319,22.683333333333337,19.6,25.8,72.125,2.3000000000000003,5.958333333333333,24,24,24,24,24,1
2022-09-28,제주,672.63,672.63,24,24,완전,338.319,22.979166666666668,21.1,26.1,81.41666666666667,2.279166666666667,8.958333333333334,24,24,24,24,24,1
2022-09-29,제주,1311.5,1311.5,24,24,완전,338.319,22.708333333333332,18.4,26.4,69.875,2.3833333333333333,5.291666666666667,24,24,24,24,24,1
2022-09-30,제주,1838.42,1838.42,24,24,완전,338.319,21.554166666666664,17.3,26.2,64.20833333333333,2.525,0.4166666666666667,24,24,24,24,24,1
2022-10-01,제주,1800.79,1800.79,24,24,완전,354.942,22.391666666666666,17.8,26.5,58.541666666666664,2.7624999999999997,1.625,24,24,24,24,24,1
2022-10-02,제주,1146.37,1146.37,24,24,완전,354.942,24.579166666666666,18.9,30.3,62.375,2.191666666666667,1.125,24,24,24,24,24,1
2022-10-03,제주,1401.31,1401.31,24,24,완전,354.942,25.925,22.7,29.3,75.54166666666667,1.8625,2.9166666666666665,24,24,24,24,24,1
2022-10-04,제주,455.17,455.17,24,24,완전,354.942,22.208333333333332,18.4,27.6,81.04166666666667,3.65,7.25,24,24,24,24,24,1
2022-10-05,제주,1589.51,1589.51,24,24,완전,354.942,19.416666666666668,17.8,22.1,66.45833333333333,3.095833333333333,7.333333333333333,24,24,24,24,24,1
2022-10-06,제주,773.19,773.19,24,24,완전,354.942,18.570833333333333,16.7,21.4,72.16666666666667,2.8625000000000003,9.5,24,24,24,24,24,1
2022-10-07,제주,1234.76,1234.76,24,24,완전,354.942,17.920833333333334,15.8,20.8,63.375,4.041666666666667,8.375,24,24,24,24,24,1
2022-10-08,제주,440.79,440.79,24,24,완전,354.942,17.904166666666665,15.6,20.4,79.0,3.3041666666666667,9.458333333333334,24,24,24,24,24,1
2022-10-09,제주,427.36,427.36,24,24,완전,354.942,18.645833333333332,16.8,20.1,83.83333333333333,3.408333333333333,9.791666666666666,24,24,24,24,24,1
2022-10-10,제주,1283.61,1283.61,24,24,완전,354.942,16.483333333333334,15.0,18.1,64.08333333333333,6.516666666666667,7.166666666666667,24,24,24,24,24,1
2022-10-11,제주,1599.87,1599.87,24,24,완전,354.942,17.129166666666666,15.6,19.8,62.75,4.579166666666667,6.041666666666667,24,24,24,24,24,1
2022-10-12,제주,1833.29,1833.29,24,24,완전,354.942,17.7625,13.0,20.4,70.875,3.1666666666666665,2.9583333333333335,24,24,24,24,24,1
2022-10-13,제주,1490.05,1490.05,24,24,완전,354.942,19.5875,17.9,21.3,71.45833333333333,4.316666666666666,5.666666666666667,24,24,24,24,24,1
2022-10-14,제주,1381.22,1381.22,24,24,완전,354.942,19.441666666666663,17.8,21.8,76.375,3.225,4.875,24,24,24,24,24,1
2022-10-15,제주,1698.48,1698.48,24,24,완전,354.942,20.2875,17.9,22.9,75.5,2.6333333333333333,4.416666666666667,24,24,24,24,24,1
2022-10-16,제주,993.5,993.5,24,24,완전,354.942,20.4125,18.8,22.4,80.16666666666667,2.6125000000000003,5.791666666666667,24,24,24,24,24,1
2022-10-17,제주,1462.91,1462.91,24,24,완전,354.942,17.283333333333335,14.2,20.0,61.708333333333336,4.354166666666667,4.666666666666667,24,24,24,24,24,1
2022-10-18,제주,1853.09,1853.09,24,24,완전,354.942,14.766666666666666,13.2,17.3,53.916666666666664,6.208333333333333,3.0,24,24,24,24,24,1
2022-10-19,제주,1886.71,1886.71,24,24,완전,354.942,15.208333333333334,12.8,18.5,57.0,3.720833333333333,1.4166666666666667,24,24,24,24,24,1
2022-10-20,제주,1807.78,1807.78,24,24,완전,354.942,15.7125,11.5,19.9,67.70833333333333,2.7708333333333335,0.5,24,24,24,24,24,1
2022-10-21,제주,1068.32,1068.32,24,24,완전,354.942,17.9375,13.5,21.8,77.04166666666667,2.566666666666667,5.958333333333333,24,24,24,24,24,1
2022-10-22,제주,943.54,943.54,24,24,완전,354.942,20.191666666666663,18.0,24.0,76.75,1.9458333333333335,6.875,24,24,24,24,24,1
2022-10-23,제주,1642.62,1642.62,24,24,완전,354.942,17.537499999999998,15.3,20.4,69.66666666666667,3.7125,3.5833333333333335,24,24,24,24,24,1
2022-10-24,제주,1789.38,1789.38,24,24,완전,354.942,15.7125,13.3,17.7,54.5,5.883333333333333,2.1666666666666665,24,24,24,24,24,1
2022-10-25,제주,1652.94,1652.94,24,24,완전,354.942,14.608333333333334,12.0,17.7,54.625,4.0874999999999995,2.0833333333333335,24,24,24,24,24,1
2022-10-26,제주,1160.62,1160.62,24,24,완전,354.942,17.341666666666665,13.9,20.5,65.5,3.275,7.291666666666667,24,24,24,24,24,1
2022-10-27,제주,899.8199999999999,899.8199999999999,24,24,완전,354.942,17.225,13.6,21.0,62.583333333333336,2.0625,6.125,24,24,24,24,24,1
2022-10-28,제주,1575.88,1575.88,24,24,완전,354.942,16.320833333333333,12.6,20.4,73.0,2.4166666666666665,3.875,24,24,24,24,24,1
2022-10-29,제주,1112.95,1112.95,24,24,완전,354.942,17.908333333333335,14.9,20.5,77.04166666666667,3.8958333333333335,4.208333333333333,24,24,24,24,24,1
2022-10-30,제주,1411.85,1411.85,24,24,완전,354.942,17.570833333333333,15.8,19.6,73.41666666666667,3.483333333333333,4.25,24,24,24,24,24,1
2022-10-31,제주,1428.25,1428.25,24,24,완전,354.942,17.341666666666665,16.0,19.5,71.125,3.9125,4.791666666666667,24,24,24,24,24,1
2022-11-01,제주,1654.59,1654.59,24,24,완전,362.465,17.408333333333335,14.5,21.1,74.16666666666667,2.245833333333333,2.1666666666666665,24,24,24,24,24,1
2022-11-02,제주,1597.72,1597.72,24,24,완전,362.465,16.375,13.2,19.6,73.45833333333333,2.466666666666667,2.1666666666666665,24,24,24,24,24,1
2022-11-03,제주,1763.39,1763.39,24,24,완전,362.465,15.720833333333331,11.4,20.1,60.375,3.2083333333333335,2.4166666666666665,24,24,24,24,24,1
2022-11-04,제주,1562.73,1562.73,24,24,완전,362.465,12.658333333333331,10.6,14.9,61.541666666666664,4.395833333333333,5.416666666666667,24,24,24,24,24,1
2022-11-05,제주,1633.15,1633.15,24,24,완전,362.465,12.65,10.8,15.6,59.541666666666664,3.9875,5.0,24,24,24,24,24,1
2022-11-06,제주,1588.98,1588.98,24,24,완전,362.465,12.825,8.5,16.9,59.125,2.7125,2.25,24,24,24,24,24,1
2022-11-07,제주,1571.0,1571.0,24,24,완전,362.465,13.529166666666669,9.6,18.0,65.625,2.191666666666667,1.0833333333333333,24,24,24,24,24,1
2022-11-08,제주,1608.1,1608.1,24,24,완전,362.465,14.858333333333334,10.5,20.5,60.125,2.279166666666667,0.125,24,24,24,24,24,1
2022-11-09,제주,1488.72,1488.72,24,24,완전,362.465,16.191666666666666,12.1,21.0,64.45833333333333,2.7875,1.8333333333333333,24,24,24,24,24,1
2022-11-10,제주,631.98,631.98,24,24,완전,362.465,18.433333333333337,15.0,23.5,80.375,2.9416666666666664,7.166666666666667,24,24,24,24,24,1
2022-11-11,제주,929.21,929.21,24,24,완전,362.465,20.375,18.1,23.5,77.25,3.4125,3.7083333333333335,24,24,24,24,24,1
2022-11-12,제주,382.39,382.39,24,24,완전,362.465,20.179166666666667,17.3,24.0,84.66666666666667,1.75,5.625,24,24,24,24,24,1
2022-11-13,제주,642.25,642.25,24,24,완전,362.465,15.408333333333331,13.0,21.2,80.08333333333333,4.829166666666667,9.333333333333334,24,24,24,24,24,1
2022-11-14,제주,1141.35,1141.35,24,24,완전,362.465,13.7875,12.4,16.1,69.0,3.6625,8.291666666666666,24,24,24,24,24,1
2022-11-15,제주,1484.42,1484.42,24,24,완전,362.465,13.275,10.7,16.5,60.666666666666664,3.25,4.416666666666667,24,24,24,24,24,1
2022-11-16,제주,1260.4,1260.4,24,24,완전,362.465,13.466666666666669,9.8,18.5,69.125,2.4583333333333335,3.0833333333333335,24,24,24,24,24,1
2022-11-17,제주,621.5699999999999,621.5699999999999,24,24,완전,362.465,14.075,11.5,17.6,71.41666666666667,1.9708333333333332,8.375,24,24,24,24,24,1
2022-11-18,제주,1294.64,1294.64,24,24,완전,362.465,15.970833333333331,14.0,18.7,78.45833333333333,3.125,5.875,24,24,24,24,24,1
2022-11-19,제주,728.83,728.83,24,24,완전,362.465,17.099999999999998,15.1,19.7,76.83333333333333,3.1625,5.916666666666667,24,24,24,24,24,1
2022-11-20,제주,105.25,105.25,24,24,완전,362.465,15.7625,14.4,17.0,90.0,2.4916666666666667,8.708333333333334,24,24,24,24,24,1
2022-11-21,제주,1252.66,1252.66,24,24,완전,362.465,16.145833333333332,14.0,19.6,81.08333333333333,2.1333333333333333,5.333333333333333,24,24,24,24,24,1
2022-11-22,제주,161.47,161.47,24,24,완전,362.465,15.625,13.9,18.2,78.91666666666667,2.654166666666667,9.416666666666666,24,24,24,24,24,1
2022-11-23,제주,985.22,985.22,24,24,완전,362.465,14.583333333333334,11.1,16.1,79.58333333333333,3.7083333333333335,7.291666666666667,24,24,24,24,24,1
2022-11-24,제주,1401.04,1401.04,24,24,완전,362.465,12.879166666666668,9.6,17.7,66.91666666666667,2.2333333333333334,3.0416666666666665,24,24,24,24,24,1
2022-11-25,제주,1239.09,1239.09,24,24,완전,362.465,14.695833333333333,9.2,21.5,54.333333333333336,2.3958333333333335,3.5416666666666665,24,24,24,24,24,1
2022-11-26,제주,1187.25,1187.25,24,24,완전,362.465,15.1875,11.0,18.5,70.08333333333333,2.9458333333333333,4.0,24,24,24,24,24,1
2022-11-27,제주,1103.3,1103.3,24,24,완전,362.465,14.033333333333331,9.0,19.4,61.791666666666664,2.4875000000000003,5.041666666666667,24,24,24,24,24,1
2022-11-28,제주,649.93,649.93,24,24,완전,362.465,21.46666666666667,15.5,26.7,67.29166666666667,3.3208333333333333,8.5,24,24,24,24,24,1
2022-11-29,제주,245.52,245.52,24,24,완전,362.465,15.1125,9.3,21.0,82.29166666666667,4.508333333333334,9.583333333333334,24,24,24,24,24,1
2022-11-30,제주,197.56,197.56,24,24,완전,362.465,6.041666666666667,4.3,8.7,68.41666666666667,6.533333333333334,9.833333333333334,24,24,24,24,24,1
2022-12-01,제주,668.36,668.36,24,24,완전,368.1209999999999,5.270833333333333,4.1,6.8,64.08333333333333,4.0874999999999995,8.041666666666666,24,24,24,24,24,1
2022-12-02,제주,1315.81,1315.81,24,24,완전,368.1209999999999,6.979166666666667,5.4,10.0,64.91666666666667,2.7083333333333335,7.416666666666667,24,24,24,24,24,1
2022-12-03,제주,213.03,213.03,24,24,완전,368.1209999999999,10.158333333333331,5.9,12.3,83.25,2.029166666666667,9.5,24,24,24,24,24,1
2022-12-04,제주,489.51,489.51,24,24,완전,368.1209999999999,8.4625,6.6,10.9,67.33333333333333,4.291666666666667,9.208333333333334,24,24,24,24,24,1
2022-12-05,제주,568.52,568.52,24,24,완전,368.1209999999999,5.970833333333334,4.6,7.5,60.416666666666664,5.154166666666667,7.041666666666667,24,24,24,24,24,1
2022-12-06,제주,1123.62,1123.62,24,24,완전,368.1209999999999,8.170833333333333,3.8,12.1,55.541666666666664,4.383333333333334,5.625,24,24,24,24,24,1
2022-12-07,제주,1143.0,1143.0,24,24,완전,368.1209999999999,10.333333333333334,6.9,13.8,56.208333333333336,3.475,4.708333333333333,24,24,24,24,24,1
2022-12-08,제주,674.34,674.34,24,24,완전,368.1209999999999,8.825000000000001,5.3,12.4,62.5,2.095833333333333,6.375,24,24,24,24,24,1
2022-12-09,제주,464.98,464.98,24,24,완전,368.1209999999999,11.066666666666668,8.2,14.5,56.458333333333336,1.9791666666666667,8.25,24,24,24,24,24,1
2022-12-10,제주,614.12,614.12,24,24,완전,368.1209999999999,10.933333333333332,8.8,14.1,69.79166666666667,2.4875000000000003,8.083333333333334,24,24,24,24,24,1
2022-12-11,제주,883.61,883.61,24,24,완전,368.1209999999999,9.375,5.9,10.7,61.708333333333336,5.183333333333334,5.875,24,24,24,24,24,1
2022-12-12,제주,432.89,432.89,24,24,완전,368.1209999999999,8.029166666666667,5.4,10.3,69.33333333333333,3.329166666666667,6.875,24,24,24,24,24,1
2022-12-13,제주,952.09,952.09,24,24,완전,368.1209999999999,9.970833333333331,8.3,11.7,54.291666666666664,6.270833333333333,7.041666666666667,24,24,24,24,24,1
2022-12-14,제주,563.93,563.93,24,24,완전,368.1209999999999,4.6000000000000005,2.5,7.4,69.54166666666667,6.0125,8.166666666666666,24,24,24,24,24,1
2022-12-15,제주,1100.1,1100.1,24,24,완전,368.1209999999999,6.404166666666666,2.7,10.9,64.5,2.4625,4.958333333333333,24,24,24,24,24,1
2022-12-16,제주,350.37,350.37,24,24,완전,368.1209999999999,5.941666666666666,4.6,8.8,68.70833333333333,4.295833333333333,9.541666666666666,24,24,24,24,24,1
2022-12-17,제주,315.25,315.25,24,24,완전,368.1209999999999,3.7125,1.0,5.7,72.5,6.833333333333333,9.291666666666666,24,24,24,24,24,1
2022-12-18,제주,359.84,359.84,24,24,완전,368.1209999999999,2.3333333333333335,0.6,3.6,68.33333333333333,9.433333333333334,8.208333333333334,24,24,24,24,24,1
2022-12-19,제주,715.11,715.11,24,24,완전,368.1209999999999,6.116666666666667,3.5,8.5,60.708333333333336,4.2875000000000005,8.083333333333334,24,24,24,24,24,1
2022-12-20,제주,1275.02,1275.02,24,24,완전,368.1209999999999,8.2375,4.2,12.0,68.91666666666667,2.6833333333333336,3.7916666666666665,24,24,24,24,24,1
2022-12-21,제주,324.15,324.15,24,24,완전,368.1209999999999,9.383333333333333,8.0,10.8,78.20833333333333,4.0125,9.208333333333334,24,24,24,24,24,1
2022-12-22,제주,149.42,149.42,24,24,완전,368.1209999999999,3.7625,1.2,7.7,74.58333333333333,8.237499999999999,9.166666666666666,24,24,24,24,24,1
2022-12-23,제주,224.3,224.3,24,24,완전,368.1209999999999,1.675,0.4,2.8,75.875,9.725,8.083333333333334,24,24,24,24,24,1
2022-12-24,제주,210.05,210.05,24,24,완전,368.1209999999999,3.3125,2.0,4.0,78.66666666666667,6.666666666666667,8.75,24,24,24,24,24,1
2022-12-25,제주,792.79,792.79,24,24,완전,368.1209999999999,5.5874999999999995,3.9,7.7,69.91666666666667,4.433333333333334,7.125,24,24,24,24,24,1
2022-12-26,제주,641.12,641.12,24,24,완전,368.1209999999999,6.654166666666666,5.0,8.1,68.625,3.6833333333333336,7.416666666666667,24,24,24,24,24,1
2022-12-27,제주,925.08,925.08,24,24,완전,368.1209999999999,6.6000000000000005,5.9,7.9,66.41666666666667,3.5,7.083333333333333,24,24,24,24,24,1
2022-12-28,제주,573.4,573.4,24,24,완전,368.1209999999999,6.791666666666667,5.5,8.0,63.333333333333336,3.891666666666667,7.458333333333333,24,24,24,24,24,1
2022-12-29,제주,558.0699999999999,558.0699999999999,24,24,완전,368.1209999999999,5.9375,4.9,7.5,64.54166666666667,4.183333333333334,8.5,24,24,24,24,24,1
2022-12-30,제주,706.39,706.39,24,24,완전,368.1209999999999,6.925,5.9,8.1,56.041666666666664,3.5416666666666665,7.75,24,24,24,24,24,1
2022-12-31,제주,1410.9,1410.9,24,24,완전,368.1209999999999,7.204166666666667,5.4,9.2,56.875,3.8875,5.708333333333333,24,24,24,24,24,1
2023-01-01,제주,803.94,803.94,24,24,완전,371.961,8.0,5.3,10.7,61.208333333333336,3.675,6.583333333333333,24,24,24,24,24,1
2023-01-02,제주,1134.65,1134.65,24,24,완전,371.961,5.341666666666666,4.0,7.4,59.791666666666664,4.383333333333334,7.083333333333333,24,24,24,24,24,1
2023-01-03,제주,1097.45,1097.45,24,24,완전,371.961,5.9750000000000005,4.5,8.3,60.375,4.4875,7.875,24,24,24,24,24,1
2023-01-04,제주,1435.83,1435.83,24,24,완전,371.961,6.454166666666667,4.2,9.8,63.208333333333336,2.8083333333333336,2.9583333333333335,24,24,24,24,24,1
2023-01-05,제주,982.74,982.74,24,24,완전,371.961,7.945833333333333,4.3,13.2,64.33333333333333,2.6833333333333336,3.7083333333333335,24,24,24,24,24,1
2023-01-06,제주,413.01,413.01,24,24,완전,371.961,8.950000000000001,5.6,12.3,68.91666666666667,2.5,6.75,24,24,24,24,24,1
2023-01-07,제주,1363.11,1363.11,24,24,완전,371.961,8.891666666666667,7.0,11.3,55.125,6.2625,3.25,24,24,24,24,24,1
2023-01-08,제주,1409.75,1409.75,24,24,완전,371.961,8.604166666666666,3.9,14.4,62.0,2.1374999999999997,0.2083333333333333,24,24,24,24,24,1
2023-01-09,제주,958.24,958.24,24,24,완전,371.961,10.108333333333333,6.7,16.2,68.54166666666667,3.545833333333333,4.25,24,24,24,24,24,1
2023-01-10,제주,1299.36,1299.36,24,24,완전,371.961,8.8375,3.7,15.3,69.54166666666667,2.6333333333333333,2.0833333333333335,24,24,24,24,24,1
2023-01-11,제주,1461.51,1461.51,24,24,완전,371.961,10.908333333333331,7.2,16.3,64.0,2.191666666666667,0.5,24,24,24,24,24,1
2023-01-12,제주,271.4,271.4,24,24,완전,371.961,12.375,7.4,16.4,69.875,2.0625,4.75,24,24,24,24,24,1
2023-01-13,제주,184.91,184.91,24,24,완전,371.961,17.470833333333335,14.8,20.5,90.16666666666669,4.129166666666666,9.875,24,24,24,24,24,1
2023-01-14,제주,429.73,429.73,24,24,완전,371.961,11.404166666666669,9.1,14.5,94.375,2.9583333333333335,9.875,24,24,24,24,24,1
2023-01-15,제주,166.92,166.92,24,24,완전,371.961,6.208333333333333,4.1,8.9,80.625,5.1000000000000005,9.833333333333334,24,24,24,24,24,1
2023-01-16,제주,582.4499999999999,582.4499999999999,24,24,완전,371.961,3.4416666666666664,2.9,3.9,67.375,5.441666666666666,9.375,24,24,24,24,24,1
2023-01-17,제주,349.67,349.67,24,24,완전,371.961,4.120833333333334,3.0,4.8,68.41666666666667,4.3374999999999995,9.458333333333334,24,24,24,24,24,1
2023-01-18,제주,631.12,631.12,24,24,완전,371.961,5.958333333333333,4.8,7.8,60.708333333333336,3.608333333333333,9.0,24,24,24,24,24,1
2023-01-19,제주,661.96,661.96,24,24,완전,371.961,7.120833333333334,6.1,9.0,57.291666666666664,3.6125,8.125,24,24,24,24,24,1
2023-01-20,제주,1151.5,1151.5,24,24,완전,371.961,6.491666666666667,2.5,9.7,57.916666666666664,5.095833333333333,7.291666666666667,24,24,24,24,24,1
2023-01-21,제주,937.04,937.04,24,24,완전,371.961,2.8874999999999997,1.8,4.9,66.58333333333333,2.8083333333333336,7.0,24,24,24,24,24,1
2023-01-22,제주,182.58,182.58,24,24,완전,371.961,6.491666666666667,2.1,9.3,77.16666666666667,2.5749999999999997,8.541666666666666,24,24,24,24,24,1
2023-01-23,제주,1088.71,1088.71,24,24,완전,371.961,8.166666666666666,5.7,11.8,69.54166666666667,4.620833333333334,7.75,24,24,24,24,24,1
2023-01-24,제주,217.86,217.86,24,24,완전,371.961,-0.7208333333333333,-3.0,5.2,75.54166666666667,9.575,9.125,24,24,24,24,24,1
2023-01-25,제주,1040.59,1040.59,24,24,완전,371.961,-0.975,-3.1,1.3,68.54166666666667,4.108333333333333,8.333333333333334,24,24,24,24,24,1
2023-01-26,제주,928.66,928.66,24,24,완전,371.961,5.425,0.4,9.3,68.375,2.8000000000000003,9.375,24,24,24,24,24,1
2023-01-27,제주,392.03,392.03,24,24,완전,371.961,2.7291666666666665,0.1,6.0,82.20833333333333,7.1125,9.208333333333334,24,24,24,24,24,1
2023-01-28,제주,334.09,334.09,24,24,완전,371.961,2.0166666666666666,-0.5,4.6,69.75,5.8125,8.625,24,24,24,24,24,1
2023-01-29,제주,413.55,413.55,24,24,완전,371.961,6.404166666666666,4.4,8.1,57.041666666666664,5.495833333333334,7.791666666666667,24,24,24,24,24,1
2023-01-30,제주,1781.11,1781.11,24,24,완전,371.961,6.7124999999999995,2.7,9.4,50.833333333333336,4.329166666666667,2.9166666666666665,24,24,24,24,24,1
2023-01-31,제주,1691.66,1691.66,24,24,완전,371.961,7.008333333333333,1.3,14.0,55.125,2.4375,1.5833333333333333,24,24,24,24,24,1
2023-02-01,제주,1439.28,1439.28,24,24,완전,378.932,9.045833333333333,4.5,13.2,67.08333333333333,3.545833333333333,5.25,24,24,24,24,24,1
2023-02-02,제주,1646.82,1646.82,24,24,완전,378.932,5.158333333333333,3.5,7.9,56.75,3.6625,5.916666666666667,24,24,24,24,24,1
2023-02-03,제주,1266.9,1266.9,24,24,완전,378.932,4.766666666666667,3.7,6.6,62.583333333333336,3.3708333333333336,7.5,24,24,24,24,24,1
2023-02-04,제주,1747.19,1747.19,24,24,완전,378.932,6.033333333333334,4.2,9.0,59.666666666666664,3.0875,3.5416666666666665,24,24,24,24,24,1
2023-02-05,제주,1670.39,1670.39,24,24,완전,378.932,5.954166666666667,1.8,10.3,55.166666666666664,2.120833333333333,2.1666666666666665,24,24,24,24,24,1
2023-02-06,제주,265.75,265.75,24,24,완전,378.932,7.891666666666667,4.7,11.1,69.25,2.2875,9.708333333333334,24,24,24,24,24,1
2023-02-07,제주,1236.84,1236.84,24,24,완전,378.932,10.333333333333334,7.1,14.6,68.375,2.3666666666666667,5.458333333333333,24,24,24,24,24,1
2023-02-08,제주,1862.53,1862.53,24,24,완전,378.932,8.525,4.6,12.3,59.333333333333336,2.591666666666667,3.4583333333333335,24,24,24,24,24,1
2023-02-09,제주,395.09,395.09,24,24,완전,378.932,9.516666666666667,6.9,13.2,69.04166666666667,2.7375000000000003,9.5,24,24,24,24,24,1
2023-02-10,제주,1118.0,1118.0,24,24,완전,378.932,8.629166666666666,6.0,10.3,84.54166666666667,3.8166666666666664,7.5,24,24,24,24,24,1
2023-02-11,제주,372.84,372.84,24,24,완전,378.932,8.983333333333333,4.9,12.8,81.33333333333333,2.3208333333333333,8.416666666666666,24,24,24,24,24,1
2023-02-12,제주,316.54,316.54,24,24,완전,378.932,10.9,9.7,13.5,82.20833333333333,3.545833333333333,8.416666666666666,24,24,24,24,24,1
2023-02-13,제주,377.41,377.41,24,24,완전,378.932,9.329166666666667,7.4,10.4,86.125,3.7708333333333335,9.583333333333334,24,24,24,24,24,1
2023-02-14,제주,1839.93,1839.93,24,24,완전,378.932,6.675,4.6,9.1,68.66666666666667,3.908333333333333,6.125,24,24,24,24,24,1
2023-02-15,제주,722.39,722.39,24,24,완전,378.932,5.2250000000000005,3.5,6.7,82.625,2.275,9.125,24,24,24,24,24,1
2023-02-16,제주,645.25,645.25,24,24,완전,378.932,6.908333333333334,5.4,8.0,88.20833333333333,2.033333333333333,9.166666666666666,24,24,24,24,24,1
2023-02-17,제주,307.71000000000004,307.71000000000004,24,24,완전,378.932,9.0875,4.6,12.3,86.54166666666667,1.9791666666666667,8.875,24,24,24,24,24,1
2023-02-18,제주,279.84,279.84,24,24,완전,378.932,13.329166666666666,11.5,16.2,88.875,2.1958333333333333,9.375,24,24,24,24,24,1
2023-02-19,제주,818.0600000000001,818.0600000000001,24,24,완전,378.932,8.674999999999999,4.3,13.4,78.16666666666667,5.383333333333333,8.625,24,24,24,24,24,1
2023-02-20,제주,1813.07,1813.07,24,24,완전,378.932,6.016666666666667,3.1,9.9,57.5,4.9750000000000005,4.0,24,24,24,24,24,1
2023-02-21,제주,2038.2,2038.2,24,24,완전,378.932,3.5708333333333333,1.2,6.3,54.541666666666664,4.566666666666666,4.375,24,24,24,24,24,1
2023-02-22,제주,871.53,871.53,24,24,완전,378.932,6.970833333333334,2.5,10.2,75.04166666666667,2.0416666666666665,7.0,24,24,24,24,24,1
2023-02-23,제주,822.52,822.52,24,24,완전,378.932,7.4,6.5,8.4,80.83333333333333,2.7291666666666665,9.666666666666666,24,24,24,24,24,1
2023-02-24,제주,1396.94,1396.94,24,24,완전,378.932,8.620833333333334,6.6,12.1,65.66666666666667,3.779166666666667,6.375,24,24,24,24,24,1
2023-02-25,제주,1753.53,1753.53,24,24,완전,378.932,5.0,3.5,6.7,58.875,4.858333333333333,5.291666666666667,24,24,24,24,24,1
2023-02-26,제주,1981.39,1981.39,24,24,완전,378.932,5.841666666666666,3.4,9.9,54.791666666666664,2.9375,2.375,24,24,24,24,24,1
2023-02-27,제주,2058.49,2058.49,24,24,완전,378.932,7.6625,2.3,13.5,61.416666666666664,1.6625,0.7916666666666666,24,24,24,24,24,1
2023-02-28,제주,2078.29,2078.29,24,24,완전,378.932,10.858333333333334,5.5,16.0,67.5,2.1666666666666665,1.7083333333333333,24,24,24,24,24,1
2023-03-01,제주,497.61797,497.61797,24,24,완전,394.1000000000001,11.445833333333333,7.6,13.7,73.66666666666667,3.9791666666666665,8.375,24,24,24,24,24,1
2023-03-02,제주,2207.63938,2207.63938,24,24,완전,394.1000000000001,6.891666666666667,4.8,8.6,48.791666666666664,5.104166666666667,2.25,24,24,24,24,24,1
2023-03-03,제주,1889.35538,1889.35538,24,24,완전,394.1000000000001,7.229166666666667,2.4,11.5,52.791666666666664,1.5791666666666666,4.708333333333333,24,24,24,24,24,1
2023-03-04,제주,1689.51826,1689.51826,24,24,완전,394.1000000000001,9.804166666666667,5.8,14.4,55.583333333333336,2.095833333333333,4.291666666666667,24,24,24,24,24,1
2023-03-05,제주,1480.70469,1480.70469,24,24,완전,394.1000000000001,10.895833333333334,6.4,15.7,58.75,2.875,1.5,24,24,24,24,24,1
2023-03-06,제주,1825.0281,1825.0281,24,24,완전,394.1000000000001,12.158333333333331,7.3,17.0,58.416666666666664,2.8125,0.0416666666666666,24,24,24,24,24,1
2023-03-07,제주,1964.05556,1964.05556,24,24,완전,394.1000000000001,14.466666666666669,8.9,22.0,49.291666666666664,2.6,1.5833333333333333,24,24,24,24,24,1
2023-03-08,제주,1615.63403,1615.63403,24,24,완전,394.1000000000001,14.445833333333333,9.9,20.3,57.916666666666664,2.5458333333333334,3.8333333333333335,24,24,24,24,24,1
2023-03-09,제주,1491.88764,1491.88764,24,24,완전,394.1000000000001,14.8875,10.8,20.4,76.125,2.8000000000000003,4.958333333333333,24,24,24,24,24,1
2023-03-10,제주,1959.1898,1959.1898,24,24,완전,394.1000000000001,12.995833333333332,8.1,17.0,84.58333333333333,1.2041666666666666,1.7916666666666667,24,24,24,24,24,1
2023-03-11,제주,1796.15098,1796.15098,24,24,완전,394.1000000000001,13.975,10.2,19.8,78.08333333333333,1.1625,5.0,24,24,24,24,24,1
2023-03-12,제주,468.98215,468.98215,24,24,완전,394.1000000000001,11.7875,6.1,20.1,68.25,4.3625,8.791666666666666,24,24,24,24,24,1
2023-03-13,제주,2314.38253,2314.38253,24,24,완전,394.1000000000001,6.691666666666666,4.2,10.2,49.416666666666664,3.9916666666666663,2.25,24,24,24,24,24,1
2023-03-14,제주,1994.32203,1994.32203,24,24,완전,394.1000000000001,10.195833333333333,4.3,15.6,54.833333333333336,2.4458333333333333,0.0416666666666666,24,24,24,24,24,1
2023-03-15,제주,1692.21585,1692.21585,24,24,완전,394.1000000000001,14.691666666666668,8.9,20.3,69.75,2.1875,3.9583333333333335,24,24,24,24,24,1
2023-03-16,제주,2069.66337,2069.66337,24,24,완전,394.1000000000001,11.245833333333332,8.0,14.4,57.958333333333336,2.7375000000000003,4.458333333333333,24,24,24,24,24,1
2023-03-17,제주,412.73677,412.73677,24,24,완전,394.1000000000001,11.3375,9.7,14.5,78.125,2.716666666666667,9.5,24,24,24,24,24,1
2023-03-18,제주,2034.11005,2034.11005,24,24,완전,394.1000000000001,11.579166666666666,8.9,14.2,61.958333333333336,4.0874999999999995,4.708333333333333,24,24,24,24,24,1
2023-03-19,제주,1791.89818,1791.89818,24,24,완전,394.1000000000001,10.1125,7.5,13.3,65.66666666666667,1.4291666666666665,4.583333333333333,24,24,24,24,24,1
2023-03-20,제주,758.59953,758.59953,24,24,완전,394.1000000000001,11.925,7.4,15.5,68.83333333333333,1.2375,7.833333333333333,24,24,24,24,24,1
2023-03-21,제주,482.26781,482.26781,24,24,완전,394.1000000000001,14.8875,13.4,16.4,88.5,2.8541666666666665,8.833333333333334,24,24,24,24,24,1
2023-03-22,제주,393.1156,393.1156,24,24,완전,394.1000000000001,17.5625,15.6,21.7,90.45833333333331,2.891666666666667,8.625,24,24,24,24,24,1
2023-03-23,제주,842.21042,842.21042,24,24,완전,394.1000000000001,14.3375,12.1,16.4,93.58333333333331,3.016666666666667,9.791666666666666,24,24,24,24,24,1
2023-03-24,제주,365.84142,365.84142,24,24,완전,394.1000000000001,11.458333333333334,10.9,12.5,82.33333333333333,2.3625000000000003,10.0,24,24,24,24,24,1
2023-03-25,제주,399.088,399.088,24,24,완전,394.1000000000001,12.833333333333334,12.1,13.9,85.58333333333333,2.8208333333333333,10.0,24,24,24,24,24,1
2023-03-26,제주,1863.72248,1863.72248,24,24,완전,394.1000000000001,12.229166666666666,9.2,14.7,66.0,3.2541666666666664,5.458333333333333,24,24,24,24,24,1
2023-03-27,제주,2422.23186,2422.23186,24,24,완전,394.1000000000001,10.695833333333333,8.3,14.1,43.375,3.0583333333333336,3.2916666666666665,24,24,24,24,24,1
2023-03-28,제주,2205.90037,2205.90037,24,24,완전,394.1000000000001,11.891666666666666,7.1,16.0,47.708333333333336,2.15,0.4166666666666667,24,24,24,24,24,1
2023-03-29,제주,2165.0865,2165.0865,24,24,완전,394.1000000000001,13.258333333333333,10.4,16.1,61.75,2.245833333333333,4.458333333333333,24,24,24,24,24,1
2023-03-30,제주,1394.50626,1394.50626,24,24,완전,394.1000000000001,14.241666666666667,9.7,17.4,60.166666666666664,3.154166666666667,7.166666666666667,24,24,24,24,24,1
2023-03-31,제주,2239.63359,2239.63359,24,24,완전,394.1000000000001,16.408333333333335,13.8,19.7,62.125,1.8208333333333335,4.583333333333333,24,24,24,24,24,1
2023-04-01,제주,1886.12842,1886.12842,24,24,완전,407.434,16.195833333333333,13.1,19.1,71.29166666666667,3.5583333333333336,4.666666666666667,24,24,24,24,24,1
2023-04-02,제주,2051.58541,2051.58541,24,24,완전,407.434,16.258333333333333,13.5,18.8,60.375,4.229166666666667,0.875,24,24,24,24,24,1
2023-04-03,제주,2126.39167,2126.39167,24,24,완전,407.434,16.116666666666667,13.5,19.5,64.54166666666667,4.708333333333333,4.666666666666667,24,24,24,24,24,1
2023-04-04,제주,496.38497,496.38497,24,24,완전,407.434,17.954166666666666,15.1,20.1,72.16666666666667,4.675,9.25,24,24,24,24,24,1
2023-04-05,제주,225.08454,225.08454,24,24,완전,407.434,16.633333333333333,12.6,20.6,84.91666666666667,4.758333333333334,9.916666666666666,24,24,24,24,24,1
2023-04-06,제주,688.24041,688.24041,24,24,완전,407.434,12.075,9.8,13.8,82.70833333333333,4.05,9.333333333333334,24,24,24,24,24,1
2023-04-07,제주,1969.94304,1969.94304,24,24,완전,407.434,11.4375,9.4,14.7,78.45833333333333,4.204166666666667,6.958333333333333,24,24,24,24,24,1
2023-04-08,제주,2231.34688,2231.34688,24,24,완전,407.434,11.2375,7.7,15.3,55.416666666666664,4.7,0.9166666666666666,24,24,24,24,24,1
2023-04-09,제주,2164.29525,2164.29525,24,24,완전,407.434,13.133333333333333,8.7,18.0,40.541666666666664,2.9875000000000003,0.0833333333333333,24,24,24,24,24,1
2023-04-10,제주,2304.06666,2304.06666,24,24,완전,407.434,13.75,9.2,17.6,61.208333333333336,2.75,3.2916666666666665,24,24,24,24,24,1
2023-04-11,제주,1550.0278,1550.0278,24,24,완전,407.434,18.391666666666666,12.4,24.5,65.33333333333333,5.083333333333333,5.833333333333333,24,24,24,24,24,1
2023-04-12,제주,2373.53084,2373.53084,24,24,완전,407.434,14.945833333333333,11.6,18.9,42.291666666666664,2.5458333333333334,1.4166666666666667,24,24,24,24,24,1
2023-04-13,제주,2353.3621,2353.3621,24,24,완전,407.434,14.945833333333333,9.9,19.6,47.458333333333336,2.2083333333333335,3.25,24,24,24,24,24,1
2023-04-14,제주,269.58468,269.58468,24,24,완전,407.434,15.4,14.2,16.8,85.08333333333333,2.8249999999999997,9.75,24,24,24,24,24,1
2023-04-15,제주,1464.89456,1464.89456,24,24,완전,407.434,14.754166666666668,13.3,18.3,89.875,3.4291666666666667,8.958333333333334,24,24,24,24,24,1
2023-04-16,제주,2061.24925,2061.24925,24,24,완전,407.434,14.095833333333331,11.3,17.0,72.33333333333333,4.904166666666667,4.5,24,24,24,24,24,1
2023-04-17,제주,2442.15109,2442.15109,24,24,완전,407.434,15.4125,9.1,22.4,56.333333333333336,2.5458333333333334,1.5416666666666667,24,24,24,24,24,1
2023-04-18,제주,1218.72248,1218.72248,24,24,완전,407.434,23.016666666666666,15.8,28.5,59.958333333333336,6.795833333333333,5.833333333333333,24,24,24,24,24,1
2023-04-19,제주,1157.40337,1157.40337,24,24,완전,407.434,19.25,17.0,22.0,90.16666666666669,2.033333333333333,8.166666666666666,24,24,24,24,24,1
2023-04-20,제주,2371.27016,2371.27016,24,24,완전,407.434,18.420833333333334,15.5,21.6,82.41666666666667,1.95,2.875,24,24,24,24,24,1
2023-04-21,제주,2296.57935,2296.57935,24,24,완전,407.434,17.004166666666666,14.5,22.5,79.25,3.1,3.875,24,24,24,24,24,1
2023-04-22,제주,2154.56076,2154.56076,24,24,완전,407.434,15.9375,14.3,17.9,59.666666666666664,4.516666666666667,3.4583333333333335,24,24,24,24,24,1
2023-04-23,제주,1452.74604,1452.74604,24,24,완전,407.434,15.158333333333331,13.6,17.2,64.58333333333333,4.820833333333334,7.375,24,24,24,24,24,1
2023-04-24,제주,454.53105,454.53105,24,24,완전,407.434,14.083333333333334,13.2,14.9,73.04166666666667,3.404166666666667,9.833333333333334,24,24,24,24,24,1
2023-04-25,제주,310.74061,310.74061,24,24,완전,407.434,12.6875,11.8,14.1,90.625,2.6,9.916666666666666,24,24,24,24,24,1
2023-04-26,제주,2399.75318,2399.75318,24,24,완전,407.434,13.029166666666669,9.7,17.1,71.95833333333333,3.8541666666666665,1.375,24,24,24,24,24,1
2023-04-27,제주,2325.10278,2325.10278,24,24,완전,407.434,12.6375,7.4,16.8,69.875,2.5708333333333333,3.0833333333333335,24,24,24,24,24,1
2023-04-28,제주,1373.4427,1373.4427,24,24,완전,407.434,17.479166666666668,10.7,23.2,66.125,1.8041666666666665,6.583333333333333,24,24,24,24,24,1
2023-04-29,제주,327.87833,327.87833,24,24,완전,407.434,16.633333333333333,12.4,20.1,88.75,2.525,9.208333333333334,24,24,24,24,24,1
2023-04-30,제주,2258.27902,2258.27902,24,24,완전,407.434,15.345833333333331,10.1,20.9,55.208333333333336,3.6,1.6666666666666667,24,24,24,24,24,1
2023-05-01,제주,2057.24599,2057.24599,24,24,완전,424.76,17.4375,15.1,20.1,47.916666666666664,3.158333333333333,0.0,24,24,24,24,24,1
2023-05-02,제주,2178.24928,2178.24928,24,24,완전,424.76,18.083333333333332,13.7,24.2,53.5,2.4208333333333334,4.166666666666667,24,24,24,24,24,1
2023-05-03,제주,325.33293,325.33293,24,24,완전,424.76,17.345833333333335,15.2,20.1,71.375,1.8166666666666669,8.75,24,24,24,24,24,1
2023-05-04,제주,131.07365,131.07365,24,24,완전,424.76,18.208333333333332,16.0,23.0,93.45833333333331,3.1,10.0,24,24,24,24,24,1
2023-05-05,제주,151.15256,151.15256,24,24,완전,424.76,23.508333333333336,21.9,26.2,83.54166666666667,4.2124999999999995,9.958333333333334,24,24,24,24,24,1
2023-05-06,제주,1228.12455,1228.12455,24,24,완전,424.76,18.883333333333333,15.8,22.4,87.625,3.9583333333333335,8.541666666666666,24,24,24,24,24,1
2023-05-07,제주,304.92468,304.92468,24,24,완전,424.76,14.216666666666669,12.5,15.8,93.20833333333331,3.85,9.583333333333334,24,24,24,24,24,1
2023-05-08,제주,2128.68736,2128.68736,24,24,완전,424.76,14.729166666666666,11.4,17.6,68.33333333333333,2.654166666666667,6.583333333333333,24,24,24,24,24,1
2023-05-09,제주,2300.26954,2300.26954,24,24,완전,424.76,16.4375,11.9,21.1,58.5,2.533333333333333,2.5416666666666665,24,24,24,24,24,1
2023-05-10,제주,2332.3245,2332.3245,24,24,완전,424.76,18.55,14.0,23.0,51.791666666666664,2.65,4.0,24,24,24,24,24,1
2023-05-11,제주,2094.48257,2094.48257,24,24,완전,424.76,18.3125,15.3,21.2,70.95833333333333,3.1374999999999997,6.125,24,24,24,24,24,1
2023-05-12,제주,1004.1113,1004.1113,24,24,완전,424.76,17.650000000000002,14.5,20.5,79.58333333333333,1.9916666666666665,9.083333333333334,24,24,24,24,24,1
2023-05-13,제주,872.19373,872.19373,24,24,완전,424.76,15.6875,14.1,18.0,92.29166666666669,2.3833333333333333,8.291666666666666,24,24,24,24,24,1
2023-05-14,제주,2081.15554,2081.15554,24,24,완전,424.76,17.016666666666666,13.2,21.2,82.125,2.0375,3.1666666666666665,24,24,24,24,24,1
2023-05-15,제주,1432.81108,1432.81108,24,24,완전,424.76,18.6125,14.7,23.8,77.33333333333333,1.5708333333333335,3.6666666666666665,24,24,24,24,24,1
2023-05-16,제주,2588.27394,2588.27394,24,24,완전,424.76,20.625,15.4,26.1,71.29166666666667,2.0124999999999997,0.625,24,24,24,24,24,1
2023-05-17,제주,1755.54521,1755.54521,24,24,완전,424.76,20.3,15.7,24.9,79.20833333333333,1.7083333333333333,7.458333333333333,24,24,24,24,24,1
2023-05-18,제주,806.24002,806.24002,24,24,완전,424.76,18.920833333333334,17.1,21.7,89.29166666666667,4.3,10.0,24,24,24,24,24,1
2023-05-19,제주,1777.10466,1777.10466,24,24,완전,424.76,18.970833333333335,16.7,23.3,86.875,2.4291666666666667,7.666666666666667,24,24,24,24,24,1
2023-05-20,제주,2035.62392,2035.62392,24,24,완전,424.76,19.454166666666666,17.2,23.1,81.58333333333333,2.7708333333333335,6.416666666666667,24,24,24,24,24,1
2023-05-21,제주,1983.29433,1983.29433,24,24,완전,424.76,17.808333333333334,16.0,21.0,85.45833333333333,3.2291666666666665,8.333333333333334,24,24,24,24,24,1
2023-05-22,제주,863.76708,863.76708,24,24,완전,424.76,17.283333333333335,15.3,20.5,79.70833333333333,2.191666666666667,7.041666666666667,24,24,24,24,24,1
2023-05-23,제주,2665.66412,2665.66412,24,24,완전,424.76,18.558333333333337,14.1,22.8,66.625,2.4208333333333334,0.4583333333333333,24,24,24,24,24,1
2023-05-24,제주,1451.89573,1451.89573,24,24,완전,424.76,18.195833333333333,15.4,20.7,74.125,1.5083333333333335,6.833333333333333,24,24,24,24,24,1
2023-05-25,제주,2542.76561,2542.76561,24,24,완전,424.76,21.104166666666668,17.6,25.6,60.041666666666664,2.4291666666666667,6.041666666666667,24,24,24,24,24,1
2023-05-26,제주,1902.86857,1902.86857,24,24,완전,424.76,21.829166666666666,18.1,26.1,74.125,1.8458333333333332,5.875,24,24,24,24,24,1
2023-05-27,제주,838.43415,838.43415,24,24,완전,424.76,23.375,20.8,26.2,72.45833333333333,2.2041666666666666,8.875,24,24,24,24,24,1
2023-05-28,제주,1093.96239,1093.96239,24,24,완전,424.76,24.054166666666664,21.4,26.9,78.66666666666667,2.1166666666666667,6.916666666666667,24,24,24,24,24,1
2023-05-29,제주,1004.44704,1004.44704,24,24,완전,424.76,24.441666666666663,22.3,29.9,85.70833333333333,2.5416666666666665,8.458333333333334,24,24,24,24,24,1
2023-05-30,제주,471.48952,471.48952,24,24,완전,424.76,21.041666666666668,19.6,23.6,96.70833333333331,2.6083333333333334,10.0,24,24,24,24,24,1
2023-05-31,제주,1546.12492,1546.12492,24,24,완전,424.76,20.566666666666663,18.4,24.0,86.33333333333333,4.175,7.541666666666667,24,24,24,24,24,1
2023-06-01,제주,520.37707,520.37707,24,24,완전,425.259,20.7875,19.6,24.2,93.08333333333331,2.4375,8.333333333333334,24,24,24,24,24,1
2023-06-02,제주,2318.04063,2318.04063,24,24,완전,425.259,21.620833333333337,19.3,25.2,88.20833333333333,2.4250000000000003,6.416666666666667,24,24,24,24,24,1
2023-06-03,제주,2723.52674,2723.52674,24,24,완전,425.259,21.15,17.8,24.4,74.08333333333333,2.9333333333333336,2.0,24,24,24,24,24,1
2023-06-04,제주,1746.76539,1746.76539,24,24,완전,425.259,23.09583333333333,18.7,27.7,48.375,2.3333333333333335,8.125,24,24,24,24,24,1
2023-06-05,제주,529.8671,529.8671,24,24,완전,425.259,20.491666666666667,17.4,22.4,62.208333333333336,2.1333333333333333,10.0,24,24,24,24,24,1
2023-06-06,제주,1036.98987,1036.98987,24,24,완전,425.259,18.4625,16.8,21.8,91.58333333333331,2.841666666666667,7.333333333333333,24,24,24,24,24,1
2023-06-07,제주,2311.63971,2311.63971,24,24,완전,425.259,19.741666666666667,15.8,23.1,82.20833333333333,2.558333333333333,5.416666666666667,24,24,24,24,24,1
2023-06-08,제주,1198.11396,1198.11396,24,24,완전,425.259,21.079166666666666,19.1,26.2,85.75,2.1666666666666665,7.208333333333333,24,24,24,24,24,1
2023-06-09,제주,2212.13566,2212.13566,24,24,완전,425.259,22.108333333333334,18.7,26.0,81.125,2.379166666666667,3.2916666666666665,24,24,24,24,24,1
2023-06-10,제주,2306.62666,2306.62666,24,24,완전,425.259,23.429166666666664,20.1,29.9,80.25,2.875,4.291666666666667,24,24,24,24,24,1
2023-06-11,제주,1676.06815,1676.06815,24,24,완전,425.259,22.02916666666667,19.6,25.0,89.70833333333333,2.495833333333333,7.5,24,24,24,24,24,1
2023-06-12,제주,1544.46854,1544.46854,24,24,완전,425.259,22.2375,20.1,24.5,90.125,2.0625,7.25,24,24,24,24,24,1
2023-06-13,제주,1673.60657,1673.60657,24,24,완전,425.259,21.645833333333332,19.9,24.2,85.41666666666667,2.0708333333333333,8.875,24,24,24,24,24,1
2023-06-14,제주,2123.32819,2123.32819,24,24,완전,425.259,22.63913043478261,20.0,26.0,70.91304347826087,2.158333333333333,5.333333333333333,24,23,23,24,24,0
2023-06-15,제주,2394.31752,2394.31752,24,24,완전,425.259,22.270833333333332,19.3,25.7,69.91666666666667,2.4,1.3333333333333333,24,24,24,24,24,1
2023-06-16,제주,2294.51783,2294.51783,24,24,완전,425.259,22.1875,18.8,25.4,61.166666666666664,2.0833333333333335,3.7916666666666665,24,24,24,24,24,1
2023-06-17,제주,2339.83295,2339.83295,24,24,완전,425.259,22.9125,19.3,26.9,68.375,2.5791666666666666,5.625,24,24,24,24,24,1
2023-06-18,제주,1299.67047,1299.67047,24,24,완전,425.259,23.4875,21.9,26.3,67.66666666666667,1.9666666666666663,9.375,24,24,24,24,24,1
2023-06-19,제주,2360.93209,2360.93209,24,24,완전,425.259,24.15,19.4,29.9,64.70833333333333,3.329166666666667,5.25,24,24,24,24,24,1
2023-06-20,제주,556.33281,556.33281,24,24,완전,425.259,24.879166666666663,22.8,27.2,75.79166666666667,3.35,8.833333333333334,24,24,24,24,24,1
2023-06-21,제주,873.99584,873.99584,24,24,완전,425.259,22.391666666666666,21.6,23.3,87.08333333333333,4.241666666666666,8.083333333333334,24,24,24,24,24,1
2023-06-22,제주,2166.93018,2166.93018,24,24,완전,425.259,23.3125,20.8,26.5,72.375,3.9291666666666663,7.458333333333333,24,24,24,24,24,1
2023-06-23,제주,2515.72789,2515.72789,24,24,완전,425.259,23.308333333333337,20.9,25.9,73.125,2.308333333333333,6.958333333333333,24,24,24,24,24,1
2023-06-24,제주,1662.5741,1662.5741,24,24,완전,425.259,25.166666666666668,22.4,29.0,66.25,3.279166666666667,9.166666666666666,24,24,24,24,24,1
2023-06-25,제주,220.87952,220.87952,24,24,완전,425.259,23.15833333333333,21.4,25.4,86.20833333333333,2.5500000000000003,10.0,24,24,24,24,24,1
2023-06-26,제주,507.11127,507.11127,24,24,완전,425.259,27.895833333333332,22.0,30.2,71.95833333333333,5.0,8.666666666666666,24,24,24,24,24,1
2023-06-27,제주,389.87523,389.87523,24,24,완전,425.259,27.37391304347826,25.9,28.8,77.91304347826087,4.869565217391305,9.083333333333334,24,23,23,23,24,0
2023-06-28,제주,1250.93211,1250.93211,24,24,완전,425.259,28.77916666666667,27.2,30.9,71.91666666666667,5.920833333333333,6.166666666666667,24,24,24,24,24,1
2023-06-29,제주,679.43087,679.43087,24,24,완전,425.259,28.291666666666668,25.7,31.2,73.875,5.320833333333334,7.791666666666667,24,24,24,24,24,1
2023-06-30,제주,197.86611,197.86611,24,24,완전,425.259,25.8125,24.4,27.9,86.29166666666667,4.2250000000000005,9.875,24,24,24,24,24,1
2023-07-01,제주,922.48196,922.48196,24,24,완전,427.433,25.395833333333332,23.5,27.9,82.875,2.4458333333333333,8.5,24,24,24,24,24,1
2023-07-02,제주,1268.48897,1268.48897,24,24,완전,427.433,25.795833333333334,24.2,28.0,83.375,2.033333333333333,8.0,24,24,24,24,24,1
2023-07-03,제주,405.03478,405.03478,24,24,완전,427.433,25.291666666666668,24.2,26.3,90.20833333333331,1.8333333333333333,9.583333333333334,24,24,24,24,24,1
2023-07-04,제주,950.7029,950.7029,24,24,완전,427.433,27.075,24.1,31.5,81.79166666666667,1.5291666666666668,9.708333333333334,24,24,24,24,24,1
2023-07-05,제주,1947.44144,1947.44144,24,24,완전,427.433,26.883333333333336,24.1,30.3,76.0,4.3374999999999995,5.583333333333333,24,24,24,24,24,1
2023-07-06,제주,2439.66241,2439.66241,24,24,완전,427.433,24.808333333333337,22.0,27.2,73.83333333333333,2.283333333333333,4.25,24,24,24,24,24,1
2023-07-07,제주,443.43673,443.43673,24,24,완전,427.433,27.1375,24.1,30.9,76.66666666666667,2.4208333333333334,9.75,24,24,24,24,24,1
2023-07-08,제주,253.09597,253.09597,24,24,완전,427.433,26.420833333333334,25.2,28.5,86.58333333333333,2.525,9.458333333333334,24,24,24,24,24,1
2023-07-09,제주,914.32969,914.32969,24,24,완전,427.433,29.008333333333336,25.4,32.2,74.20833333333333,3.5416666666666665,9.25,24,24,24,24,24,1
2023-07-10,제주,1362.78699,1362.78699,24,24,완전,427.433,29.625,26.0,37.0,70.5,3.85,6.583333333333333,24,24,24,24,24,1
2023-07-11,제주,1239.91536,1239.91536,24,24,완전,427.433,29.8,25.5,33.4,67.58333333333333,4.8374999999999995,6.708333333333333,24,24,24,24,24,1
2023-07-12,제주,1529.14638,1529.14638,24,24,완전,427.433,30.358333333333334,27.2,34.2,66.08333333333333,5.370833333333334,6.708333333333333,24,24,24,24,24,1
2023-07-13,제주,858.95012,858.95012,24,24,완전,427.433,29.4375,26.5,32.4,68.41666666666667,4.295833333333333,9.0,24,24,24,24,24,1
2023-07-14,제주,880.16669,880.16669,24,24,완전,427.433,30.454166666666666,29.3,32.7,60.958333333333336,7.879166666666666,8.875,24,24,24,24,24,1
2023-07-15,제주,1254.9536,1254.9536,24,24,완전,427.433,30.991666666666664,29.3,33.2,63.375,6.170833333333333,6.958333333333333,24,24,24,24,24,1
2023-07-16,제주,1214.79044,1214.79044,24,24,완전,427.433,28.479166666666668,26.5,31.3,80.79166666666667,2.3041666666666667,7.583333333333333,24,24,24,24,24,1
2023-07-17,제주,1195.87087,1195.87087,24,24,완전,427.433,27.579166666666666,26.0,31.2,83.08333333333333,1.9125,7.166666666666667,24,24,24,24,24,1
2023-07-18,제주,810.66248,810.66248,24,24,완전,427.433,27.375,25.7,30.6,84.20833333333333,2.720833333333333,8.583333333333334,24,24,24,24,24,1
2023-07-19,제주,1342.04047,1342.04047,24,24,완전,427.433,25.566666666666663,24.1,27.7,84.875,3.3208333333333333,8.958333333333334,24,24,24,24,24,1
2023-07-20,제주,833.2922,833.2922,24,24,완전,427.433,26.0125,25.0,27.5,83.0,1.9125,9.666666666666666,24,24,24,24,24,1
2023-07-21,제주,1184.60753,1184.60753,24,24,완전,427.433,27.59166666666667,24.8,30.2,71.45833333333333,1.9416666666666669,8.416666666666666,24,24,24,24,24,1
2023-07-22,제주,543.08309,543.08309,24,24,완전,427.433,26.7,23.9,29.2,78.79166666666667,1.8333333333333333,9.875,24,24,24,24,24,1
2023-07-23,제주,778.97756,778.97756,24,24,완전,427.433,29.316666666666663,27.3,31.6,68.33333333333333,2.720833333333333,9.833333333333334,24,24,24,24,24,1
2023-07-24,제주,641.01935,641.01935,24,24,완전,427.433,27.766666666666666,26.2,30.3,79.625,2.15,9.208333333333334,24,24,24,24,24,1
2023-07-25,제주,917.91874,917.91874,24,24,완전,427.433,27.40833333333333,25.8,29.3,76.66666666666667,1.4333333333333331,9.041666666666666,24,24,24,24,24,1
2023-07-26,제주,1870.89809,1870.89809,24,24,완전,427.433,29.35,26.4,32.7,72.95833333333333,2.0166666666666666,6.75,24,24,24,24,24,1
2023-07-27,제주,1876.97759,1876.97759,24,24,완전,427.433,29.975,26.5,33.9,69.20833333333333,2.7083333333333335,6.125,24,24,24,24,24,1
2023-07-28,제주,946.18633,946.18633,24,24,완전,427.433,29.0375,27.0,31.9,73.875,2.7416666666666667,8.791666666666666,24,24,24,24,24,1
2023-07-29,제주,1732.94467,1732.94467,24,24,완전,427.433,30.608333333333334,28.2,34.6,61.625,3.3958333333333335,6.625,24,24,24,24,24,1
2023-07-30,제주,2098.59496,2098.59496,24,24,완전,427.433,29.925,26.6,33.9,64.83333333333333,2.4625,3.4166666666666665,24,24,24,24,24,1
2023-07-31,제주,1875.0239,1875.0239,24,24,완전,427.433,29.629166666666663,27.2,32.4,67.875,3.1125000000000003,4.958333333333333,24,24,24,24,24,1
2023-08-01,제주,2125.57383,2125.57383,24,24,완전,428.074,29.03333333333333,27.2,30.8,79.0,3.6958333333333337,4.916666666666667,24,24,24,24,24,1
2023-08-02,제주,2209.5705,2209.5705,24,24,완전,428.074,29.829166666666666,27.6,33.5,73.91666666666667,3.7083333333333335,2.9166666666666665,24,24,24,24,24,1
2023-08-03,제주,2047.55312,2047.55312,24,24,완전,428.074,30.9625,28.0,34.3,68.08333333333333,3.275,2.875,24,24,24,24,24,1
2023-08-04,제주,1733.16621,1733.16621,24,24,완전,428.074,30.7875,28.5,34.1,69.08333333333333,3.408333333333333,3.8333333333333335,24,24,24,24,24,1
2023-08-05,제주,2105.0127,2105.0127,24,24,완전,428.074,30.129166666666663,27.7,33.1,72.08333333333333,3.3083333333333336,2.875,24,24,24,24,24,1
2023-08-06,제주,1965.81619,1965.81619,24,24,완전,428.074,29.96666666666667,28.0,32.1,74.58333333333333,2.779166666666667,3.8333333333333335,24,24,24,24,24,1
2023-08-07,제주,2070.66066,2070.66066,24,24,완전,428.074,30.458333333333332,28.7,32.9,72.95833333333333,3.1875,4.416666666666667,24,24,24,24,24,1
2023-08-08,제주,1660.93818,1660.93818,24,24,완전,428.074,29.675,28.0,32.5,75.41666666666667,3.8666666666666663,6.541666666666667,24,24,24,24,24,1
2023-08-09,제주,291.98501,291.98501,24,24,완전,428.074,27.65,26.5,28.9,81.08333333333333,7.020833333333333,8.958333333333334,24,24,24,24,24,1
2023-08-10,제주,1941.52435,1941.52435,24,24,완전,428.074,27.729166666666668,26.0,30.8,75.79166666666667,6.0874999999999995,7.125,24,24,24,24,24,1
2023-08-11,제주,2140.98314,2140.98314,24,24,완전,428.074,29.6375,26.6,33.8,64.95833333333333,4.041666666666667,4.416666666666667,24,24,24,24,24,1
2023-08-12,제주,1897.80168,1897.80168,24,24,완전,428.074,29.758333333333336,27.3,32.9,65.79166666666667,2.6875,5.875,24,24,24,24,24,1
2023-08-13,제주,1949.87602,1949.87602,24,24,완전,428.074,29.22083333333333,26.4,32.1,65.5,3.0375,3.5,24,24,24,24,24,1
2023-08-14,제주,1875.25743,1875.25743,24,24,완전,428.074,28.8625,26.5,31.2,68.625,3.3833333333333333,1.4166666666666667,24,24,24,24,24,1
2023-08-15,제주,1761.996,1761.996,24,24,완전,428.074,29.316666666666663,27.0,31.9,71.25,2.8166666666666664,3.375,24,24,24,24,24,1
2023-08-16,제주,1762.27605,1762.27605,24,24,완전,428.074,29.520833333333332,27.8,32.9,68.375,2.6333333333333333,5.416666666666667,24,24,24,24,24,1
2023-08-17,제주,1336.21074,1336.21074,24,24,완전,428.074,28.291666666666668,26.2,30.8,70.95833333333333,2.3583333333333334,5.125,24,24,24,24,24,1
2023-08-18,제주,1720.98249,1720.98249,24,24,완전,428.074,28.241666666666664,26.2,30.9,76.75,3.154166666666667,4.958333333333333,24,24,24,24,24,1
2023-08-19,제주,1587.55939,1587.55939,24,24,완전,428.074,29.075,27.1,32.1,77.08333333333333,2.0500000000000003,4.375,24,24,24,24,24,1
2023-08-20,제주,2040.03774,2040.03774,24,24,완전,428.074,29.53333333333333,26.7,32.7,73.45833333333333,2.6666666666666665,2.125,24,24,24,24,24,1
2023-08-21,제주,1847.15096,1847.15096,24,24,완전,428.074,30.0375,27.1,32.9,67.75,2.3333333333333335,4.625,24,24,24,24,24,1
2023-08-22,제주,1477.35192,1477.35192,24,24,완전,428.074,29.5125,26.8,32.7,70.91666666666667,2.283333333333333,5.791666666666667,24,24,24,24,24,1
2023-08-23,제주,468.52455,468.52455,24,24,완전,428.074,26.941666666666663,25.2,28.6,84.29166666666667,1.682608695652174,9.083333333333334,24,24,24,23,24,0
2023-08-24,제주,924.29703,924.29703,24,24,완전,428.074,26.991666666666664,25.6,29.3,82.33333333333333,2.9000000000000004,8.416666666666666,24,24,24,22,24,0
2023-08-25,제주,1998.49445,1998.49445,24,24,완전,428.074,27.925,24.6,31.5,65.58333333333333,2.658333333333333,2.25,24,24,24,24,24,1
2023-08-26,제주,2259.81423,2259.81423,24,24,완전,428.074,27.066666666666663,23.8,30.0,68.20833333333333,2.6041666666666665,2.0833333333333335,24,24,24,24,24,1
2023-08-27,제주,2009.76731,2009.76731,24,24,완전,428.074,28.15833333333333,24.6,32.1,71.66666666666667,3.1666666666666665,3.9166666666666665,24,24,24,24,24,1
2023-08-28,제주,1618.8793,1618.8793,24,24,완전,428.074,29.46666666666667,26.6,33.4,70.75,2.9291666666666667,7.458333333333333,24,24,24,24,24,1
2023-08-29,제주,1277.75816,1277.75816,24,24,완전,428.074,28.233333333333334,26.1,32.6,80.91666666666667,1.9208333333333336,8.583333333333334,24,24,24,24,24,1
2023-08-30,제주,424.35394,424.35394,24,24,완전,428.074,24.079166666666666,22.1,25.9,87.75,2.2875,9.625,24,24,24,24,24,1
2023-08-31,제주,1696.79093,1696.79093,24,24,완전,428.074,24.5,21.6,27.8,72.08333333333333,2.2624999999999997,6.375,24,24,24,24,24,1
2023-09-01,제주,879.53648,879.53648,24,24,완전,428.074,24.9,23.0,26.5,81.625,2.1999999999999997,8.541666666666666,24,24,24,24,24,1
2023-09-02,제주,1850.9737,1850.9737,24,24,완전,428.074,27.045833333333334,24.6,30.1,75.95833333333333,2.2583333333333333,7.0,24,24,24,24,24,1
2023-09-03,제주,1844.11785,1844.11785,24,24,완전,428.074,28.1875,24.8,32.9,67.70833333333333,2.5416666666666665,6.041666666666667,24,24,24,24,24,1
2023-09-04,제주,1987.77292,1987.77292,24,24,완전,428.074,26.641666666666666,24.8,28.5,77.54166666666667,3.1999999999999997,4.041666666666667,24,24,24,24,24,1
2023-09-05,제주,2022.98144,2022.98144,24,24,완전,428.074,26.8125,25.3,28.9,68.54166666666667,2.495833333333333,7.125,24,24,24,24,24,1
2023-09-06,제주,2394.73573,2394.73573,24,24,완전,428.074,26.770833333333332,24.2,29.7,66.16666666666667,2.716666666666667,2.1666666666666665,24,24,24,24,24,1
2023-09-07,제주,2279.10175,2279.10175,24,24,완전,428.074,25.72083333333333,23.9,28.3,64.83333333333333,2.9291666666666667,2.125,24,24,24,24,24,1
2023-09-08,제주,2307.61819,2307.61819,24,24,완전,428.074,25.2,22.8,27.8,60.833333333333336,2.766666666666667,2.7916666666666665,24,24,24,24,24,1
2023-09-09,제주,1963.2923,1963.2923,24,24,완전,428.074,24.808333333333337,21.7,28.0,61.416666666666664,2.6374999999999997,1.875,24,24,24,24,24,1
2023-09-10,제주,1651.17081,1651.17081,24,24,완전,428.074,24.808333333333337,21.6,28.0,63.166666666666664,2.6916666666666664,6.25,24,24,24,24,24,1
2023-09-11,제주,1848.91126,1848.91126,24,24,완전,428.074,25.53333333333333,21.9,29.3,63.25,2.6,3.7916666666666665,24,24,24,24,24,1
2023-09-12,제주,1245.36482,1245.36482,24,24,완전,428.074,25.745833333333337,22.8,28.5,67.83333333333333,2.4625,7.875,24,24,24,24,24,1
2023-09-13,제주,1471.97128,1471.97128,24,24,완전,428.074,27.1,23.9,31.7,66.95833333333333,2.3375,8.416666666666666,24,24,24,24,24,1
2023-09-14,제주,407.67228,407.67228,24,24,완전,428.074,24.15833333333333,23.4,25.7,79.66666666666667,2.466666666666667,9.833333333333334,24,24,24,24,24,1
2023-09-15,제주,2039.63343,2039.63343,24,24,완전,428.074,27.075,23.5,29.9,73.375,2.1416666666666666,4.875,24,24,24,24,24,1
2023-09-16,제주,947.12652,947.12652,24,24,완전,428.074,25.366666666666664,23.6,26.9,82.83333333333333,1.9708333333333332,8.583333333333334,24,24,24,24,24,1
2023-09-17,제주,959.72415,959.72415,24,24,완전,428.074,24.47083333333333,22.3,26.5,83.20833333333333,1.75,8.791666666666666,24,24,24,24,24,1
2023-09-18,제주,1588.2117,1588.2117,24,24,완전,428.074,25.483333333333334,22.6,28.8,75.91666666666667,2.2416666666666667,3.875,24,24,24,24,24,1
2023-09-19,제주,1699.89897,1699.89897,24,24,완전,428.074,25.775,22.7,29.0,71.5,2.5416666666666665,4.25,24,24,24,24,24,1
2023-09-20,제주,753.7749,753.7749,24,24,완전,428.074,27.40833333333333,24.0,31.6,65.875,3.608333333333333,8.791666666666666,24,24,24,24,24,1
2023-09-21,제주,1699.0388,1699.0388,24,24,완전,428.074,24.191666666666663,22.9,26.1,73.58333333333333,5.095833333333333,9.166666666666666,24,24,24,24,24,1
2023-09-22,제주,924.10499,924.10499,24,24,완전,428.074,23.708333333333332,22.6,25.3,73.75,2.4625,9.041666666666666,24,24,24,24,24,1
2023-09-23,제주,1460.06739,1460.06739,24,24,완전,428.074,24.27916666666667,22.8,26.2,68.08333333333333,3.4791666666666665,8.916666666666666,24,24,24,24,24,1
2023-09-24,제주,1444.2297,1444.2297,24,24,완전,428.074,24.145833333333332,23.0,25.6,69.33333333333333,4.6499999999999995,7.583333333333333,24,24,24,24,24,1
2023-09-25,제주,1216.2962,1216.2962,24,24,완전,428.074,24.916666666666668,23.0,27.3,76.16666666666667,3.5749999999999997,7.5,24,24,24,24,24,1
2023-09-26,제주,1475.08049,1475.08049,24,24,완전,428.074,25.829166666666666,23.1,29.1,72.79166666666667,2.904166666666667,3.0833333333333335,24,24,24,24,24,1
2023-09-27,제주,1869.97844,1869.97844,24,24,완전,428.074,25.72083333333333,23.5,28.4,71.16666666666667,3.3125,5.0,24,24,24,24,24,1
2023-09-28,제주,1495.85555,1495.85555,24,24,완전,428.074,25.40416666666667,23.7,28.4,70.25,2.9250000000000003,5.791666666666667,24,24,24,24,24,1
2023-09-29,제주,2055.50468,2055.50468,24,24,완전,428.074,24.004166666666663,21.1,27.3,65.79166666666667,2.095833333333333,3.5416666666666665,24,24,24,24,24,1
2023-09-30,제주,538.29882,538.29882,24,24,완전,428.074,21.0625,18.3,23.3,70.66666666666667,2.5833333333333335,7.583333333333333,24,24,24,24,24,1
2023-10-01,제주,2105.47907,2105.47907,24,24,완전,437.9669999999999,22.508333333333336,19.9,25.9,58.083333333333336,3.6666666666666665,4.375,24,24,24,24,24,1
2023-10-02,제주,2245.3242,2245.3242,24,24,완전,437.9669999999999,21.816666666666663,19.1,24.6,42.791666666666664,2.9291666666666667,6.333333333333333,24,24,24,24,24,1
2023-10-03,제주,462.07619,462.07619,24,24,완전,437.9669999999999,21.666666666666668,20.4,23.2,70.58333333333333,2.5875,9.791666666666666,24,24,24,24,24,1
2023-10-04,제주,2174.50586,2174.50586,24,24,완전,437.9669999999999,22.133333333333336,19.2,25.4,66.29166666666667,2.2416666666666667,4.625,24,24,24,24,24,1
2023-10-05,제주,1892.27511,1892.27511,24,24,완전,437.9669999999999,20.416666666666668,17.5,22.7,50.0,4.570833333333334,5.083333333333333,24,24,24,24,24,1
2023-10-06,제주,1353.52155,1353.52155,24,24,완전,437.9669999999999,18.966666666666665,17.0,21.4,52.25,2.254166666666667,7.875,24,24,24,24,24,1
2023-10-07,제주,417.14075,417.14075,24,24,완전,437.9669999999999,18.991666666666667,17.7,21.0,68.25,1.8416666666666668,9.875,24,24,24,24,24,1
2023-10-08,제주,1019.37298,1019.37298,24,24,완전,437.9669999999999,19.954166666666666,17.9,22.8,76.125,3.1791666666666667,8.666666666666666,24,24,24,24,24,1
2023-10-09,제주,1345.21671,1345.21671,24,24,완전,437.9669999999999,20.720833333333335,18.6,23.6,69.625,3.025,7.875,24,24,24,24,24,1
2023-10-10,제주,1955.7681,1955.7681,24,24,완전,437.9669999999999,20.675,19.1,23.2,60.333333333333336,3.3708333333333336,6.625,24,24,24,24,24,1
2023-10-11,제주,1715.10137,1715.10137,24,24,완전,437.9669999999999,20.325,17.9,23.1,63.75,3.079166666666667,3.7083333333333335,24,24,24,24,24,1
2023-10-12,제주,2132.12193,2132.12193,24,24,완전,437.9669999999999,20.166666666666668,16.9,23.5,55.791666666666664,2.9458333333333333,2.625,24,24,24,24,24,1
2023-10-13,제주,1400.1298,1400.1298,24,24,완전,437.9669999999999,20.266666666666666,18.2,22.9,62.166666666666664,2.4125,7.75,24,24,24,24,24,1
2023-10-14,제주,1816.9958,1816.9958,24,24,완전,437.9669999999999,20.5625,17.5,23.9,58.791666666666664,3.154166666666667,5.625,24,24,24,24,24,1
2023-10-15,제주,1762.10281,1762.10281,24,24,완전,437.9669999999999,20.170833333333334,18.4,23.1,58.375,4.504166666666666,3.9166666666666665,24,24,24,24,24,1
2023-10-16,제주,1863.99989,1863.99989,24,24,완전,437.9669999999999,18.933333333333337,16.6,22.7,58.0,3.775,3.0833333333333335,24,24,24,24,24,1
2023-10-17,제주,2192.32286,2192.32286,24,24,완전,437.9669999999999,18.458333333333332,15.4,22.2,57.916666666666664,3.1333333333333333,1.25,24,24,24,24,24,1
2023-10-18,제주,2055.5509,2055.5509,24,24,완전,437.9669999999999,18.033333333333335,13.7,22.3,68.875,2.2375000000000003,0.9166666666666666,24,24,24,24,24,1
2023-10-19,제주,1703.97003,1703.97003,24,24,완전,437.9669999999999,20.879166666666663,16.4,25.8,63.708333333333336,2.725,5.166666666666667,24,24,24,24,24,1
2023-10-20,제주,1256.20147,1256.20147,24,24,완전,437.9669999999999,17.325,15.2,20.7,56.541666666666664,5.483333333333333,7.541666666666667,24,24,24,24,24,1
2023-10-21,제주,2224.36113,2224.36113,24,24,완전,437.9669999999999,17.254166666666666,15.0,20.0,49.083333333333336,4.270833333333333,3.7083333333333335,24,24,24,24,24,1
2023-10-22,제주,1859.89337,1859.89337,24,24,완전,437.9669999999999,17.558333333333334,13.4,21.1,56.666666666666664,2.3208333333333333,4.0,24,24,24,24,24,1
2023-10-23,제주,1876.22577,1876.22577,24,24,완전,437.9669999999999,17.258333333333333,13.7,21.6,59.583333333333336,1.7,1.2083333333333333,24,24,24,24,24,1
2023-10-24,제주,1667.3219,1667.3219,24,24,완전,437.9669999999999,17.45,13.3,22.0,61.5,1.5458333333333334,3.0833333333333335,24,24,24,24,24,1
2023-10-25,제주,1848.6139,1848.6139,24,24,완전,437.9669999999999,19.829166666666666,16.1,24.9,62.875,2.191666666666667,1.5833333333333333,24,24,24,24,24,1
2023-10-26,제주,1698.0908,1698.0908,24,24,완전,437.9669999999999,20.1625,16.6,24.7,63.75,3.4458333333333333,1.5833333333333333,24,24,24,24,24,1
2023-10-27,제주,2069.51493,2069.51493,24,24,완전,437.9669999999999,18.75,15.3,21.0,58.916666666666664,3.7916666666666665,2.25,24,24,24,24,24,1
2023-10-28,제주,1963.42136,1963.42136,24,24,완전,437.9669999999999,17.208333333333332,13.9,21.5,61.166666666666664,2.3958333333333335,2.9583333333333335,24,24,24,24,24,1
2023-10-29,제주,1741.00574,1741.00574,24,24,완전,437.9669999999999,17.958333333333332,14.2,22.1,62.416666666666664,2.4916666666666667,2.1666666666666665,24,24,24,24,24,1
2023-10-30,제주,1650.30739,1650.30739,24,24,완전,437.9669999999999,18.191666666666663,14.6,22.5,62.916666666666664,2.620833333333333,0.0833333333333333,24,24,24,24,24,1
2023-10-31,제주,1999.80044,1999.80044,24,24,완전,437.9669999999999,17.804166666666667,13.5,23.3,56.333333333333336,1.8416666666666668,0.0,24,24,24,24,24,1
2023-11-01,제주,1927.27534,1927.27534,24,24,완전,439.14900000000006,19.8875,14.3,28.2,44.875,2.341666666666667,0.0,24,24,24,24,24,1
2023-11-02,제주,1998.57866,1998.57866,24,24,완전,439.14900000000006,19.858333333333334,15.6,24.2,56.083333333333336,2.3125,0.0833333333333333,24,24,24,24,24,1
2023-11-03,제주,1654.01293,1654.01293,24,24,완전,439.14900000000006,20.945833333333333,16.7,26.3,61.666666666666664,2.4625,1.5,24,24,24,24,24,1
2023-11-04,제주,1143.73761,1143.73761,24,24,완전,439.14900000000006,22.008333333333336,19.1,24.9,74.375,1.836363636363636,7.291666666666667,24,24,24,22,24,0
2023-11-05,제주,515.04739,515.04739,24,24,완전,439.14900000000006,23.2875,22.0,25.3,67.625,2.013333333333333,9.083333333333334,24,24,24,15,24,0
2023-11-06,제주,411.43348,411.43348,24,24,완전,439.14900000000006,19.820833333333333,15.8,25.8,63.416666666666664,7.033333333333334,9.083333333333334,24,24,24,24,24,1
2023-11-07,제주,1599.57274,1599.57274,24,24,완전,439.14900000000006,15.120833333333332,13.7,17.2,53.833333333333336,4.758333333333334,7.0,24,24,24,24,24,1
2023-11-08,제주,1644.97961,1644.97961,24,24,완전,439.14900000000006,15.45,10.5,20.8,64.79166666666667,2.5749999999999997,4.458333333333333,24,24,24,24,24,1
2023-11-09,제주,827.73506,827.73506,24,24,완전,439.14900000000006,18.325,14.0,21.7,66.04166666666667,1.5916666666666668,7.666666666666667,24,24,24,24,24,1
2023-11-10,제주,963.37741,963.37741,24,24,완전,439.14900000000006,13.541666666666666,10.5,17.8,61.583333333333336,4.329166666666667,8.333333333333334,24,24,24,24,24,1
2023-11-11,제주,1632.50552,1632.50552,24,24,완전,439.14900000000006,10.954166666666666,9.6,13.2,52.083333333333336,4.3374999999999995,6.291666666666667,24,24,24,24,24,1
2023-11-12,제주,794.40976,794.40976,24,24,완전,439.14900000000006,10.375,9.3,11.1,57.166666666666664,5.4624999999999995,9.0,24,24,24,24,24,1
2023-11-13,제주,1122.60982,1122.60982,24,24,완전,439.14900000000006,9.416666666666666,7.4,10.6,60.083333333333336,5.633333333333333,8.25,24,24,24,24,24,1
2023-11-14,제주,1023.0227,1023.0227,24,24,완전,439.14900000000006,11.3875,9.9,12.7,54.333333333333336,2.9499999999999997,8.958333333333334,24,24,24,24,24,1
2023-11-15,제주,1687.11267,1687.11267,24,24,완전,439.14900000000006,13.108333333333334,9.8,16.6,53.791666666666664,2.85,4.541666666666667,24,24,24,24,24,1
2023-11-16,제주,241.16788,241.16788,24,24,완전,439.14900000000006,11.795833333333334,9.3,17.2,66.33333333333333,3.9166666666666665,8.666666666666666,24,24,24,24,24,1
2023-11-17,제주,923.44124,923.44124,24,24,완전,439.14900000000006,10.275,7.6,12.4,63.916666666666664,7.729166666666667,8.875,24,24,24,24,24,1
2023-11-18,제주,617.4792,617.4792,24,24,완전,439.14900000000006,8.5,5.9,10.6,61.541666666666664,7.2875,8.875,24,24,24,24,24,1
2023-11-19,제주,1733.30482,1733.30482,24,24,완전,439.14900000000006,13.170833333333334,10.0,16.8,56.083333333333336,4.470833333333333,4.541666666666667,24,24,24,24,24,1
2023-11-20,제주,1991.39678,1991.39678,24,24,완전,439.14900000000006,12.9125,9.2,15.6,57.666666666666664,2.966666666666667,1.375,24,24,24,24,24,1
2023-11-21,제주,1679.68801,1679.68801,24,24,완전,439.14900000000006,12.3375,8.0,17.8,65.41666666666667,2.0833333333333335,2.4583333333333335,24,24,24,24,24,1
2023-11-22,제주,1741.33974,1741.33974,24,24,완전,439.14900000000006,14.483333333333334,9.8,20.0,66.95833333333333,2.1666666666666665,1.0833333333333333,24,24,24,24,24,1
2023-11-23,제주,1315.59544,1315.59544,24,24,완전,439.14900000000006,17.179166666666667,13.1,21.4,70.33333333333333,4.491666666666666,5.875,24,24,24,24,24,1
2023-11-24,제주,654.87184,654.87184,24,24,완전,439.14900000000006,9.0125,6.3,12.1,54.041666666666664,6.3500000000000005,7.958333333333333,24,24,24,24,24,1
2023-11-25,제주,1477.10879,1477.10879,24,24,완전,439.14900000000006,6.495833333333334,5.0,9.1,53.208333333333336,3.454166666666667,5.458333333333333,24,24,24,24,24,1
2023-11-26,제주,1643.86054,1643.86054,24,24,완전,439.14900000000006,8.716666666666667,4.7,13.1,59.166666666666664,2.0416666666666665,3.0833333333333335,24,24,24,24,24,1
2023-11-27,제주,934.1241,934.1241,24,24,완전,439.14900000000006,12.604166666666666,8.4,15.8,67.83333333333333,4.091666666666667,6.916666666666667,24,24,24,24,24,1
2023-11-28,제주,998.52942,998.52942,24,24,완전,439.14900000000006,11.091666666666669,7.4,13.4,56.291666666666664,4.758333333333334,5.708333333333333,24,24,24,24,24,1
2023-11-29,제주,961.93752,961.93752,24,24,완전,439.14900000000006,11.258333333333333,8.0,13.8,56.291666666666664,2.908333333333333,7.541666666666667,24,24,24,24,24,1
2023-11-30,제주,302.23894,302.23894,24,24,완전,439.14900000000006,6.879166666666666,5.6,8.9,64.04166666666667,5.7124999999999995,9.291666666666666,24,24,24,24,24,1
2023-12-01,제주,,258.48525,24,23,발전량 결측,441.0,6.845833333333334,5.4,8.4,65.625,5.333333333333333,9.166666666666666,24,24,24,24,24,0
2023-12-02,제주,,621.97338,24,23,발전량 결측,441.0,8.9,7.0,10.8,53.125,3.095833333333333,8.666666666666666,24,24,24,24,24,0
2023-12-03,제주,,1198.86095,24,23,발전량 결측,441.0,10.4625,6.6,12.4,52.416666666666664,3.3125,6.125,24,24,24,24,24,0
2023-12-04,제주,,1373.93344,24,23,발전량 결측,441.0,8.454166666666667,4.7,13.1,67.41666666666667,1.8541666666666667,4.125,24,24,24,24,24,0
2023-12-05,제주,,1733.28478,24,23,발전량 결측,441.0,11.675,7.7,18.3,59.916666666666664,1.8708333333333331,2.5416666666666665,24,24,24,24,24,0
2023-12-06,제주,,1016.91571,24,23,발전량 결측,441.0,13.691666666666668,8.9,19.1,59.625,4.234782608695652,5.5,24,24,24,23,24,0
2023-12-07,제주,,1709.28306,24,23,발전량 결측,441.0,12.404166666666669,9.0,16.9,46.0,4.191666666666666,0.7916666666666666,24,24,24,24,24,0
2023-12-08,제주,,1390.8789,24,23,발전량 결측,441.0,13.854166666666666,8.2,20.9,51.5,2.4583333333333335,0.0,24,24,24,24,24,0
2023-12-09,제주,,989.7117,24,23,발전량 결측,441.0,15.6125,11.4,20.5,64.70833333333333,2.4458333333333333,4.083333333333333,24,24,24,24,24,0
2023-12-10,제주,,996.08806,24,23,발전량 결측,441.0,17.041666666666668,13.4,23.0,69.375,3.1,5.291666666666667,24,24,24,24,24,0
2023-12-11,제주,,166.58491,24,23,발전량 결측,441.0,17.183333333333334,15.0,20.8,81.625,4.520833333333333,9.666666666666666,24,24,24,24,24,0
2023-12-12,제주,,410.83055,24,23,발전량 결측,441.0,11.604166666666666,10.9,14.8,78.33333333333333,4.0125,10.0,24,24,24,24,24,0
2023-12-13,제주,,913.31945,24,23,발전량 결측,441.0,13.729166666666666,10.9,18.5,74.0,2.245833333333333,7.166666666666667,24,24,24,24,24,0
2023-12-14,제주,,98.15261,24,23,발전량 결측,441.0,16.304166666666667,14.3,17.4,82.0,2.6958333333333333,9.208333333333334,24,24,24,24,24,0
2023-12-15,제주,,262.48955,24,23,발전량 결측,441.0,15.795833333333334,10.7,20.6,81.70833333333333,5.208333333333333,8.416666666666666,24,24,24,24,24,0
2023-12-16,제주,,356.41828000000004,24,23,발전량 결측,441.0,6.220833333333334,3.0,10.1,69.45833333333333,8.8125,9.416666666666666,24,24,24,24,24,0
2023-12-17,제주,,205.0297,24,23,발전량 결측,441.0,2.7375000000000003,1.6,3.6,68.5,7.170833333333333,8.833333333333334,24,24,24,24,24,0
2023-12-18,제주,,448.03279,24,23,발전량 결측,441.0,3.579166666666666,2.3,4.9,64.75,2.8666666666666667,9.958333333333334,24,24,24,24,24,0
2023-12-19,제주,,268.98659000000004,24,23,발전량 결측,441.0,5.55,3.1,7.4,72.83333333333333,2.779166666666667,9.458333333333334,24,24,24,24,24,0
2023-12-20,제주,,668.14334,24,23,발전량 결측,441.0,5.108333333333333,2.4,7.4,57.083333333333336,6.891666666666667,9.0,24,24,24,24,24,0
2023-12-21,제주,,114.85688,24,23,발전량 결측,441.0,1.4833333333333334,-0.2,2.9,73.0,7.754166666666666,8.958333333333334,24,24,24,24,24,0
2023-12-22,제주,,150.62699,24,23,발전량 결측,441.0,1.4083333333333332,-0.2,2.3,75.58333333333333,6.4750000000000005,7.333333333333333,24,24,24,24,24,0
2023-12-23,제주,,401.94737,24,23,발전량 결측,441.0,3.529166666666667,2.5,4.8,66.41666666666667,3.1166666666666667,8.583333333333334,24,24,24,24,24,0
2023-12-24,제주,,382.39456,24,23,발전량 결측,441.0,5.4875,3.4,7.1,68.95833333333333,4.008333333333334,9.166666666666666,24,24,24,24,24,0
2023-12-25,제주,,446.46619,24,23,발전량 결측,441.0,6.491666666666667,5.3,7.4,55.208333333333336,4.629166666666666,8.666666666666666,24,24,24,24,24,0
2023-12-26,제주,,985.07971,24,23,발전량 결측,441.0,8.120833333333334,5.3,10.6,61.333333333333336,2.379166666666667,8.166666666666666,24,24,24,24,24,0
2023-12-27,제주,,1314.99329,24,23,발전량 결측,441.0,9.570833333333333,7.2,13.1,65.83333333333333,1.8125,6.333333333333333,24,24,24,24,24,0
2023-12-28,제주,,1098.92559,24,23,발전량 결측,441.0,9.75,7.1,13.6,64.25,2.875,6.791666666666667,24,24,24,24,24,0
2023-12-29,제주,,1107.69991,24,23,발전량 결측,441.0,8.533333333333333,7.3,10.7,62.583333333333336,2.595833333333333,7.333333333333333,24,24,24,24,24,0
2023-12-30,제주,,1264.82226,24,23,발전량 결측,441.0,10.616666666666667,5.7,15.9,67.375,1.8833333333333335,5.166666666666667,24,24,24,24,24,0
2023-12-31,제주,,582.1769,24,23,발전량 결측,441.0,10.579166666666667,8.5,14.4,61.125,6.8,9.25,24,24,24,24,24,0
2024-01-01,제주,708.17769,708.17769,24,24,완전,443.0,8.575000000000001,6.5,10.8,65.91666666666667,2.3125,8.625,24,24,24,24,24,1
2024-01-02,제주,1094.1913,1094.1913,24,24,완전,443.0,9.904166666666669,7.1,13.6,68.125,2.1,7.166666666666667,24,24,24,24,24,1
2024-01-03,제주,939.24111,939.24111,24,24,완전,443.0,8.65,7.2,9.8,60.5,5.075,8.208333333333334,24,24,24,24,24,1
2024-01-04,제주,1602.98141,1602.98141,24,24,완전,443.0,8.4375,5.8,11.5,54.083333333333336,3.3125,3.0833333333333335,24,24,24,24,24,1
2024-01-05,제주,863.02348,863.02348,24,24,완전,443.0,10.116666666666667,4.4,15.0,56.166666666666664,3.391666666666667,5.0,24,24,24,24,24,1
2024-01-06,제주,1801.57823,1801.57823,24,24,완전,443.0,9.6875,7.6,11.7,56.916666666666664,3.3125,4.291666666666667,24,24,24,24,24,1
2024-01-07,제주,789.51009,789.51009,24,24,완전,443.0,6.370833333333334,4.7,8.1,53.458333333333336,5.970833333333334,8.25,24,24,24,24,24,1
2024-01-08,제주,1101.07149,1101.07149,24,24,완전,443.0,4.695833333333334,2.8,7.1,59.208333333333336,3.029166666666667,7.25,24,24,24,24,24,1
2024-01-09,제주,249.4672,249.4672,24,24,완전,443.0,8.320833333333333,3.2,11.7,66.08333333333333,2.433333333333333,7.291666666666667,24,24,24,24,24,1
2024-01-10,제주,1231.53366,1231.53366,24,24,완전,443.0,7.4,5.2,10.6,64.29166666666667,5.166666666666667,7.083333333333333,24,24,24,24,24,1
2024-01-11,제주,1550.29729,1550.29729,24,24,완전,443.0,7.1625000000000005,5.1,9.3,56.875,3.725,5.833333333333333,24,24,24,24,24,1
2024-01-12,제주,951.12209,951.12209,24,24,완전,443.0,10.329166666666667,8.0,12.2,59.708333333333336,3.7083333333333335,6.166666666666667,24,24,24,24,24,1
2024-01-13,제주,1902.03239,1902.03239,24,24,완전,443.0,7.033333333333334,3.9,11.0,50.833333333333336,1.8333333333333333,0.0,24,24,24,24,24,1
2024-01-14,제주,1701.93728,1701.93728,24,24,완전,443.0,10.379166666666666,4.3,17.7,53.583333333333336,3.7,2.2083333333333335,24,24,24,24,24,1
2024-01-15,제주,1934.76019,1934.76019,24,24,완전,443.0,6.358333333333333,4.6,8.7,55.958333333333336,4.05,3.4166666666666665,24,24,24,24,24,1
2024-01-16,제주,1887.78278,1887.78278,24,24,완전,443.0,7.270833333333333,2.3,11.6,53.833333333333336,2.5416666666666665,2.9166666666666665,24,24,24,24,24,1
2024-01-17,제주,1076.28588,1076.28588,24,24,완전,443.0,13.045833333333334,8.2,18.7,49.5,2.9583333333333335,7.333333333333333,24,24,24,24,24,1
2024-01-18,제주,362.45937,362.45937,24,24,완전,443.0,13.695833333333333,10.5,17.1,76.625,3.0541666666666667,9.75,24,24,24,24,24,1
2024-01-19,제주,280.21795,280.21795,24,24,완전,443.0,10.883333333333333,10.4,11.8,87.91666666666667,3.1666666666666665,10.0,24,24,24,24,24,1
2024-01-20,제주,121.11973,121.11973,24,24,완전,443.0,11.233333333333334,9.5,11.8,88.41666666666667,3.9458333333333337,10.0,24,24,24,24,24,1
2024-01-21,제주,312.87878,312.87878,24,24,완전,443.0,8.458333333333334,6.2,10.1,83.5,4.054166666666666,10.0,24,24,24,24,24,1
2024-01-22,제주,465.29117,465.29117,24,24,완전,443.0,2.4791666666666665,0.5,6.0,66.16666666666667,7.570833333333333,9.416666666666666,24,24,24,24,24,1
2024-01-23,제주,477.10365,477.10365,24,24,완전,443.0,0.5125000000000001,-0.6,1.4,72.08333333333333,8.608333333333333,8.25,24,24,24,24,24,1
2024-01-24,제주,322.71415,322.71415,24,24,완전,443.0,2.5749999999999997,0.0,4.2,70.25,7.679166666666667,8.708333333333334,24,24,24,24,24,1
2024-01-25,제주,582.15774,582.15774,24,24,완전,443.0,3.9166666666666665,3.0,4.7,62.041666666666664,5.054166666666666,9.333333333333334,24,24,24,24,24,1
2024-01-26,제주,1117.66969,1117.66969,24,24,완전,443.0,5.683333333333334,4.3,6.6,58.25,4.029166666666667,9.125,24,24,24,24,24,1
2024-01-27,제주,1438.66443,1438.66443,24,24,완전,443.0,7.020833333333333,5.6,9.4,53.166666666666664,3.595833333333333,8.041666666666666,24,24,24,24,24,1
2024-01-28,제주,1670.77232,1670.77232,24,24,완전,443.0,6.3999999999999995,4.9,7.5,55.125,4.358333333333333,7.75,24,24,24,24,24,1
2024-01-29,제주,1552.08347,1552.08347,24,24,완전,443.0,5.758333333333333,3.2,9.6,61.25,2.4291666666666667,5.541666666666667,24,24,24,24,24,1
2024-01-30,제주,307.61358,307.61358,24,24,완전,443.0,7.1125,3.1,10.2,73.375,2.658333333333333,9.208333333333334,24,24,24,24,24,1
2024-01-31,제주,806.06826,806.06826,24,24,완전,443.0,12.095833333333331,9.6,15.0,82.875,2.720833333333333,8.083333333333334,24,24,24,24,24,1
2024-02-01,제주,123.99468,123.99468,24,24,완전,444.0,9.929166666666667,8.5,11.9,89.0,4.054166666666666,10.0,24,24,24,24,24,1
2024-02-02,제주,252.60538,252.60538,24,24,완전,444.0,8.762500000000001,8.4,9.3,88.625,3.408333333333333,9.916666666666666,24,24,24,24,24,1
2024-02-03,제주,,,0,0,관측 없음,,,,,,,,0,0,0,0,0,0
2024-02-04,제주,619.26624,619.26624,24,24,완전,444.0,10.758333333333333,9.3,12.1,84.0,3.1875,9.833333333333334,24,24,24,24,24,1
2024-02-05,제주,692.57255,692.57255,24,24,완전,444.0,10.1625,8.3,13.2,80.54166666666667,4.479166666666667,9.583333333333334,24,24,24,24,24,1
2024-02-06,제주,751.2106,751.2106,24,24,완전,444.0,7.416666666666667,6.9,8.1,67.45833333333333,3.266666666666667,9.958333333333334,24,24,24,24,24,1
2024-02-07,제주,1298.80186,1298.80186,24,24,완전,444.0,5.916666666666667,4.4,7.3,58.083333333333336,3.9583333333333335,8.208333333333334,24,24,24,24,24,1
2024-02-08,제주,1028.24176,1028.24176,24,24,완전,444.0,5.329166666666667,4.4,6.9,57.625,3.391666666666667,8.416666666666666,24,24,24,24,24,1
2024-02-09,제주,1294.72354,1294.72354,24,24,완전,444.0,6.404166666666666,5.6,7.7,54.583333333333336,4.2749999999999995,8.375,24,24,24,24,24,1
2024-02-10,제주,838.39811,838.39811,24,24,완전,444.0,7.75,6.5,10.0,59.791666666666664,3.483333333333333,6.083333333333333,24,24,24,24,24,1
2024-02-11,제주,1483.18655,1483.18655,24,24,완전,444.0,8.708333333333334,6.1,11.7,48.208333333333336,4.933333333333334,2.0416666666666665,24,24,24,24,24,1
2024-02-12,제주,2203.00561,2203.00561,24,24,완전,444.0,9.141666666666667,4.3,13.9,50.916666666666664,2.345833333333333,0.0,24,24,24,24,24,1
2024-02-13,제주,1938.44761,1938.44761,24,24,완전,444.0,12.066666666666668,6.2,19.3,54.458333333333336,2.7125,1.5833333333333333,24,24,24,24,24,1
2024-02-14,제주,521.76257,521.76257,24,24,완전,444.0,15.9375,13.4,17.9,69.58333333333333,1.9708333333333332,7.583333333333333,24,24,24,24,24,1
2024-02-15,제주,738.57913,738.57913,24,24,완전,444.0,10.108333333333333,5.6,15.8,74.16666666666667,3.966666666666667,5.708333333333333,24,24,24,24,24,1
2024-02-16,제주,1837.30109,1837.30109,24,24,완전,444.0,6.804166666666667,3.5,9.7,62.75,2.7416666666666667,5.333333333333333,24,24,24,24,24,1
2024-02-17,제주,2282.59103,2282.59103,24,24,완전,444.0,9.591666666666669,4.3,16.6,59.041666666666664,2.22,0.0,24,24,24,10,24,0
2024-02-18,제주,291.78007,291.78007,24,24,완전,444.0,14.358333333333334,8.3,20.1,65.875,2.4250000000000003,7.833333333333333,24,24,24,24,24,1
2024-02-19,제주,1005.2559,1005.2559,24,24,완전,444.0,16.029166666666665,10.5,20.5,82.33333333333333,5.904166666666666,8.25,24,24,24,24,24,1
2024-02-20,제주,169.60757999999998,169.60757999999998,24,24,완전,444.0,10.7875,8.7,13.8,85.70833333333333,3.025,9.791666666666666,24,24,24,24,24,1
2024-02-21,제주,218.60111,218.60111,24,24,완전,444.0,12.4375,11.9,14.1,88.79166666666667,4.895833333333333,10.0,24,24,24,24,24,1
2024-02-22,제주,163.96838,163.96838,24,24,완전,444.0,9.35,8.1,11.8,89.83333333333333,4.4125000000000005,10.0,24,24,24,24,24,1
2024-02-23,제주,306.97379,306.97379,24,24,완전,444.0,7.6875,7.3,8.0,86.41666666666667,3.4499999999999997,10.0,24,24,24,24,24,1
2024-02-24,제주,294.25853,294.25853,24,24,완전,444.0,7.675,6.6,9.1,83.08333333333333,3.095833333333333,9.958333333333334,24,24,24,24,24,1
2024-02-25,제주,562.22946,562.22946,24,24,완전,444.0,7.975,6.8,8.9,79.45833333333333,4.933333333333334,9.708333333333334,24,24,24,24,24,1
2024-02-26,제주,2124.04211,2124.04211,24,24,완전,444.0,7.470833333333332,6.0,10.2,61.916666666666664,3.341666666666667,6.333333333333333,24,24,24,24,24,1
2024-02-27,제주,1501.96714,1501.96714,24,24,완전,444.0,9.208333333333334,6.3,12.3,61.25,3.0875,4.958333333333333,24,24,24,24,24,1
2024-02-28,제주,931.31998,931.31998,24,24,완전,444.0,9.979166666666666,7.4,12.9,58.75,3.1291666666666664,8.041666666666666,24,24,24,24,24,1
2024-02-29,제주,245.02759,245.02759,24,24,완전,444.0,8.504166666666666,7.4,10.9,80.20833333333333,4.6375,10.0,24,24,24,24,24,1
2024-03-01,제주,1203.31952,1203.31952,24,24,완전,444.0,3.841666666666667,1.5,7.6,59.166666666666664,5.741666666666667,9.166666666666666,24,24,24,24,24,1
2024-03-02,제주,1792.44613,1792.44613,24,24,완전,444.0,4.4375,1.4,8.0,53.541666666666664,4.229166666666667,7.666666666666667,24,24,24,24,24,1
2024-03-03,제주,,,0,0,관측 없음,,,,,,,,0,0,0,0,0,0
2024-03-04,제주,847.69649,847.69649,24,24,완전,444.0,9.983333333333333,6.1,14.4,60.541666666666664,3.4958333333333336,7.416666666666667,24,24,24,24,24,1
2024-03-05,제주,168.44485,168.44485,24,24,완전,444.0,10.8375,9.7,11.5,87.70833333333333,4.225,9.833333333333334,24,24,24,24,24,1
2024-03-06,제주,661.82133,661.82133,24,24,완전,444.0,10.579166666666667,9.0,12.0,67.41666666666667,4.195833333333334,8.666666666666666,24,24,24,24,24,1
2024-03-07,제주,2077.41433,2077.41433,24,24,완전,444.0,8.179166666666667,6.1,10.5,57.833333333333336,3.8,5.0,24,24,24,24,24,1
2024-03-08,제주,2210.21172,2210.21172,24,24,완전,444.0,7.85,6.1,10.9,48.625,5.266666666666667,5.0,24,24,24,24,24,1
2024-03-09,제주,2529.07054,2529.07054,24,24,완전,444.0,7.0375000000000005,5.4,9.9,48.25,4.266666666666667,4.375,24,24,24,24,24,1
2024-03-10,제주,2450.38244,2450.38244,24,24,완전,444.0,7.591666666666666,3.0,11.8,45.25,2.1458333333333335,0.4166666666666667,24,24,24,24,24,1
2024-03-11,제주,720.65348,720.65348,24,24,완전,444.0,9.070833333333333,5.3,13.6,63.458333333333336,2.0625,7.166666666666667,24,24,24,24,24,1
2024-03-12,제주,1333.75424,1333.75424,24,24,완전,444.0,9.825,7.4,13.2,71.20833333333333,3.6333333333333337,6.0,24,24,24,24,24,1
2024-03-13,제주,2650.7186500000003,2650.7186500000003,24,24,완전,444.0,9.345833333333331,6.5,12.8,49.291666666666664,2.966666666666667,4.375,24,24,24,24,24,1
2024-03-14,제주,1999.78881,1999.78881,24,24,완전,444.0,10.645833333333334,6.7,14.5,54.875,2.2916666666666665,4.333333333333333,24,24,24,24,24,1
2024-03-15,제주,2603.11023,2603.11023,24,24,완전,444.0,11.25,6.6,16.2,53.541666666666664,2.4458333333333333,0.0,24,24,24,24,24,1
2024-03-16,제주,,,0,0,관측 없음,,,,,,,,0,0,0,0,0,0
2024-03-17,제주,,,0,0,관측 없음,,,,,,,,0,0,0,0,0,0
2024-03-18,제주,2463.43963,2463.43963,24,24,완전,444.0,10.629166666666666,5.7,14.5,58.666666666666664,3.3208333333333333,2.9166666666666665,24,24,24,24,24,1
2024-03-19,제주,2130.96548,2130.96548,24,24,완전,444.0,12.020833333333334,8.8,15.6,56.875,4.7,6.5,24,24,24,24,24,1
2024-03-20,제주,,,0,0,관측 없음,,,,,,,,0,0,0,0,0,0
2024-03-21,제주,2820.07361,2820.07361,24,24,완전,444.0,8.345833333333333,5.8,12.2,46.541666666666664,3.0375,1.6666666666666667,24,24,24,24,24,1
2024-03-22,제주,1820.32237,1820.32237,24,24,완전,444.0,13.9,6.5,20.7,45.75,3.891666666666667,4.75,24,24,24,24,24,1
2024-03-23,제주,1540.02965,1540.02965,24,24,완전,444.0,17.070833333333333,14.9,18.8,74.0,4.116666666666666,7.166666666666667,24,24,24,24,24,1
2024-03-24,제주,327.76748,327.76748,24,24,완전,444.0,14.529166666666669,12.9,15.9,87.45833333333333,4.620833333333334,9.958333333333334,24,24,24,24,24,1
2024-03-25,제주,371.43918,371.43918,24,24,완전,444.0,14.275,13.2,15.7,83.5,5.116666666666666,9.5,24,24,24,24,24,1
2024-03-26,제주,1268.84774,1268.84774,24,24,완전,444.0,10.920833333333334,9.3,14.1,78.58333333333333,4.25,9.958333333333334,24,24,24,24,24,1
2024-03-27,제주,1856.39335,1856.39335,24,24,완전,444.0,12.904166666666669,8.2,19.2,65.58333333333333,2.7624999999999997,6.666666666666667,24,24,24,24,24,1
2024-03-28,제주,182.26044,182.26044,24,24,완전,444.0,13.3,12.0,15.1,81.0,3.6166666666666663,9.958333333333334,24,24,24,24,24,1
2024-03-29,제주,2241.90144,2241.90144,24,24,완전,444.0,15.025,8.9,22.2,64.08333333333333,4.804166666666666,1.5833333333333333,24,24,24,24,24,1
2024-03-30,제주,1974.98812,1974.98812,24,24,완전,444.0,17.345833333333335,11.8,26.6,65.0,2.9916666666666667,4.708333333333333,24,24,24,24,24,1
2024-03-31,제주,897.63361,897.63361,24,24,완전,444.0,14.483333333333334,11.5,16.8,74.875,2.4791666666666665,6.25,24,24,24,24,24,1
2024-04-01,제주,2488.92258,2488.92258,24,24,완전,445.0,14.983333333333334,10.5,19.4,58.291666666666664,1.95,1.4583333333333333,24,24,24,24,24,1
2024-04-02,제주,422.847,422.847,24,24,완전,445.0,16.087500000000002,13.2,19.0,70.66666666666667,3.2291666666666665,9.291666666666666,24,24,24,24,24,1
2024-04-03,제주,,,0,0,관측 없음,,,,,,,,0,0,0,0,0,0
2024-04-04,제주,421.35498,421.35498,24,24,완전,445.0,14.345833333333331,12.7,15.4,87.16666666666667,1.9291666666666665,9.625,24,24,24,24,24,1
2024-04-05,제주,,,0,0,관측 없음,,,,,,,,0,0,0,0,0,0
2024-04-06,제주,,,0,0,관측 없음,,,,,,,,0,0,0,0,0,0
2024-04-07,제주,,,0,0,관측 없음,,,,,,,,0,0,0,0,0,0
2024-04-08,제주,,,0,0,관측 없음,,,,,,,,0,0,0,0,0,0
2024-04-09,제주,,,0,0,관측 없음,,,,,,,,0,0,0,0,0,0
2024-04-10,제주,,,0,0,관측 없음,,,,,,,,0,0,0,0,0,0
2024-04-11,제주,720.02484,720.02484,24,24,완전,445.0,16.108333333333334,13.4,20.8,66.70833333333333,1.5458333333333334,9.166666666666666,24,24,24,24,24,1
2024-04-12,제주,1963.00928,1963.00928,24,24,완전,445.0,16.545833333333334,13.3,19.9,71.91666666666667,3.2875,7.666666666666667,24,24,24,24,24,1
2024-04-13,제주,2539.87878,2539.87878,24,24,완전,445.0,18.0,15.3,21.9,75.125,2.7583333333333333,3.25,24,24,24,24,24,1
2024-04-14,제주,1547.56736,1547.56736,24,24,완전,445.0,18.904166666666665,14.6,22.6,67.41666666666667,3.8375,6.041666666666667,24,24,24,24,24,1
2024-04-15,제주,1180.14308,1180.14308,24,24,완전,445.0,18.5875,14.2,23.6,75.04166666666667,4.479166666666667,7.75,24,24,24,24,24,1
2024-04-16,제주,2393.23412,2393.23412,24,24,완전,445.0,15.895833333333334,13.5,20.0,74.54166666666667,2.683333333333333,5.291666666666667,24,24,24,24,24,1
2024-04-17,제주,1232.57665,1232.57665,24,24,완전,445.0,14.695833333333333,11.7,17.1,61.916666666666664,1.8375,7.875,24,24,24,24,24,1
2024-04-18,제주,2746.93912,2746.93912,24,24,완전,445.0,16.258333333333333,12.0,21.0,57.625,2.733333333333333,1.3333333333333333,24,24,24,24,24,1
2024-04-19,제주,2168.91156,2168.91156,24,24,완전,445.0,17.2625,13.4,21.4,51.583333333333336,1.9125,5.5,24,24,24,24,24,1
2024-04-20,제주,601.04365,601.04365,24,24,완전,445.0,18.270833333333332,14.8,21.5,66.58333333333333,3.7916666666666665,9.0,24,24,24,24,24,1
2024-04-21,제주,473.29187,473.29187,24,24,완전,445.0,15.383333333333333,14.4,16.1,84.66666666666667,2.475,9.75,24,24,24,24,24,1
2024-04-22,제주,640.53724,640.53724,24,24,완전,445.0,16.458333333333332,15.6,18.0,82.83333333333333,2.8666666666666667,9.416666666666666,24,24,24,24,24,1
2024-04-23,제주,695.22047,695.22047,24,24,완전,445.0,15.416666666666666,14.7,16.3,82.54166666666667,3.1750000000000003,9.916666666666666,24,24,24,24,24,1
2024-04-24,제주,2375.47717,2375.47717,24,24,완전,445.0,16.129166666666666,13.0,18.8,73.04166666666667,3.845833333333333,4.833333333333333,24,24,24,24,24,1
2024-04-25,제주,2694.4124,2694.4124,24,24,완전,445.0,15.704166666666666,11.9,20.5,68.04166666666667,2.3249999999999997,4.041666666666667,24,24,24,24,24,1
2024-04-26,제주,1416.40985,1416.40985,24,24,완전,445.0,16.570833333333333,15.1,19.3,74.41666666666667,1.9041666666666668,8.125,24,24,24,24,24,1
2024-04-27,제주,2615.64058,2615.64058,24,24,완전,445.0,18.533333333333335,15.5,22.1,66.66666666666667,1.7833333333333334,2.7916666666666665,24,24,24,24,24,1
2024-04-28,제주,1971.72205,1971.72205,24,24,완전,445.0,18.979166666666668,15.2,22.5,58.708333333333336,1.8916666666666664,7.666666666666667,24,24,24,24,24,1
2024-04-29,제주,394.33172,394.33172,24,24,완전,445.0,18.1625,15.6,20.3,89.58333333333333,3.5875,10.0,24,24,24,24,24,1
2024-04-30,제주,1850.37397,1850.37397,24,24,완전,445.0,16.599999999999998,14.4,20.0,81.16666666666667,2.670833333333333,9.458333333333334,24,24,24,24,24,1
2024-05-01,제주,870.1996800000001,870.1996800000001,24,24,완전,446.0,15.408333333333331,14.0,17.9,71.70833333333333,2.875,7.25,24,24,24,24,24,1
2024-05-02,제주,2562.36828,2562.36828,24,24,완전,446.0,15.9625,12.9,19.0,59.791666666666664,2.9791666666666665,5.958333333333333,24,24,24,24,24,1
2024-05-03,제주,2773.8469299999997,2773.8469299999997,24,24,완전,446.0,16.92083333333333,13.3,20.2,65.58333333333333,2.829166666666667,2.1666666666666665,24,24,24,24,24,1
2024-05-04,제주,1509.67934,1509.67934,24,24,완전,446.0,20.041666666666668,14.1,24.6,64.45833333333333,3.675,6.666666666666667,24,24,24,24,24,1
2024-05-05,제주,174.85419,174.85419,24,24,완전,446.0,22.34166666666667,19.2,25.2,77.20833333333333,3.5083333333333333,10.0,24,24,24,24,24,1
2024-05-06,제주,1921.13346,1921.13346,24,24,완전,446.0,18.1125,15.9,20.9,75.58333333333333,4.516666666666667,7.375,24,24,24,24,24,1
2024-05-07,제주,2666.21911,2666.21911,24,24,완전,446.0,17.783333333333335,15.5,21.2,69.58333333333333,5.554166666666667,2.4583333333333335,24,24,24,24,24,1
2024-05-08,제주,1194.11435,1194.11435,24,24,완전,446.0,15.041666666666666,14.0,16.7,74.54166666666667,3.266666666666667,8.416666666666666,24,24,24,24,24,1
2024-05-09,제주,2823.11316,2823.11316,24,24,완전,446.0,16.575,12.5,20.9,63.208333333333336,2.75,0.625,24,24,24,24,24,1
2024-05-10,제주,2805.16868,2805.16868,24,24,완전,446.0,17.066666666666666,12.7,20.6,60.791666666666664,2.6166666666666667,0.0,24,24,24,24,24,1
2024-05-11,제주,1067.05511,1067.05511,24,24,완전,446.0,19.933333333333337,15.4,25.6,61.916666666666664,2.7125,7.25,24,24,24,24,24,1
2024-05-12,제주,818.12413,818.12413,24,24,완전,446.0,17.745833333333334,15.1,19.9,66.20833333333333,2.795833333333333,8.791666666666666,24,24,24,24,24,1
2024-05-13,제주,2797.76264,2797.76264,24,24,완전,446.0,17.525000000000002,13.5,21.8,59.541666666666664,2.404166666666667,1.625,24,24,24,24,24,1
2024-05-14,제주,2785.17189,2785.17189,24,24,완전,446.0,18.0,13.7,22.4,52.166666666666664,2.1666666666666665,0.0,24,24,24,24,24,1
2024-05-15,제주,2334.19603,2334.19603,24,24,완전,446.0,17.379166666666666,14.2,23.3,46.333333333333336,4.6875,2.0416666666666665,24,24,24,24,24,1
2024-05-16,제주,2913.95622,2913.95622,24,24,완전,446.0,18.604166666666668,15.1,22.5,41.0,6.75,0.0,24,24,24,24,24,1
2024-05-17,제주,,,0,0,관측 없음,,,,,,,,0,0,0,0,0,0
2024-05-18,제주,,,0,0,관측 없음,,,,,,,,0,0,0,0,0,0
2024-05-19,제주,,,0,0,관측 없음,,,,,,,,0,0,0,0,0,0
2024-05-20,제주,2365.29458,2365.29458,24,24,완전,446.0,21.5,17.7,25.2,47.166666666666664,2.245833333333333,6.5,24,24,24,24,24,1
2024-05-21,제주,2222.21974,2222.21974,24,24,완전,446.0,19.879166666666663,16.8,23.3,63.416666666666664,3.8666666666666663,3.7916666666666665,24,24,24,24,24,1
2024-05-22,제주,1524.72394,1524.72394,24,24,완전,446.0,19.8625,17.9,22.6,74.54166666666667,3.4916666666666667,8.875,24,24,24,24,24,1
2024-05-23,제주,2405.35944,2405.35944,24,24,완전,446.0,20.2625,17.4,24.3,75.58333333333333,2.0208333333333335,7.916666666666667,24,24,24,24,24,1
2024-05-24,제주,2739.78843,2739.78843,24,24,완전,446.0,20.15,17.7,23.0,66.29166666666667,2.4,1.9166666666666667,24,24,24,24,24,1
2024-05-25,제주,2458.28613,2458.28613,24,24,완전,446.0,20.9625,18.3,25.3,67.08333333333333,4.45,1.6666666666666667,24,24,24,24,24,1
2024-05-26,제주,662.81435,662.81435,24,24,완전,446.0,21.7375,17.9,26.1,74.0,1.8416666666666668,5.25,24,24,24,24,24,1
2024-05-27,제주,1424.78787,1424.78787,24,24,완전,446.0,20.708333333333332,18.5,23.5,63.833333333333336,2.620833333333333,9.166666666666666,24,24,24,24,24,1
2024-05-28,제주,2844.61933,2844.61933,24,24,완전,446.0,19.854166666666668,16.8,23.6,63.791666666666664,2.7125,3.2083333333333335,24,24,24,24,24,1
2024-05-29,제주,2622.60876,2622.60876,24,24,완전,446.0,19.758333333333333,16.3,23.5,67.0,2.279166666666667,1.625,24,24,24,24,24,1
2024-05-30,제주,1764.62559,1764.62559,24,24,완전,446.0,19.9375,16.3,23.5,65.79166666666667,1.8333333333333333,8.125,24,24,24,24,24,1
2024-05-31,제주,1383.91676,1383.91676,24,24,완전,446.0,19.404166666666665,16.9,22.5,72.95833333333333,2.3625,8.083333333333334,24,24,24,24,24,1
2024-06-01,제주,1829.47551,1829.47551,24,24,완전,446.0,19.85833333333333,17.8,22.7,69.79166666666667,3.3333333333333335,4.833333333333333,24,24,24,24,24,1
2024-06-02,제주,1635.70611,1635.70611,24,24,완전,446.0,20.029166666666665,17.4,23.2,63.708333333333336,3.0500000000000003,7.958333333333333,24,24,24,24,24,1
2024-06-03,제주,1793.46772,1793.46772,24,24,완전,446.0,21.204166666666666,17.9,24.3,57.0,3.154166666666667,5.208333333333333,24,24,24,24,24,1
2024-06-04,제주,1872.71333,1872.71333,24,24,완전,446.0,20.220833333333335,17.4,23.7,64.625,3.420833333333333,2.5,24,24,24,24,24,1
2024-06-05,제주,1197.08788,1197.08788,24,24,완전,446.0,19.820833333333333,17.1,22.2,69.20833333333333,3.7125,7.458333333333333,24,24,24,24,24,1
2024-06-06,제주,672.34028,672.34028,24,24,완전,446.0,20.304166666666667,19.3,22.3,75.5,2.7541666666666664,9.833333333333334,24,24,24,24,24,1
2024-06-07,제주,1046.18685,1046.18685,24,24,완전,446.0,22.27916666666667,19.0,25.3,66.54166666666667,2.3625000000000003,8.666666666666666,24,24,24,24,24,1
2024-06-08,제주,667.08803,667.08803,24,24,완전,446.0,21.441666666666663,19.8,23.3,83.91666666666667,1.8208333333333335,9.416666666666666,24,24,24,24,24,1
2024-06-09,제주,1118.16626,1118.16626,24,24,완전,446.0,21.358333333333334,19.1,26.0,82.29166666666667,2.6374999999999997,6.708333333333333,24,24,24,24,24,1
2024-06-10,제주,2082.99849,2082.99849,24,24,완전,446.0,23.454166666666666,18.9,28.8,59.458333333333336,2.6750000000000003,3.1666666666666665,24,24,24,24,24,1
2024-06-11,제주,1636.13693,1636.13693,24,24,완전,446.0,21.770833333333332,19.2,24.4,73.79166666666667,1.7208333333333332,6.375,24,24,24,24,24,1
2024-06-12,제주,1470.1829,1470.1829,24,24,완전,446.0,22.104166666666668,19.1,25.4,79.33333333333333,1.725,3.5833333333333335,24,24,24,24,24,1
2024-06-13,제주,2033.52954,2033.52954,24,24,완전,446.0,23.733333333333334,20.2,28.4,71.29166666666667,2.191666666666667,0.9166666666666666,24,24,24,24,24,1
2024-06-14,제주,1405.81969,1405.81969,24,24,완전,446.0,25.325,21.6,30.9,68.79166666666667,2.2375000000000003,5.958333333333333,24,24,24,24,24,1
2024-06-15,제주,1372.69033,1372.69033,24,24,완전,446.0,24.84583333333333,22.0,27.3,75.125,2.379166666666667,4.208333333333333,24,24,24,24,24,1
2024-06-16,제주,1725.67407,1725.67407,24,24,완전,446.0,25.09583333333333,22.6,28.5,72.0,2.8041666666666667,5.25,24,24,24,24,24,1
2024-06-17,제주,489.32939,489.32939,24,24,완전,446.0,22.6,20.9,24.2,72.33333333333333,1.8708333333333331,7.791666666666667,24,24,24,24,24,1
2024-06-18,제주,2231.42557,2231.42557,24,24,완전,446.0,24.691666666666663,19.2,31.0,51.708333333333336,2.7875,1.0,24,24,24,24,24,1
2024-06-19,제주,1353.03576,1353.03576,24,24,완전,446.0,24.90833333333333,22.1,29.0,56.0,2.2666666666666666,8.166666666666666,24,24,24,24,24,1
2024-06-20,제주,91.07219,91.07219,24,24,완전,446.0,22.75,21.9,24.4,80.5,3.0041666666666664,9.916666666666666,24,24,24,24,24,1
2024-06-21,제주,1051.03545,1051.03545,24,24,완전,446.0,24.59583333333333,21.7,27.9,78.75,1.8166666666666669,7.75,24,24,24,24,24,1
2024-06-22,제주,216.69751,216.69751,24,24,완전,446.0,25.65416666666667,23.4,29.3,83.375,4.05,9.833333333333334,24,24,24,24,24,1
2024-06-23,제주,785.5117399999999,785.5117399999999,24,24,완전,446.0,24.954166666666666,22.0,27.0,81.16666666666667,3.483333333333333,9.333333333333334,24,24,24,24,24,1
2024-06-24,제주,1245.47287,1245.47287,24,24,완전,446.0,25.775,24.3,29.1,73.20833333333333,4.120833333333333,7.958333333333333,24,24,24,24,24,1
2024-06-25,제주,563.80929,563.80929,24,24,완전,446.0,22.804166666666664,21.7,23.8,74.58333333333333,1.8833333333333335,9.75,24,24,24,24,24,1
2024-06-26,제주,1053.71325,1053.71325,24,24,완전,446.0,22.933333333333337,21.1,26.1,67.04166666666667,1.9666666666666668,8.916666666666666,24,24,24,24,24,1
2024-06-27,제주,157.85390999999998,157.85390999999998,24,24,완전,446.0,22.1125,20.5,23.7,86.625,1.5625,9.791666666666666,24,24,24,24,24,1
2024-06-28,제주,868.45864,868.45864,24,24,완전,446.0,23.641666666666666,20.3,27.5,82.54166666666667,2.029166666666667,9.166666666666666,24,24,24,24,24,1
2024-06-29,제주,123.4547,123.4547,24,24,완전,446.0,25.0875,22.6,28.3,82.33333333333333,3.9125,9.875,24,24,24,24,24,1
2024-06-30,제주,241.05506,241.05506,24,24,완전,446.0,26.97083333333333,25.1,27.9,80.29166666666667,7.358333333333333,9.916666666666666,24,24,24,24,24,1
2024-07-01,제주,596.7024,596.7024,24,24,완전,449.0,25.670833333333334,24.6,27.7,83.20833333333333,2.475,9.208333333333334,24,24,24,24,24,1
2024-07-02,제주,708.78778,708.78778,24,24,완전,449.0,29.454166666666666,24.0,33.0,67.5,7.125,6.666666666666667,24,24,24,24,24,1
2024-07-03,제주,1065.94674,1065.94674,24,24,완전,449.0,29.304166666666664,26.1,31.8,72.375,5.3500000000000005,4.625,24,24,24,24,24,1
2024-07-04,제주,1629.11677,1629.11677,24,24,완전,449.0,27.1125,24.5,29.9,81.0,2.7541666666666664,1.1666666666666667,24,24,24,24,24,1
2024-07-05,제주,1591.36454,1591.36454,24,24,완전,449.0,28.766666666666666,25.6,33.5,76.625,3.7625,2.625,24,24,24,24,24,1
2024-07-06,제주,1558.79246,1558.79246,24,24,완전,449.0,30.204166666666666,25.4,34.6,61.375,5.1,6.041666666666667,24,24,24,24,24,1
2024-07-07,제주,932.33126,932.33126,24,24,완전,449.0,30.7625,27.8,34.1,64.29166666666667,5.445833333333333,7.958333333333333,24,24,24,24,24,1
2024-07-08,제주,1126.04427,1126.04427,24,24,완전,449.0,31.120833333333337,27.8,34.7,61.833333333333336,5.425,7.625,24,24,24,24,24,1
2024-07-09,제주,1201.81183,1201.81183,24,24,완전,449.0,30.825,28.8,33.8,60.291666666666664,5.479166666666667,8.291666666666666,24,24,24,24,24,1
2024-07-10,제주,237.21115,237.21115,24,24,완전,449.0,26.7125,23.5,29.7,81.625,5.641666666666667,9.291666666666666,24,24,24,24,24,1
2024-07-11,제주,366.81692,366.81692,24,24,완전,449.0,24.008333333333336,23.2,25.4,85.04166666666667,2.2666666666666666,9.791666666666666,24,24,24,24,24,1
2024-07-12,제주,1190.24877,1190.24877,24,24,완전,449.0,24.495833333333337,22.6,26.9,79.75,2.1333333333333333,6.666666666666667,24,24,24,24,24,1
2024-07-13,제주,318.58733,318.58733,24,24,완전,449.0,25.208333333333332,23.2,27.4,80.83333333333333,1.7458333333333331,8.75,24,24,24,24,24,1
2024-07-14,제주,539.7696100000001,539.7696100000001,24,24,완전,449.0,26.15,24.7,29.2,81.04166666666667,2.220833333333333,9.833333333333334,24,24,24,24,24,1
2024-07-15,제주,513.59303,513.59303,24,24,완전,449.0,25.683333333333337,24.2,27.9,87.25,1.6125,9.916666666666666,24,24,24,24,24,1
2024-07-16,제주,1049.93851,1049.93851,24,24,완전,449.0,29.579166666666666,25.8,33.1,68.33333333333333,3.3958333333333335,8.75,24,24,24,24,24,1
2024-07-17,제주,1258.19479,1258.19479,24,24,완전,449.0,30.004166666666663,26.6,35.1,65.58333333333333,2.841666666666667,7.458333333333333,24,24,24,24,24,1
2024-07-18,제주,742.70208,742.70208,24,24,완전,449.0,30.041666666666668,27.8,33.6,69.66666666666667,3.8833333333333337,8.75,24,24,24,24,24,1
2024-07-19,제주,766.02372,766.02372,24,24,완전,449.0,28.020833333333332,24.1,34.1,79.70833333333333,3.1958333333333333,8.333333333333334,24,24,24,24,24,1
2024-07-20,제주,1418.57273,1418.57273,24,24,완전,449.0,30.770833333333332,26.8,35.4,66.66666666666667,3.345833333333333,5.416666666666667,24,24,24,24,24,1
2024-07-21,제주,1350.61312,1350.61312,24,24,완전,449.0,30.72083333333333,26.8,34.5,68.29166666666667,4.008333333333334,6.25,24,24,24,24,24,1
2024-07-22,제주,1642.12354,1642.12354,24,24,완전,449.0,29.6875,27.0,32.8,75.25,2.591666666666667,4.958333333333333,24,24,24,24,24,1
2024-07-23,제주,1538.09444,1538.09444,24,24,완전,449.0,29.9375,27.8,32.3,71.79166666666667,2.6916666666666664,5.5,24,24,24,24,24,1
2024-07-24,제주,1496.92054,1496.92054,24,24,완전,449.0,30.258333333333336,28.4,32.8,74.08333333333333,2.245833333333333,5.541666666666667,24,24,24,24,24,1
2024-07-25,제주,1536.13172,1536.13172,24,24,완전,449.0,30.5,28.3,34.1,68.08333333333333,3.2083333333333335,5.75,24,24,24,24,24,1
2024-07-26,제주,685.36826,685.36826,24,24,완전,449.0,28.3125,27.0,29.6,80.91666666666667,2.3625000000000003,9.916666666666666,24,24,24,24,24,1
2024-07-27,제주,1137.05148,1137.05148,24,24,완전,449.0,30.21666666666667,27.2,34.3,70.08333333333333,2.3916666666666666,8.916666666666666,24,24,24,24,24,1
2024-07-28,제주,1682.22129,1682.22129,24,24,완전,449.0,30.320833333333336,27.7,32.4,69.33333333333333,2.9375,2.375,24,24,24,24,24,1
2024-07-29,제주,1807.75018,1807.75018,24,24,완전,449.0,29.883333333333336,26.7,32.9,71.29166666666667,2.9875000000000003,0.6666666666666666,24,24,24,24,24,1
2024-07-30,제주,1748.47812,1748.47812,24,24,완전,449.0,30.454166666666666,27.7,33.7,68.04166666666667,3.7458333333333336,0.0416666666666666,24,24,24,24,24,1
2024-07-31,제주,1833.35675,1833.35675,24,24,완전,449.0,29.995833333333337,27.1,32.4,70.91666666666667,2.8125,1.125,24,24,24,24,24,1
2024-08-01,제주,1662.9437,1662.9437,24,24,완전,448.0,30.6875,28.3,33.3,72.58333333333333,2.908333333333333,0.6666666666666666,24,24,24,24,24,1
2024-08-02,제주,1601.11198,1601.11198,24,24,완전,448.0,30.895833333333332,28.0,34.7,73.70833333333333,2.1708333333333334,1.6666666666666667,24,24,24,24,24,1
2024-08-03,제주,1502.69909,1502.69909,24,24,완전,448.0,31.125,28.9,33.1,74.375,2.3000000000000003,1.7916666666666667,24,24,24,24,24,1
2024-08-04,제주,1487.82043,1487.82043,24,24,완전,448.0,31.1125,29.1,33.4,74.0,2.2083333333333335,2.125,24,24,24,24,24,1
2024-08-05,제주,1243.3107,1243.3107,24,24,완전,448.0,30.579166666666666,28.9,32.8,75.91666666666667,2.5565217391304347,4.125,24,24,24,23,24,0
2024-08-06,제주,1486.2785,1486.2785,24,24,완전,448.0,30.270833333333332,28.3,32.2,73.08333333333333,3.1374999999999997,4.125,24,24,24,24,24,1
2024-08-07,제주,1853.78004,1853.78004,24,24,완전,448.0,30.2625,27.7,33.0,70.66666666666667,2.4583333333333335,0.5416666666666666,24,24,24,24,24,1
2024-08-08,제주,1637.9766,1637.9766,24,24,완전,448.0,30.625,28.0,33.3,71.125,2.3291666666666666,3.75,24,24,24,24,24,1
2024-08-09,제주,1559.37648,1559.37648,24,24,완전,448.0,30.604166666666668,28.5,32.5,69.83333333333333,2.0875,2.9583333333333335,24,24,24,24,24,1
2024-08-10,제주,1431.56359,1431.56359,24,24,완전,448.0,30.875,28.0,34.0,66.45833333333333,2.9458333333333333,2.4166666666666665,24,24,24,24,24,1
2024-08-11,제주,1448.67998,1448.67998,24,24,완전,448.0,30.954166666666666,27.9,34.8,62.583333333333336,2.9291666666666667,2.125,24,24,24,24,24,1
2024-08-12,제주,1862.93562,1862.93562,24,24,완전,448.0,30.233333333333334,27.6,33.1,63.625,3.25,1.625,24,24,24,24,24,1
2024-08-13,제주,1722.18663,1722.18663,24,24,완전,448.0,29.65,27.7,32.2,69.125,3.466666666666667,3.0833333333333335,24,24,24,24,24,1
2024-08-14,제주,963.42105,963.42105,24,24,완전,448.0,28.7125,26.0,30.8,75.70833333333333,2.5875,6.041666666666667,24,24,24,24,24,1
2024-08-15,제주,978.89498,978.89498,24,24,완전,448.0,28.05652173913043,25.6,31.3,77.69565217391305,2.3130434782608695,7.5,24,23,23,23,24,0
2024-08-16,제주,1414.43822,1414.43822,24,24,완전,448.0,28.3625,25.5,31.9,77.70833333333333,2.5791666666666666,7.25,24,24,24,24,24,1
2024-08-17,제주,1198.28157,1198.28157,24,24,완전,448.0,29.21666666666667,26.6,32.7,73.625,2.716666666666667,5.666666666666667,24,24,24,24,24,1
2024-08-18,제주,1180.4129,1180.4129,24,24,완전,448.0,29.541666666666668,27.7,32.6,73.375,2.9916666666666667,7.041666666666667,24,24,24,24,24,1
2024-08-19,제주,1668.06738,1668.06738,24,24,완전,448.0,30.579166666666666,27.3,34.8,68.375,3.025,2.75,24,24,24,24,24,1
2024-08-20,제주,924.2738,924.2738,24,24,완전,448.0,30.325,28.0,32.6,72.79166666666667,2.3666666666666667,7.541666666666667,24,24,24,24,24,1
2024-08-21,제주,1204.64587,1204.64587,24,24,완전,448.0,31.154166666666665,28.5,33.8,69.45833333333333,2.3874999999999997,7.75,24,24,24,24,24,1
2024-08-22,제주,1212.16515,1212.16515,24,24,완전,448.0,31.104166666666668,29.2,34.2,68.0,3.9791666666666665,5.583333333333333,24,24,24,24,24,1
2024-08-23,제주,1388.08052,1388.08052,24,24,완전,448.0,30.2,28.1,33.0,73.75,2.5,3.4166666666666665,24,24,24,24,24,1
2024-08-24,제주,1430.52999,1430.52999,24,24,완전,448.0,29.620833333333337,26.8,32.1,67.83333333333333,2.566666666666667,1.7083333333333333,24,24,24,24,24,1
2024-08-25,제주,162.661109,162.661109,24,24,완전,448.0,29.65,27.0,32.6,68.75,2.2875,1.625,24,24,24,24,24,1
2024-08-26,제주,3054.58294,3054.58294,24,24,완전,448.0,29.22083333333333,26.2,32.0,70.04166666666667,2.6083333333333334,3.4583333333333335,24,24,24,24,24,1
2024-08-27,제주,125.411225,125.411225,24,24,완전,448.0,29.3375,27.2,31.6,74.70833333333333,3.2458333333333336,6.708333333333333,24,24,24,24,24,1
2024-08-28,제주,1829.25068,1829.25068,24,24,완전,448.0,28.15833333333333,27.3,29.5,79.66666666666667,6.333333333333333,7.875,24,24,24,24,24,1
2024-08-29,제주,157.38313000000002,157.38313000000002,24,24,완전,448.0,29.241666666666664,26.9,33.3,73.25,3.3625000000000003,5.75,24,24,24,24,24,1
2024-08-30,제주,3874.81112,3874.81112,24,24,완전,448.0,29.629166666666663,27.0,32.8,70.29166666666667,3.279166666666667,2.1666666666666665,24,24,24,24,24,1
2024-08-31,제주,203.31190600000002,203.31190600000002,24,24,완전,448.0,28.2375,25.3,31.7,64.08333333333333,3.4499999999999997,2.625,24,24,24,24,24,1
2024-09-01,제주,3030.3091,3030.3091,24,24,완전,447.0,27.804166666666664,24.0,31.9,64.29166666666667,2.3874999999999997,2.5833333333333335,24,24,24,24,24,1
2024-09-02,제주,164.23147500000002,164.23147500000002,24,24,완전,447.0,27.933333333333337,24.0,31.2,62.041666666666664,2.4,5.208333333333333,24,24,24,24,24,1
2024-09-03,제주,1957.88104,1957.88104,24,24,완전,447.0,28.0125,26.2,32.3,63.833333333333336,2.8375,8.625,24,24,24,24,24,1
2024-09-04,제주,143.104547,143.104547,24,24,완전,447.0,27.65,25.5,29.8,71.66666666666667,4.020833333333333,3.6666666666666665,24,24,24,24,24,1
2024-09-05,제주,3265.67714,3265.67714,24,24,완전,447.0,28.6125,25.4,31.8,66.625,2.5791666666666666,0.875,24,24,24,24,24,1
2024-09-06,제주,143.234416,143.234416,24,24,완전,447.0,29.025,25.5,32.8,61.125,2.4499999999999997,3.375,24,24,24,24,24,1
2024-09-07,제주,2598.38262,2598.38262,24,24,완전,447.0,28.795833333333334,25.9,33.0,65.45833333333333,2.183333333333333,3.7916666666666665,24,24,24,24,24,1
2024-09-08,제주,99.68861000000001,99.68861000000001,24,24,완전,447.0,28.370833333333337,26.4,31.9,74.29166666666667,1.9125,4.375,24,24,24,24,24,1
2024-09-09,제주,3091.07696,3091.07696,24,24,완전,447.0,28.570833333333336,25.9,31.2,74.45833333333333,3.5833333333333335,2.0833333333333335,24,24,24,24,24,1
2024-09-10,제주,126.84536700000001,126.84536700000001,24,24,완전,447.0,28.754166666666663,27.3,30.4,79.0,3.825,7.166666666666667,24,24,24,24,24,1
2024-09-11,제주,1795.91564,1795.91564,24,24,완전,447.0,29.133333333333336,27.3,33.1,77.04166666666667,2.1958333333333333,9.375,24,24,24,24,24,1
2024-09-12,제주,146.380911,146.380911,24,24,완전,447.0,30.358333333333334,26.9,34.7,69.83333333333333,2.3874999999999997,4.5,24,24,24,24,24,1
2024-09-13,제주,3270.0325,3270.0325,24,24,완전,447.0,29.129166666666663,26.4,32.2,70.0,2.475,2.3333333333333335,24,24,24,24,24,1
2024-09-14,제주,172.597989,172.597989,24,24,완전,447.0,29.179166666666664,26.4,32.1,70.83333333333333,2.85,0.75,24,24,24,24,24,1
2024-09-15,제주,2384.06346,2384.06346,24,24,완전,447.0,29.670833333333334,28.4,32.4,79.79166666666667,3.8375,8.5,24,24,24,24,24,1
2024-09-16,제주,73.15306700000001,73.15306700000001,24,24,완전,447.0,28.9,27.4,31.5,82.91666666666667,3.3833333333333333,8.458333333333334,24,24,24,24,24,1
2024-09-17,제주,1606.10874,1606.10874,24,24,완전,447.0,28.2625,27.1,30.2,82.16666666666667,1.7208333333333332,4.833333333333333,24,24,24,24,24,1
2024-09-18,제주,150.281966,150.281966,24,24,완전,447.0,29.929166666666664,26.9,34.6,72.75,2.920833333333333,1.5,24,24,24,24,24,1
2024-09-19,제주,2496.4231,2496.4231,24,24,완전,447.0,29.008333333333336,26.8,33.0,76.83333333333333,3.0625,6.625,24,24,24,24,24,1
2024-09-20,제주,55.059092,55.059092,24,24,완전,447.0,28.441666666666663,26.6,31.9,78.625,2.5166666666666666,9.291666666666666,24,24,24,24,24,1
2024-09-21,제주,410.59432,410.59432,24,24,완전,447.0,27.570833333333336,25.6,29.4,82.875,2.9124999999999996,9.083333333333334,24,24,24,24,24,1
2024-09-22,제주,61.67416600000001,61.67416600000001,24,24,완전,447.0,23.77916666666667,23.0,25.4,86.16666666666667,4.495833333333333,10.0,24,24,24,24,24,1
2024-09-23,제주,2421.04002,2421.04002,24,24,완전,447.0,24.2625,21.8,26.7,69.83333333333333,4.366666666666666,6.208333333333333,24,24,24,24,24,1
2024-09-24,제주,119.246085,119.246085,24,24,완전,447.0,23.53333333333333,21.2,25.9,71.25,3.1458333333333335,6.833333333333333,24,24,24,24,24,1
2024-09-25,제주,1854.88686,1854.88686,24,24,완전,447.0,24.954166666666666,22.9,28.2,77.95833333333333,2.7291666666666665,5.375,24,24,24,24,24,1
2024-09-26,제주,153.431103,153.431103,24,24,완전,447.0,25.52916666666667,22.7,28.3,74.95833333333333,2.566666666666667,4.916666666666667,24,24,24,24,24,1
2024-09-27,제주,3114.05444,3114.05444,24,24,완전,447.0,25.495833333333337,23.1,28.2,65.54166666666667,2.591666666666667,5.833333333333333,24,24,24,24,24,1
2024-09-28,제주,143.296251,143.296251,24,24,완전,447.0,25.1375,23.2,27.3,72.45833333333333,3.1875,2.7916666666666665,24,24,24,24,24,1
2024-09-29,제주,2538.17944,2538.17944,24,24,완전,447.0,25.004166666666663,22.9,27.8,66.70833333333333,3.6916666666666664,5.208333333333333,24,24,24,24,24,1
2024-09-30,제주,123.974676,123.974676,24,24,완전,447.0,24.425,22.3,26.7,75.625,3.279166666666667,2.6666666666666665,24,24,24,24,24,1
2024-10-01,제주,1741.55102,1741.55102,24,24,완전,448.0,23.383333333333336,18.5,28.1,72.5,3.466666666666667,6.083333333333333,24,24,24,24,24,1
2024-10-02,제주,130.16115299999998,130.16115299999998,24,24,완전,448.0,20.420833333333334,18.8,22.3,51.75,4.6125,8.583333333333334,24,24,24,24,24,1
2024-10-03,제주,1368.51972,1368.51972,24,24,완전,448.0,19.1875,17.6,20.6,61.583333333333336,3.358333333333333,8.625,24,24,24,24,24,1
2024-10-04,제주,150.102344,150.102344,24,24,완전,448.0,20.8,16.9,23.9,63.958333333333336,3.0083333333333333,5.416666666666667,24,24,24,24,24,1
2024-10-05,제주,2948.04554,2948.04554,24,24,완전,448.0,22.21666666666667,20.0,24.7,62.75,3.283333333333333,7.0,24,24,24,24,24,1
2024-10-06,제주,70.11807800000001,70.11807800000001,24,24,완전,448.0,21.34166666666667,17.5,24.2,70.58333333333333,2.475,9.541666666666666,24,24,24,24,24,1
2024-10-07,제주,1007.49974,1007.49974,24,24,완전,448.0,19.020833333333332,17.7,20.8,68.75,3.1333333333333333,9.958333333333334,24,24,24,24,24,1
2024-10-08,제주,150.469455,150.469455,24,24,완전,448.0,21.016666666666666,17.7,24.2,65.20833333333333,3.154166666666667,6.0,24,24,24,24,24,1
2024-10-09,제주,925.9846,925.9846,24,24,완전,448.0,19.2625,17.6,20.5,76.29166666666667,2.0,8.125,24,24,24,24,24,1
2024-10-10,제주,101.501177,101.501177,24,24,완전,448.0,20.541666666666668,18.6,23.5,69.66666666666667,2.2624999999999997,8.75,24,24,24,24,24,1
2024-10-11,제주,3025.72668,3025.72668,24,24,완전,448.0,20.270833333333332,17.0,24.0,72.125,2.1708333333333334,3.0,24,24,24,24,24,1
2024-10-12,제주,133.051961,133.051961,24,24,완전,448.0,20.908333333333335,17.2,25.2,67.5,2.3899999999999997,4.5,24,24,24,20,24,0
2024-10-13,제주,2848.24634,2848.24634,24,24,완전,448.0,22.120833333333337,18.8,25.9,57.5,2.670833333333333,5.708333333333333,24,24,24,24,24,1
2024-10-14,제주,55.400518000000005,55.400518000000005,24,24,완전,448.0,23.566666666666663,21.3,27.9,66.95833333333333,2.1374999999999997,9.5,24,24,24,24,24,1
2024-10-15,제주,1523.4201,1523.4201,24,24,완전,448.0,23.333333333333332,21.9,25.7,78.375,2.0375,8.833333333333334,24,24,24,24,24,1
2024-10-16,제주,111.84112,111.84112,24,24,완전,448.0,22.808333333333337,21.1,25.0,74.54166666666667,2.5416666666666665,8.125,24,24,24,24,24,1
2024-10-17,제주,940.77466,940.77466,24,24,완전,448.0,23.045833333333334,21.9,24.1,76.625,3.233333333333333,8.041666666666666,24,24,24,24,24,1
2024-10-18,제주,69.097115,69.097115,24,24,완전,448.0,26.395833333333332,22.5,31.1,72.70833333333333,2.7541666666666664,6.958333333333333,24,24,24,24,24,1
2024-10-19,제주,1400.16052,1400.16052,24,24,완전,448.0,22.3625,18.3,26.2,76.29166666666667,4.925,9.916666666666666,24,24,24,24,24,1
2024-10-20,제주,52.950333,52.950333,24,24,완전,448.0,18.8125,17.4,20.0,66.33333333333333,6.316666666666666,9.666666666666666,24,24,24,24,24,1
2024-10-21,제주,752.5147,752.5147,24,24,완전,448.0,20.8375,19.2,22.3,77.04166666666667,2.920833333333333,9.75,24,24,24,24,24,1
2024-10-22,제주,73.410412,73.410412,24,24,완전,448.0,21.979166666666668,19.9,24.3,84.70833333333333,3.8541666666666665,9.5,24,24,24,24,24,1
2024-10-23,제주,2391.10868,2391.10868,24,24,완전,448.0,18.158333333333335,15.4,19.8,60.416666666666664,5.3374999999999995,6.0,24,24,24,24,24,1
2024-10-24,제주,181.017988,181.017988,24,24,완전,448.0,17.120833333333334,14.6,20.0,53.958333333333336,2.6166666666666667,1.0833333333333333,24,24,24,24,24,1
2024-10-25,제주,2669.6177,2669.6177,24,24,완전,448.0,20.995833333333337,16.4,24.8,68.95833333333333,3.545833333333333,5.083333333333333,24,24,24,24,24,1
2024-10-26,제주,38.084825,38.084825,24,24,완전,448.0,21.479166666666668,21.0,22.9,76.20833333333333,3.233333333333333,9.208333333333334,24,24,24,24,24,1
2024-10-27,제주,399.6007,399.6007,24,24,완전,448.0,19.495833333333337,18.0,21.4,81.41666666666667,2.7291666666666665,9.958333333333334,24,24,24,24,24,1
2024-10-28,제주,59.62504800000001,59.62504800000001,24,24,완전,448.0,17.966666666666665,15.6,19.0,67.20833333333333,2.8625000000000003,9.0,24,24,24,24,24,1
2024-10-29,제주,2032.678,2032.678,24,24,완전,448.0,19.270833333333332,15.9,22.7,73.79166666666667,2.9250000000000003,8.708333333333334,24,24,24,24,24,1
2024-10-30,제주,117.040979,117.040979,24,24,완전,448.0,19.683333333333337,17.6,23.0,63.75,2.8041666666666667,7.25,24,24,24,24,24,1
2024-10-31,제주,1195.55958,1195.55958,24,24,완전,448.0,20.2125,18.1,23.0,66.41666666666667,2.6791666666666667,9.458333333333334,24,24,24,24,24,1
2024-11-01,제주,2.4172390000000004,2.4172390000000004,24,24,완전,448.0,18.454166666666666,16.5,19.7,86.5,3.6791666666666663,10.0,24,24,24,24,24,1
2024-11-02,제주,1317.96104,1317.96104,24,24,완전,448.0,19.475,18.4,20.8,82.66666666666667,3.6458333333333335,7.625,24,24,24,24,24,1
2024-11-03,제주,131.19036200000002,131.19036200000002,24,24,완전,448.0,19.041666666666668,16.2,22.5,70.95833333333333,2.654166666666667,1.0416666666666667,24,24,24,24,24,1
2024-11-04,제주,1995.30602,1995.30602,24,24,완전,448.0,18.15,14.8,23.2,64.41666666666667,2.720833333333333,2.6666666666666665,24,24,24,24,24,1
2024-11-05,제주,119.868258,119.868258,24,24,완전,448.0,15.291666666666666,14.1,17.3,54.708333333333336,4.3374999999999995,6.208333333333333,24,24,24,24,24,1
2024-11-06,제주,2839.8162,2839.8162,24,24,완전,448.0,14.420833333333334,12.6,16.6,51.25,5.366666666666667,4.0,24,24,24,24,24,1
2024-11-07,제주,142.004066,142.004066,24,24,완전,448.0,13.625,9.0,17.9,60.791666666666664,2.3666666666666667,2.625,24,24,24,24,24,1
2024-11-08,제주,2097.76838,2097.76838,24,24,완전,448.0,17.458333333333332,13.9,21.4,61.416666666666664,2.3916666666666666,7.25,24,24,24,24,24,1
2024-11-09,제주,69.067092,69.067092,24,24,완전,448.0,17.933333333333334,15.7,20.1,68.58333333333333,2.725,8.291666666666666,24,24,24,24,24,1
2024-11-10,제주,408.15642,408.15642,24,24,완전,448.0,18.233333333333334,17.2,19.8,81.54166666666667,2.370833333333333,9.833333333333334,24,24,24,24,24,1
2024-11-11,제주,147.859472,147.859472,24,24,완전,448.0,17.7,14.4,21.0,69.75,1.9083333333333332,1.875,24,24,24,24,24,1
2024-11-12,제주,2725.89206,2725.89206,24,24,완전,448.0,17.337500000000002,14.2,20.8,68.83333333333333,2.4125,3.2916666666666665,24,24,24,24,24,1
2024-11-13,제주,109.97345800000001,109.97345800000001,24,24,완전,448.0,17.474999999999998,13.0,22.8,67.66666666666667,2.6458333333333335,1.0833333333333333,24,24,24,24,24,1
2024-11-14,제주,2172.28798,2172.28798,24,24,완전,448.0,18.683333333333337,15.7,23.4,66.04166666666667,2.704166666666667,5.458333333333333,24,24,24,24,24,1
2024-11-15,제주,26.001893000000003,26.001893000000003,24,24,완전,448.0,18.25,16.8,19.8,83.41666666666667,2.316666666666667,9.875,24,24,24,24,24,1
2024-11-16,제주,1357.2122,1357.2122,24,24,완전,448.0,20.470833333333335,19.0,23.1,78.83333333333333,2.725,6.833333333333333,24,24,24,24,24,1
2024-11-17,제주,128.345047,128.345047,24,24,완전,448.0,16.466666666666665,12.0,19.3,57.916666666666664,4.433333333333334,5.666666666666667,24,24,24,24,24,1
2024-11-18,제주,3152.55556,3152.55556,24,24,완전,448.0,10.341666666666669,7.9,12.2,44.666666666666664,4.929166666666666,3.5416666666666665,24,24,24,24,24,1
2024-11-19,제주,74.721417,74.721417,24,24,완전,448.0,12.4625,7.6,15.6,66.58333333333333,2.1041666666666665,8.166666666666666,24,24,24,24,24,1
2024-11-20,제주,425.57478,425.57478,24,24,완전,448.0,12.770833333333334,11.6,14.1,64.04166666666667,2.783333333333333,9.25,24,24,24,24,24,1
2024-11-21,제주,130.556184,130.556184,24,24,완전,448.0,14.5875,12.1,18.2,54.041666666666664,3.408333333333333,4.5,24,24,24,24,24,1
2024-11-22,제주,2276.94142,2276.94142,24,24,완전,448.0,13.725,11.0,16.3,51.916666666666664,4.133333333333334,3.875,24,24,24,24,24,1
2024-11-23,제주,129.42523200000002,129.42523200000002,24,24,완전,448.0,11.416666666666666,10.3,12.5,54.791666666666664,3.233333333333333,8.166666666666666,24,24,24,24,24,1
2024-11-24,제주,1386.36968,1386.36968,24,24,완전,448.0,11.466666666666669,8.9,14.5,75.66666666666667,1.6708333333333334,6.916666666666667,24,24,24,24,24,1
2024-11-25,제주,60.39146000000001,60.39146000000001,24,24,완전,448.0,15.404166666666669,13.0,17.8,65.875,3.470833333333333,7.166666666666667,24,24,24,24,24,1
2024-11-26,제주,1162.30052,1162.30052,24,24,완전,448.0,12.883333333333333,9.9,17.2,63.0,7.2,8.958333333333334,24,24,24,24,24,1
2024-11-27,제주,51.20744,51.20744,24,24,완전,448.0,9.391666666666667,7.8,11.1,57.75,8.254166666666666,9.166666666666666,24,24,24,24,24,1
2024-11-28,제주,1124.90184,1124.90184,24,24,완전,448.0,9.25,7.4,10.5,61.958333333333336,7.670833333333333,7.833333333333333,24,24,24,24,24,1
2024-11-29,제주,34.420773000000004,34.420773000000004,24,24,완전,448.0,10.416666666666666,8.4,12.4,47.958333333333336,7.641666666666667,8.75,24,24,24,24,24,1
2024-11-30,제주,2623.5162,2623.5162,24,24,완전,448.0,12.4125,9.4,15.2,49.75,4.0125,2.625,24,24,24,24,24,1
2024-12-01,제주,69.349502,69.349502,24,24,완전,450.0,12.333333333333334,8.3,17.8,52.75,2.4208333333333334,3.4166666666666665,24,24,24,24,24,1
2024-12-02,제주,2374.97864,2374.97864,24,24,완전,450.0,15.470833333333331,12.0,19.6,58.125,3.595833333333333,1.625,24,24,24,24,24,1
2024-12-03,제주,107.36068800000001,107.36068800000001,24,24,완전,450.0,10.2625,7.8,12.6,57.708333333333336,3.5541666666666667,7.291666666666667,24,24,24,24,24,1
2024-12-04,제주,2300.14122,2300.14122,24,24,완전,450.0,9.0375,5.9,12.4,49.416666666666664,3.35,5.333333333333333,24,24,24,24,24,1
2024-12-05,제주,75.790907,75.790907,24,24,완전,450.0,11.170833333333334,10.3,13.1,48.125,5.141666666666667,7.708333333333333,24,24,24,24,24,1
2024-12-06,제주,1056.64544,1056.64544,24,24,완전,450.0,11.325,8.9,13.1,47.541666666666664,4.970833333333333,7.208333333333333,24,24,24,24,24,1
2024-12-07,제주,104.698643,104.698643,24,24,완전,450.0,9.395833333333334,7.2,12.7,52.791666666666664,4.1000000000000005,6.916666666666667,24,24,24,24,24,1
2024-12-08,제주,1456.00258,1456.00258,24,24,완전,450.0,7.725,6.2,8.4,54.5,5.895833333333333,9.083333333333334,24,24,24,24,24,1
2024-12-09,제주,59.135529,59.135529,24,24,완전,450.0,8.924999999999999,6.8,10.7,55.208333333333336,3.158333333333333,8.375,24,24,24,24,24,1
2024-12-10,제주,2212.45706,2212.45706,24,24,완전,450.0,9.75,8.4,12.8,51.708333333333336,3.2916666666666665,7.166666666666667,24,24,24,24,24,1
2024-12-11,제주,52.75601800000001,52.75601800000001,24,24,완전,450.0,9.3875,8.6,11.5,55.791666666666664,3.5541666666666667,7.666666666666667,24,24,24,24,24,1
2024-12-12,제주,2442.40088,2442.40088,24,24,완전,450.0,8.7625,7.1,11.2,54.166666666666664,3.3041666666666667,5.458333333333333,24,24,24,24,24,1
2024-12-13,제주,48.055208,48.055208,24,24,완전,450.0,7.770833333333333,5.1,9.8,59.291666666666664,5.079166666666667,6.583333333333333,24,24,24,24,24,1
2024-12-14,제주,1203.43828,1203.43828,24,24,완전,450.0,7.25,6.2,8.2,51.5,6.379166666666666,8.625,24,24,24,24,24,1
2024-12-15,제주,32.149528000000004,32.149528000000004,24,24,완전,450.0,8.379166666666666,6.0,9.6,48.958333333333336,6.365217391304348,9.25,24,24,24,23,24,0
2024-12-16,제주,889.91226,889.91226,24,24,완전,450.0,9.3625,8.0,10.7,55.208333333333336,4.75,7.708333333333333,24,24,24,24,24,1
2024-12-17,제주,63.416706000000005,63.416706000000005,24,24,완전,450.0,9.691666666666666,8.3,12.2,49.458333333333336,3.4916666666666667,8.041666666666666,24,24,24,24,24,1
2024-12-18,제주,1161.15484,1161.15484,24,24,완전,450.0,6.729166666666667,5.2,8.9,58.75,6.433333333333334,9.083333333333334,24,24,24,24,24,1
2024-12-19,제주,134.13783,134.13783,24,24,완전,450.0,5.675,3.5,8.8,49.5,4.2124999999999995,5.541666666666667,24,24,24,24,24,1
2024-12-20,제주,781.98532,781.98532,24,24,완전,450.0,6.791666666666667,3.9,9.5,65.75,2.1625,8.375,24,24,24,24,24,1
2024-12-21,제주,25.692212,25.692212,24,24,완전,450.0,7.558333333333334,5.6,9.8,57.666666666666664,7.279166666666666,8.708333333333334,24,24,24,24,24,1
2024-12-22,제주,1257.2798,1257.2798,24,24,완전,450.0,5.479166666666667,4.8,5.9,53.958333333333336,5.154166666666667,8.5,24,24,24,24,24,1
2024-12-23,제주,85.07353,85.07353,24,24,완전,450.0,7.345833333333334,4.9,9.3,53.791666666666664,3.7125,7.333333333333333,24,24,24,24,24,1
2024-12-24,제주,2286.73616,2286.73616,24,24,완전,450.0,8.529166666666667,5.4,11.0,51.583333333333336,3.5541666666666667,6.166666666666667,24,24,24,24,24,1
2024-12-25,제주,79.487644,79.487644,24,24,완전,450.0,8.666666666666666,4.7,12.3,62.25,2.316666666666667,7.666666666666667,24,24,24,24,24,1
2024-12-26,제주,2150.17356,2150.17356,24,24,완전,450.0,8.991666666666667,6.2,11.0,54.291666666666664,5.3125,7.375,24,24,24,24,24,1
2024-12-27,제주,82.531109,82.531109,24,24,완전,450.0,6.845833333333334,5.9,8.1,52.0,5.604166666666667,8.75,24,24,24,24,24,1
2024-12-28,제주,1074.76384,1074.76384,24,24,완전,450.0,5.591666666666666,4.1,6.6,53.583333333333336,7.325,8.291666666666666,24,24,24,24,24,1
2024-12-29,제주,100.384134,100.384134,24,24,완전,450.0,8.0,6.5,11.5,45.333333333333336,3.5541666666666667,8.041666666666666,24,24,24,24,24,1
2024-12-30,제주,2463.34568,2463.34568,24,24,완전,450.0,9.775,6.2,14.1,53.166666666666664,3.6666666666666665,5.916666666666667,24,24,24,24,24,1
2024-12-31,제주,141.722598,141.722598,24,24,완전,450.0,8.554166666666667,5.6,10.8,50.583333333333336,4.554166666666666,4.0,24,24,24,24,24,1
